accession,species,strain,assembly_level,n_protein,dltA,dltE,dltE_len,dltE_score,dltE_s90,dltE_s110,dltE_s130,mprF_long,mprF_short,localization
GCF_003952845.1,Lactobacillus acidophilus,YT1,Complete Genome,1912,1,1,313,128.8,1,1,0,0,1,C_CYTO
GCF_003047065.1,Lactobacillus acidophilus,DSM 20079,Complete Genome,1759,1,1,313,124.3,1,1,0,0,1,C_CYTO
GCF_024397395.1,Lactobacillus acidophilus,HN017,Complete Genome,1813,1,1,313,124.3,1,1,0,0,1,C_CYTO
GCF_034298135.1,Lactobacillus acidophilus,ATCC 4356,Complete Genome,1764,1,1,313,124.3,1,1,0,0,1,C_CYTO
GCF_024665075.1,Lactobacillus acidophilus,LA-2,Complete Genome,1792,1,1,313,124.3,1,1,0,0,1,C_CYTO
GCF_020883435.1,Lactobacillus acidophilus,NC55,Complete Genome,1789,1,1,313,124.3,1,1,0,0,1,C_CYTO
GCF_025665255.1,Lactobacillus acidophilus,NC56,Complete Genome,1778,1,1,313,124.3,1,1,0,0,1,C_CYTO
GCF_030520065.1,Lactobacillus acidophilus,ATCC 9224,Complete Genome,1788,1,1,313,124.3,1,1,0,0,1,C_CYTO
GCF_032463485.1,Lactobacillus acidophilus,CICC6074,Complete Genome,1795,1,1,313,124.3,1,1,0,0,1,C_CYTO
GCF_021432145.1,Lactobacillus acidophilus,5460,Complete Genome,1793,1,1,313,124.3,1,1,0,0,1,C_CYTO
GCF_032917925.1,Lactobacillus acidophilus,LA01,Complete Genome,1789,1,1,313,124.3,1,1,0,0,1,C_CYTO
GCF_052747875.1,Lactobacillus acidophilus,LA85,Complete Genome,1795,1,1,313,124.3,1,1,0,0,1,C_CYTO
GCF_030520045.1,Lactobacillus acidophilus,ATCC 53544,Complete Genome,1791,1,1,313,124.3,1,1,0,0,1,C_CYTO
GCF_039880475.1,Lactobacillus acidophilus,NCFM,Complete Genome,1794,1,1,313,124.3,1,1,0,0,1,C_CYTO
GCF_040954475.1,Lactobacillus acidophilus,NCFM_HOWARU_Commercial,Complete Genome,1793,1,1,313,124.3,1,1,0,0,1,C_CYTO
GCF_056270425.1,Lactobacillus acidophilus,LA120,Complete Genome,1790,1,1,313,124.3,1,1,0,0,1,C_CYTO
GCF_013342945.1,Lactobacillus acidophilus,LA-G80-111,Complete Genome,1791,1,1,313,124.3,1,1,0,0,1,C_CYTO
GCF_024665555.1,Lactobacillus acidophilus,LA-5,Complete Genome,1793,1,1,313,124.3,1,1,0,0,1,C_CYTO
GCF_000934625.1,Lactobacillus acidophilus,FSI4,Complete Genome,1789,1,1,313,124.3,1,1,0,0,1,C_CYTO
GCF_002286215.1,Lactobacillus acidophilus,LA1,Complete Genome,1790,1,1,313,124.3,1,1,0,0,1,C_CYTO
GCF_051397015.1,Lactobacillus acidophilus,SLAM_LAA02,Complete Genome,1790,1,1,313,124.3,1,1,0,0,1,C_CYTO
GCF_002224305.1,Lactobacillus acidophilus,ATCC 53544,Complete Genome,1782,1,1,313,124.3,1,1,0,0,1,C_CYTO
GCF_046529775.1,Lactobacillus acidophilus,C4,Complete Genome,1787,1,1,313,124.3,1,1,0,0,1,C_CYTO
GCF_000389675.2,Lactobacillus acidophilus La-14,La-14,Complete Genome,1782,1,1,313,124.3,1,1,0,0,1,C_CYTO
GCF_033569435.1,Lactobacillus acidophilus,P42,Complete Genome,1793,1,1,313,124.3,1,1,0,0,1,C_CYTO
GCF_052907325.1,Lactobacillus acidophilus,NCU402,Complete Genome,1754,1,1,313,124.3,1,1,0,0,1,C_CYTO
GCF_000011985.1,Lactobacillus acidophilus NCFM,NCFM,Complete Genome,1770,1,1,313,124.3,1,1,0,0,1,C_CYTO
GCF_030369715.1,Lactobacillus acidophilus,W626,Complete Genome,1756,1,1,313,124.3,1,1,0,0,1,C_CYTO
GCF_001433895.1,Lactobacillus acidophilus DSM 20079 = JCM 1132 = NBRC 13951 = CIP 76.13,DSM 20079,Scaffold,1750,1,1,313,124.3,1,1,0,0,1,C_CYTO
GCF_045269835.1,Lactobacillus acidophilus,MRD044,Chromosome,1763,1,1,313,124.3,1,1,0,0,1,C_CYTO
GCF_000786395.1,Lactobacillus acidophilus,ATCC 4356,Contig,1745,1,1,313,124.3,1,1,0,0,1,C_CYTO
GCF_001591845.1,Lactobacillus acidophilus DSM 20079 = JCM 1132 = NBRC 13951 = CIP 76.13,NBRC 13951,Contig,1760,1,1,313,124.3,1,1,0,0,1,C_CYTO
GCF_002914945.1,Lactobacillus acidophilus,BA05,Contig,1787,1,1,313,124.3,1,1,0,0,1,C_CYTO
GCF_000469705.1,Lactobacillus acidophilus DSM 20079 = JCM 1132 = NBRC 13951 = CIP 76.13,CIP 76.13,Scaffold,1763,1,1,313,124.3,1,1,0,0,1,C_CYTO
GCF_001868765.1,Lactobacillus acidophilus,KLDS 1.0901,Scaffold,1775,1,1,313,124.3,1,1,0,0,1,C_CYTO
GCF_029334915.1,Lactobacillus acidophilus,MehediL2,Contig,1789,1,1,313,124.3,1,1,0,0,1,C_CYTO
GCF_058147065.1,Lactobacillus acidophilus,A2,Contig,1787,1,1,313,124.3,1,1,0,0,1,C_CYTO
GCF_017009725.1,Lactobacillus acidophilus,LA1063,Contig,1802,1,1,313,125.3,1,1,0,0,1,C_CYTO
GCF_049070585.1,Lactobacillus acidophilus,DS0557,Scaffold,1786,1,1,313,124.3,1,1,0,0,1,C_CYTO
GCF_017009605.1,Lactobacillus acidophilus,BCRC 16099,Contig,1787,1,1,313,124.3,1,1,0,0,1,C_CYTO
GCF_017009715.1,Lactobacillus acidophilus,La-5,Contig,1786,1,1,313,124.3,1,1,0,0,1,C_CYTO
GCF_058148475.1,Lactobacillus acidophilus,A3,Contig,1791,1,1,313,124.3,1,1,0,0,1,C_CYTO
GCF_965136345.1,Lactobacillus acidophilus,CIP103601,Scaffold,1811,1,1,313,124.3,1,1,0,0,1,C_CYTO
GCF_025495965.1,Lactobacillus acidophilus,CUL21B,Contig,1828,1,1,313,124.3,1,1,0,0,1,C_CYTO
GCF_017009515.1,Lactobacillus acidophilus,BCRC 14065,Contig,1790,1,1,313,124.3,1,1,0,0,1,C_CYTO
GCF_050573395.1,Lactobacillus acidophilus,WGS-8,Scaffold,1783,1,1,313,124.3,1,1,0,0,1,C_CYTO
GCF_017009595.1,Lactobacillus acidophilus,BCRC 17008,Contig,1786,1,1,313,124.3,1,1,0,0,1,C_CYTO
GCF_033598375.1,Lactobacillus acidophilus,NSL,Scaffold,1797,1,1,313,124.3,1,1,0,0,1,C_CYTO
GCF_027672145.1,Lactobacillus acidophilus,AM18-13,Scaffold,1794,1,1,313,124.3,1,1,0,0,1,C_CYTO
GCF_003053135.1,Lactobacillus acidophilus,DS24_1,Contig,1795,1,1,313,124.3,1,1,0,0,1,C_CYTO
GCF_040925285.1,Lactobacillus acidophilus,RTP21277st1_B3_RTP21277_210401,Scaffold,1789,1,1,313,124.3,1,1,0,0,1,C_CYTO
GCF_037996565.1,Lactobacillus acidophilus,ATA-LAP1201,Scaffold,1831,1,1,313,124.3,1,1,0,0,1,C_CYTO
GCF_036347815.1,Lactobacillus acidophilus,MCC 0241,Contig,1786,1,1,313,124.3,1,1,0,0,1,C_CYTO
GCF_046940125.1,Lactobacillus acidophilus,SBS-CC-2136,Scaffold,1748,1,1,313,124.3,1,1,0,0,1,C_CYTO
GCF_003061965.1,Lactobacillus acidophilus,DS13_1A,Contig,1791,1,1,313,124.3,1,1,0,0,1,C_CYTO
GCF_037996485.1,Lactobacillus acidophilus,ATA-LTC-La060301,Scaffold,1854,1,1,313,124.3,1,1,0,0,1,C_CYTO
GCF_017009655.1,Lactobacillus acidophilus,BCRC 17481,Contig,1801,1,1,313,125.3,1,1,0,0,1,C_CYTO
GCF_003062045.1,Lactobacillus acidophilus,DS1_1A,Contig,1799,1,1,313,124.3,1,1,0,0,1,C_CYTO
GCF_002406675.1,Lactobacillus acidophilus,P2,Contig,1917,1,1,313,124.3,1,1,0,0,1,C_CYTO
GCF_027672405.1,Lactobacillus acidophilus,AM13-1,Scaffold,1781,1,1,313,124.3,1,1,0,0,1,C_CYTO
GCF_040785195.1,Lactobacillus acidophilus,gbc_A,Scaffold,1791,1,1,313,124.3,1,1,0,0,1,C_CYTO
GCF_003061905.1,Lactobacillus acidophilus,DS13_1B,Contig,1790,1,1,313,124.3,1,1,0,0,1,C_CYTO
GCF_017009695.1,Lactobacillus acidophilus,BCRC 80064,Contig,1786,1,1,313,124.3,1,1,0,0,1,C_CYTO
GCF_003062025.1,Lactobacillus acidophilus,DS11_1A,Contig,1796,1,1,313,124.3,1,1,0,0,1,C_CYTO
GCF_003061985.1,Lactobacillus acidophilus,DS5_1A,Contig,1791,1,1,313,124.3,1,1,0,0,1,C_CYTO
GCF_009741835.1,Lactobacillus acidophilus,LA_AVK2,Contig,1738,1,1,313,124.3,1,1,0,0,1,C_CYTO
GCF_017009485.1,Lactobacillus acidophilus,BCRC 12255,Contig,1791,1,1,313,124.3,1,1,0,0,1,C_CYTO
GCF_036350535.1,Lactobacillus acidophilus,MCC 0257,Contig,1787,1,1,313,124.3,1,1,0,0,1,C_CYTO
GCF_013867605.1,Lactobacillus acidophilus,s-13,Contig,1786,1,1,313,124.3,1,1,0,0,1,C_CYTO
GCF_017009575.1,Lactobacillus acidophilus,BCRC 16092,Contig,1752,1,1,313,124.3,1,1,0,0,1,C_CYTO
GCF_003061925.1,Lactobacillus acidophilus,DS9_1A,Contig,1794,1,1,313,124.3,1,1,0,0,1,C_CYTO
GCF_017695935.1,Lactobacillus acidophilus,APC2845,Contig,1792,1,1,313,124.3,1,1,0,0,1,C_CYTO
GCF_009742735.1,Lactobacillus acidophilus,LA_AVK1,Contig,1741,1,1,313,124.3,1,1,0,0,1,C_CYTO
GCF_003061885.1,Lactobacillus acidophilus,DS20_1,Contig,1794,1,1,313,124.3,1,1,0,0,1,C_CYTO
GCF_025194665.1,Lactobacillus acidophilus,CIRM-BIA 437,Contig,1781,1,1,313,124.3,1,1,0,0,1,C_CYTO
GCF_017009475.1,Lactobacillus acidophilus,BCRC 14079,Contig,1774,1,1,313,124.3,1,1,0,0,1,C_CYTO
GCF_008868625.1,Lactobacillus acidophilus,BIO6307,Contig,1795,1,1,313,124.3,1,1,0,0,1,C_CYTO
GCF_022509485.1,Lactobacillus acidophilus,QAULAN51,Scaffold,1754,1,1,313,124.3,1,1,0,0,1,C_CYTO
GCF_025194825.1,Lactobacillus acidophilus,CIRM-BIA 442,Contig,1780,1,1,313,124.3,1,1,0,0,1,C_CYTO
GCF_013867555.1,Lactobacillus acidophilus,s-4,Scaffold,1755,1,1,313,124.3,1,1,0,0,1,C_CYTO
GCF_025194805.1,Lactobacillus acidophilus,CIRM-BIA 443,Contig,1810,1,1,313,124.3,1,1,0,0,1,C_CYTO
GCF_003053245.1,Lactobacillus acidophilus,DS10_1A,Contig,1795,1,1,313,124.3,1,1,0,0,1,C_CYTO
GCF_025194925.1,Lactobacillus acidophilus,CIRM-BIA 445,Contig,1795,1,1,313,124.3,1,1,0,0,1,C_CYTO
GCF_003641085.1,Lactobacillus acidophilus,UBLA-34,Contig,1773,1,1,313,124.3,1,1,0,0,1,C_CYTO
GCF_025194705.1,Lactobacillus acidophilus,CIRM-BIA 903,Contig,1794,1,1,313,124.3,1,1,0,0,1,C_CYTO
GCF_023093425.1,Lactobacillus acidophilus,PB2021-BA04,Contig,1766,1,1,313,124.3,1,1,0,0,1,C_CYTO
GCF_051388835.1,Lactobacillus acidophilus,CCFM137,Contig,1754,1,1,313,124.3,1,1,0,0,1,C_CYTO
GCF_003061945.1,Lactobacillus acidophilus,DS8_1A,Contig,1792,1,1,313,124.3,1,1,0,0,1,C_CYTO
GCF_021229035.1,Lactobacillus acidophilus,NBIMCC 8242 (180),Scaffold,1783,1,1,313,124.3,1,1,0,0,1,C_CYTO
GCF_025194725.1,Lactobacillus acidophilus,CIRM-BIA 904,Contig,1756,1,1,313,124.3,1,1,0,0,1,C_CYTO
GCF_040883405.1,Lactobacillus acidophilus,AM-LA-19,Contig,1772,1,1,313,124.3,1,1,0,0,1,C_CYTO
GCF_025194685.1,Lactobacillus acidophilus,CIRM-BIA 1674,Contig,1761,1,1,313,124.3,1,1,0,0,1,C_CYTO
GCF_051388555.1,Lactobacillus acidophilus,JCM-1132,Contig,1751,1,1,313,124.3,1,1,0,0,1,C_CYTO
GCF_025194905.1,Lactobacillus acidophilus,CIRM-BIA 448,Contig,1781,1,1,313,124.3,1,1,0,0,1,C_CYTO
GCF_017009585.1,Lactobacillus acidophilus,BCRC 17486,Contig,1762,1,1,313,124.3,1,1,0,0,1,C_CYTO
GCF_025194875.1,Lactobacillus acidophilus,CIRM-BIA 446,Contig,1792,1,1,313,124.3,1,1,0,0,1,C_CYTO
GCF_027690645.1,Lactobacillus acidophilus,TF07-26,Scaffold,1783,1,1,313,124.3,1,1,0,0,1,C_CYTO
GCF_027659195.1,Lactobacillus acidophilus,AM104-61,Scaffold,1789,1,1,313,124.3,1,1,0,0,1,C_CYTO
GCF_027660185.1,Lactobacillus acidophilus,AM102-109,Scaffold,1783,1,1,313,124.3,1,1,0,0,1,C_CYTO
GCF_027659185.1,Lactobacillus acidophilus,AM104-58,Scaffold,1786,1,1,313,124.3,1,1,0,0,1,C_CYTO
GCF_051388695.1,Lactobacillus acidophilus,CCFM-720,Contig,1764,1,1,313,124.3,1,1,0,0,1,C_CYTO
GCF_027660125.1,Lactobacillus acidophilus,AM102-112,Scaffold,1785,1,1,313,124.3,1,1,0,0,1,C_CYTO
GCF_025194645.1,Lactobacillus acidophilus,CIRM-BIA 444,Contig,2048,1,1,313,128.9,1,1,0,0,1,C_CYTO
GCF_027687975.1,Lactobacillus acidophilus,AF05-37B,Scaffold,1785,1,1,313,124.3,1,1,0,0,1,C_CYTO
GCF_027659735.1,Lactobacillus acidophilus,AM102-83,Scaffold,1786,1,1,313,124.3,1,1,0,0,1,C_CYTO
GCF_902386525.1,Lactobacillus acidophilus,-,Scaffold,1799,1,1,313,124.3,1,1,0,0,1,C_CYTO
GCF_058732045.1,Lactobacillus acidophilus,PM-A0002,Contig,1983,1,1,313,124.3,1,1,0,0,1,C_CYTO
GCF_001950045.1,Lactobacillus acidophilus,L-55,Scaffold,1799,1,1,313,124.3,1,1,0,0,1,C_CYTO
GCF_025194775.1,Lactobacillus acidophilus,CIRM-BIA 2087,Contig,1802,1,1,313,124.3,1,1,0,0,1,C_CYTO
GCF_027662945.1,Lactobacillus acidophilus,AM04S-70,Scaffold,1794,1,1,313,124.3,1,1,0,0,1,C_CYTO
GCF_018252545.1,Lactobacillus acidophilus,LA-G80,Contig,1793,1,1,313,124.3,1,1,0,0,1,C_CYTO
GCF_025194745.1,Lactobacillus acidophilus,CIRM-BIA 902,Contig,1792,1,1,313,124.3,1,1,0,0,1,C_CYTO
GCF_051388435.1,Lactobacillus acidophilus,FFJND7L5,Contig,1837,1,1,313,124.3,1,1,0,0,1,C_CYTO
GCF_025194765.1,Lactobacillus acidophilus,CIRM-BIA 441,Contig,1806,1,1,313,125.3,1,1,0,0,1,C_CYTO
GCF_027692675.1,Lactobacillus acidophilus,OF38-15pH5,Scaffold,1788,1,1,313,124.3,1,1,0,0,1,C_CYTO
GCF_027660295.1,Lactobacillus acidophilus,AM102-77,Scaffold,1785,1,1,313,124.3,1,1,0,0,1,C_CYTO
GCF_025194845.1,Lactobacillus acidophilus,CIRM-BIA 447,Contig,2048,1,1,313,128.9,1,1,0,0,1,C_CYTO
GCF_051388395.1,Lactobacillus acidophilus,FFJND6L5,Contig,1793,1,1,313,124.3,1,1,0,0,1,C_CYTO
GCF_051388755.1,Lactobacillus acidophilus,FAHWH11L56,Contig,1792,1,1,313,124.3,1,1,0,0,1,C_CYTO
GCF_027680805.1,Lactobacillus acidophilus,AF75-02b14,Scaffold,1786,1,1,313,124.3,1,1,0,0,1,C_CYTO
GCF_027690935.1,Lactobacillus acidophilus,TF04-11-1,Scaffold,1783,1,1,313,124.3,1,1,0,0,1,C_CYTO
GCF_040925255.1,Lactobacillus acidophilus,RTP21277st1_G1_RTP21277_210401,Scaffold,1783,1,1,313,124.3,1,1,0,0,0,C_CYTO
GCF_051388795.1,Lactobacillus acidophilus,FNMGHHHT12L40,Contig,1798,1,1,313,124.3,1,1,0,0,1,C_CYTO
GCF_003062005.1,Lactobacillus acidophilus,DS2_1A,Contig,1830,1,1,313,124.3,1,1,0,0,1,C_CYTO
GCF_000442865.1,Lactobacillus acidophilus CIRM-BIA 442,CIRM-BIA 442,Contig,1782,1,1,313,124.3,1,1,0,0,1,C_CYTO
GCF_051388655.1,Lactobacillus acidophilus,FCQHC4LH1,Contig,1793,1,1,313,124.3,1,1,0,0,1,C_CYTO
GCF_027689875.1,Lactobacillus acidophilus,TM02-12,Scaffold,1783,1,1,313,124.3,1,1,0,0,1,C_CYTO
GCF_025194865.1,Lactobacillus acidophilus,CIRM-BIA 439,Contig,2015,1,1,313,124.3,1,1,0,0,1,C_CYTO
GCF_000159715.1,Lactobacillus acidophilus ATCC 4796,ATCC 4796,Scaffold,1774,1,1,313,124.3,1,1,0,0,1,C_CYTO
GCF_001639165.1,Lactobacillus acidophilus,WG-LB-IV,Contig,1792,1,1,313,124.3,1,1,0,0,1,C_CYTO
GCF_000469765.1,Lactobacillus acidophilus CIRM-BIA 445,CIRM-BIA 445,Scaffold,1796,1,1,313,124.3,1,1,0,0,1,C_CYTO
GCF_027660145.1,Lactobacillus acidophilus,AM102-110,Scaffold,1785,1,1,313,124.3,1,1,0,0,1,C_CYTO
GCF_020042125.1,Lactobacillus crispatus,Lc1226,Complete Genome,2287,1,1,313,127.7,1,1,0,0,1,C_CYTO
GCF_051388635.1,Lactobacillus acidophilus,FXJSW24L139,Contig,1970,1,1,313,124.3,1,1,0,0,1,C_CYTO
GCF_018987235.1,Lactobacillus crispatus,ATCC 33820,Complete Genome,1900,1,1,313,127.7,1,1,0,0,1,C_CYTO
GCF_027684755.1,Lactobacillus acidophilus,AF16-5LB,Scaffold,1780,1,1,313,124.3,1,1,0,0,1,C_CYTO
GCF_060175805.1,Lactobacillus crispatus,PID162_5a,Complete Genome,2263,1,1,313,127.7,1,1,0,0,1,C_CYTO
GCF_000469745.1,Lactobacillus acidophilus DSM 9126,DSM 9126,Scaffold,1809,1,1,313,124.3,1,1,0,0,1,C_CYTO
GCF_060176015.1,Lactobacillus crispatus,PID162_2a,Complete Genome,2263,1,1,313,127.7,1,1,0,0,1,C_CYTO
GCF_000442825.1,Lactobacillus acidophilus DSM 20242,DSM 20242,Contig,1815,1,1,313,124.3,1,1,0,0,1,C_CYTO
GCF_029011495.1,Lactobacillus crispatus,VSI21,Complete Genome,2247,1,1,313,127.7,1,1,0,0,1,C_CYTO
GCF_009769205.1,Lactobacillus crispatus,DC21.1,Complete Genome,1875,1,1,313,130.4,1,1,1,0,1,C_CYTO
GCF_060176055.1,Lactobacillus crispatus,PID173_5a,Complete Genome,2218,1,1,313,127.7,1,1,0,0,1,C_CYTO
GCF_000497795.1,Lactobacillus acidophilus CFH,CFH,Contig,1819,1,1,313,124.3,1,1,0,0,1,C_CYTO
GCF_055449755.1,Lactobacillus crispatus,C0428A2,Complete Genome,2201,1,1,313,127.7,1,1,0,0,1,C_CYTO
GCF_060175895.1,Lactobacillus crispatus,PID41D4,Complete Genome,2302,1,1,313,127.7,1,1,0,0,1,C_CYTO
GCF_060176275.1,Lactobacillus crispatus,PID182_3a,Complete Genome,2158,1,1,313,127.7,1,1,0,0,1,C_CYTO
GCF_060176145.1,Lactobacillus crispatus,PID173_1a,Complete Genome,2295,1,1,313,127.7,1,1,0,0,1,C_CYTO
GCF_057626535.1,Lactobacillus crispatus,CCUG 44500,Complete Genome,2069,1,1,313,130.4,1,1,1,0,1,C_CYTO
GCF_027271175.1,Lactobacillus crispatus,Lcr-MH175,Complete Genome,2256,1,1,313,127.7,1,1,0,0,1,C_CYTO
GCF_048541565.1,Lactobacillus crispatus,M247_Siena,Complete Genome,2011,1,1,313,127.7,1,1,0,0,1,C_CYTO
GCF_060176215.1,Lactobacillus crispatus,PID153_1a,Complete Genome,2239,1,1,313,127.7,1,1,0,0,1,C_CYTO
GCF_003971565.1,Lactobacillus crispatus,AB70,Complete Genome,2152,1,1,313,127.7,1,1,0,0,1,C_CYTO
GCF_029011595.1,Lactobacillus crispatus,VSI17,Complete Genome,2092,1,1,313,127.7,1,1,0,0,1,C_CYTO
GCF_059982895.1,Lactobacillus crispatus,KCTC16068BP,Complete Genome,2163,1,1,313,127.7,1,1,0,0,1,C_CYTO
GCF_060176095.1,Lactobacillus crispatus,PID32_D1,Complete Genome,2201,1,1,313,127.7,1,1,0,0,1,C_CYTO
GCF_029011765.1,Lactobacillus crispatus,VSI08,Complete Genome,2063,1,1,313,126.5,1,1,0,0,1,C_CYTO
GCF_060175975.1,Lactobacillus crispatus,PID40_D9,Complete Genome,2196,1,1,313,127.7,1,1,0,0,1,C_CYTO
GCF_003795065.1,Lactobacillus crispatus,CO3MRSI1,Complete Genome,2000,1,1,313,127.7,1,1,0,0,1,C_CYTO
GCF_016767795.1,Lactobacillus crispatus,PRL2021,Complete Genome,2032,1,1,313,127.7,1,1,0,0,1,C_CYTO
GCF_029011155.1,Lactobacillus crispatus,VSI04,Complete Genome,1994,1,1,313,127.7,1,1,0,0,1,C_CYTO
GCF_020887095.1,Lactobacillus crispatus,KT-11,Complete Genome,2151,1,1,313,127.7,1,1,0,0,1,C_CYTO
GCF_009730275.1,Lactobacillus crispatus,FDAARGOS_743,Complete Genome,2060,1,1,313,127.7,1,1,0,0,1,C_CYTO
GCF_050916105.1,Lactobacillus crispatus,Mu5,Complete Genome,2022,1,1,313,127.7,1,1,0,0,1,C_CYTO
GCF_029011475.1,Lactobacillus crispatus,VSI24,Complete Genome,1988,1,1,313,127.7,1,1,0,0,1,C_CYTO
GCF_020042225.1,Lactobacillus crispatus,Lc116,Complete Genome,2183,1,1,313,127.7,1,1,0,0,1,C_CYTO
GCF_013487905.1,Lactobacillus crispatus,1D,Complete Genome,2210,1,1,313,127.2,1,1,0,0,1,C_CYTO
GCF_021278925.1,Lactobacillus crispatus,lc83,Complete Genome,2043,1,1,313,127.6,1,1,0,0,1,C_CYTO
GCF_050705815.1,Lactobacillus crispatus,VHProbi E04,Complete Genome,1952,1,1,313,126.4,1,1,0,0,1,C_CYTO
GCF_026740115.1,Lactobacillus crispatus,M247,Complete Genome,2020,1,1,313,127.7,1,1,0,0,1,C_CYTO
GCF_051201735.1,Lactobacillus crispatus,NVM146S01,Complete Genome,2124,1,1,313,127.7,1,1,0,0,1,C_CYTO
GCF_009933525.1,Lactobacillus crispatus,C25,Complete Genome,2124,1,1,313,123.3,1,1,0,0,1,C_CYTO
GCF_013456995.1,Lactobacillus crispatus,B4,Complete Genome,1876,1,1,313,122.5,1,1,0,0,1,C_CYTO
GCF_021278945.1,Lactobacillus crispatus,lc31,Complete Genome,2082,1,1,313,127.7,1,1,0,0,1,C_CYTO
GCF_018885325.1,Lactobacillus crispatus,PMC201,Complete Genome,2138,1,1,313,127.7,1,1,0,0,1,C_CYTO
GCF_056645035.1,Lactobacillus crispatus,LW,Complete Genome,1926,1,1,313,127.7,1,1,0,0,1,C_CYTO
GCF_000091765.1,Lactobacillus crispatus ST1,ST1,Chromosome,1875,1,1,313,127.7,1,1,0,0,1,C_CYTO
GCF_053592775.1,Lactobacillus crispatus,SCHT001,Complete Genome,2029,1,1,313,127.7,1,1,0,0,1,C_CYTO
GCF_047782765.1,Lactobacillus crispatus,T31e,Complete Genome,2004,1,1,313,123.3,1,1,0,0,1,C_CYTO
GCF_045271605.1,Lactobacillus crispatus,MRD6003,Chromosome,1867,1,1,313,127.7,1,1,0,0,1,C_CYTO
GCF_040428525.1,Lactobacillus crispatus,0421_295_1_1_MRS1,Contig,2302,1,1,313,127.7,1,1,0,0,1,C_CYTO
GCF_058114825.1,Lactobacillus crispatus,CU1,Complete Genome,1890,1,1,313,127.7,1,1,0,0,1,C_CYTO
GCF_054331735.1,Lactobacillus crispatus,Ch49b,Complete Genome,1853,1,1,313,123.0,1,1,0,0,1,C_CYTO
GCF_001434005.1,Lactobacillus crispatus DSM 20584 = JCM 1185 = ATCC 33820,DSM 20584,Scaffold,1896,1,1,313,127.7,1,1,0,0,1,C_CYTO
GCF_978019505.1,Lactobacillus crispatus,RL30,Contig,2224,1,1,313,127.7,1,1,0,0,1,C_CYTO
GCF_054331675.1,Lactobacillus crispatus,Ch40c,Complete Genome,1869,1,1,313,129.6,1,1,0,0,1,C_CYTO
GCF_000466885.3,Lactobacillus crispatus 2029,2029,Complete Genome,2261,1,1,313,127.7,1,1,0,0,1,C_CYTO
GCF_964656035.1,Lactobacillus crispatus,-,Contig,2158,1,1,313,127.7,1,1,0,0,1,C_CYTO
GCF_978019515.1,Lactobacillus crispatus,RL28,Contig,2080,1,1,313,127.7,1,1,0,0,1,C_CYTO
GCF_002088015.1,Lactobacillus crispatus,ATCC 33820,Scaffold,1893,1,1,313,127.7,1,1,0,0,1,C_CYTO
GCF_008694755.1,Lactobacillus crispatus,NCK2488,Contig,1924,1,1,313,127.7,1,1,0,0,1,C_CYTO
GCF_978019475.1,Lactobacillus crispatus,RL09,Contig,2143,1,1,313,127.7,1,1,0,0,1,C_CYTO
GCF_040428755.1,Lactobacillus crispatus,197_Q4_a,Contig,2007,1,1,313,127.7,1,1,0,0,1,C_CYTO
GCF_040428515.1,Lactobacillus crispatus,0795_578_1_1_MRS1,Contig,2260,1,1,313,127.7,1,1,0,0,1,C_CYTO
GCF_964656025.1,Lactobacillus crispatus,-,Contig,2166,1,1,313,127.7,1,1,0,0,1,C_CYTO
GCF_040428725.1,Lactobacillus crispatus,197_Q2_b2,Contig,2062,1,1,313,127.7,1,1,0,0,1,C_CYTO
GCF_040428645.1,Lactobacillus crispatus,415_F3_2,Contig,2177,1,1,313,127.7,1,1,0,0,1,C_CYTO
GCF_978019535.1,Lactobacillus crispatus,RL30 substr. S27,Contig,2222,1,1,313,127.7,1,1,0,0,1,C_CYTO
GCF_978019525.1,Lactobacillus crispatus,RL30 substr. S11,Contig,2219,1,1,313,127.7,1,1,0,0,1,C_CYTO
GCF_040428575.1,Lactobacillus crispatus,0422_293_1_1_MRS10,Contig,2171,1,1,313,127.7,1,1,0,0,1,C_CYTO
GCF_016162005.1,Lactobacillus crispatus,LB67,Contig,1852,1,1,313,123.3,1,1,0,0,1,C_CYTO
GCF_964656045.1,Lactobacillus crispatus,-,Contig,2040,1,1,313,127.7,1,1,0,0,1,C_CYTO
GCF_040428475.1,Lactobacillus crispatus,JV-V01,Contig,2039,1,1,313,127.7,1,1,0,0,1,C_CYTO
GCF_009857395.1,Lactobacillus crispatus,Indica2,Contig,2058,1,1,313,123.8,1,1,0,0,1,C_CYTO
GCF_965135635.1,Lactobacillus crispatus,CIP103602,Scaffold,2089,1,1,313,125.6,1,1,0,0,1,C_CYTO
GCF_008694205.1,Lactobacillus crispatus,NCK971,Contig,2022,1,1,313,124.4,1,1,0,0,1,C_CYTO
GCF_001567095.1,Lactobacillus crispatus,JCM 5810,Contig,1899,1,1,313,126.5,1,1,0,0,1,C_CYTO
GCF_007713895.1,Lactobacillus crispatus,NCK1350,Contig,1938,1,1,313,125.2,1,1,0,0,1,C_CYTO
GCF_033803945.1,Lactobacillus crispatus,UMB6035,Contig,1930,1,1,313,125.2,1,1,0,0,1,C_CYTO
GCF_038001365.1,Lactobacillus crispatus,LMG 11415,Contig,1913,1,1,313,129.5,1,1,0,0,1,C_CYTO
GCF_040428585.1,Lactobacillus crispatus,233,Contig,2264,1,1,313,127.4,1,1,0,0,1,C_CYTO
GCF_033803925.1,Lactobacillus crispatus,UMB6018,Contig,1985,1,1,313,125.2,1,1,0,0,1,C_CYTO
GCF_056682355.1,Lactobacillus crispatus,AC 3.3,Contig,1944,1,1,313,130.4,1,1,1,0,1,C_CYTO
GCF_059026465.1,Lactobacillus crispatus,TRM9,Scaffold,2023,1,0,,,1,0,0,0,1,D_dltE_absent
GCF_016162105.1,Lactobacillus crispatus,LB65,Contig,1963,1,1,313,127.5,1,1,0,0,1,C_CYTO
GCF_014982905.1,Lactobacillus crispatus,DSM 108970,Contig,1807,1,1,313,125.6,1,1,0,0,1,C_CYTO
GCF_016162045.1,Lactobacillus crispatus,LB66,Contig,1922,1,1,313,128.3,1,1,0,0,1,C_CYTO
GCF_033803605.1,Lactobacillus crispatus,UMB5393,Contig,1932,1,1,313,125.2,1,1,0,0,1,C_CYTO
GCF_001704465.1,Lactobacillus crispatus,C25,Contig,2211,1,1,313,123.3,1,1,0,0,1,C_CYTO
GCF_016162055.1,Lactobacillus crispatus,LB64,Contig,1899,1,1,313,123.9,1,1,0,0,1,C_CYTO
GCF_015669875.1,Lactobacillus crispatus,D31t1_170403_E4,Scaffold,2141,1,1,314,116.6,1,1,0,0,1,C_CYTO
GCF_033803985.1,Lactobacillus crispatus,UMB6021,Contig,1928,1,1,313,125.2,1,1,0,0,1,C_CYTO
GCF_033803625.1,Lactobacillus crispatus,UMB5409,Contig,1930,1,1,313,125.2,1,1,0,0,1,C_CYTO
GCF_025194115.1,Lactobacillus crispatus,CIRM-BIA 523,Contig,2091,1,1,313,125.6,1,1,0,0,1,C_CYTO
GCF_014654865.1,Lactobacillus crispatus,BC5,Contig,1935,1,1,313,127.6,1,1,0,0,1,C_CYTO
GCF_056682435.1,Lactobacillus crispatus,AL 3.3,Contig,1944,1,1,313,130.4,1,1,1,0,1,C_CYTO
GCF_056682395.1,Lactobacillus crispatus,AL 3.1,Contig,1946,1,1,313,130.4,1,1,1,0,1,C_CYTO
GCF_051371325.1,Lactobacillus crispatus,HC689,Scaffold,2033,1,1,313,124.2,1,1,0,0,1,C_CYTO
GCF_012843585.1,Lactobacillus crispatus,WCA-383-APC-5E,Contig,1811,1,1,313,125.6,1,1,0,0,1,C_CYTO
GCF_019278055.1,Lactobacillus crispatus,8.2,Contig,2089,1,1,313,124.1,1,1,0,0,1,C_CYTO
GCF_002218765.1,Lactobacillus crispatus,UMNLC5,Contig,1907,1,1,313,131.9,1,1,1,0,1,C_CYTO
GCF_019278105.1,Lactobacillus crispatus,5.1,Contig,2089,1,1,313,124.1,1,1,0,0,1,C_CYTO
GCF_055451175.1,Lactobacillus crispatus,C0248E5,Contig,1915,1,1,313,130.4,1,1,1,0,1,C_CYTO
GCF_030212645.1,Lactobacillus crispatus,UMB9873,Contig,1982,1,1,313,123.8,1,1,0,0,1,C_CYTO
GCF_032376685.1,Lactobacillus crispatus,UMB4356,Contig,1930,1,1,313,125.2,1,1,0,0,1,C_CYTO
GCF_002218695.1,Lactobacillus crispatus,UMNLC6,Scaffold,1936,1,1,313,131.9,1,1,1,0,1,C_CYTO
GCF_008694845.1,Lactobacillus crispatus,NCK974,Contig,1997,1,1,313,128.3,1,1,0,0,1,C_CYTO
GCF_055451235.1,Lactobacillus crispatus,C0248E3,Contig,1915,1,1,313,130.4,1,1,1,0,1,C_CYTO
GCF_055451255.1,Lactobacillus crispatus,C0248E2,Contig,1912,1,1,313,130.4,1,1,1,0,1,C_CYTO
GCF_055451215.1,Lactobacillus crispatus,C0248E1,Contig,1914,1,1,313,130.4,1,1,1,0,1,C_CYTO
GCF_002218855.1,Lactobacillus crispatus,UMNLC12,Scaffold,1963,1,1,313,131.9,1,1,1,0,1,C_CYTO
GCF_002811165.1,Lactobacillus crispatus,DISK12,Scaffold,2490,1,1,313,119.3,1,1,0,0,0,C_CYTO
GCF_019278135.1,Lactobacillus crispatus,7.2,Contig,2090,1,1,313,124.1,1,1,0,0,1,C_CYTO
GCF_056682515.1,Lactobacillus crispatus,AL 3.4,Contig,1949,1,1,313,130.4,1,1,1,0,1,C_CYTO
GCF_008694935.1,Lactobacillus crispatus,NCK967,Contig,1812,1,1,313,128.3,1,1,0,0,1,C_CYTO
GCF_002218655.1,Lactobacillus crispatus,UMNLC4,Contig,1913,1,1,313,126.4,1,1,0,0,1,C_CYTO
GCF_008694885.1,Lactobacillus crispatus,NCK972,Contig,1815,1,1,313,128.3,1,1,0,0,1,C_CYTO
GCF_002218925.1,Lactobacillus crispatus,UMNLC16,Scaffold,2067,1,1,313,131.9,1,1,1,0,1,C_CYTO
GCF_002218805.1,Lactobacillus crispatus,UMNLC10,Contig,1946,1,1,313,131.9,1,1,1,0,1,C_CYTO
GCF_056682495.1,Lactobacillus crispatus,AC 3.1,Contig,1948,1,1,313,130.4,1,1,1,0,1,C_CYTO
GCF_051370545.1,Lactobacillus crispatus,HC997,Scaffold,2037,1,1,313,126.0,1,1,0,0,1,C_CYTO
GCF_008694925.1,Lactobacillus crispatus,NCK969,Contig,2063,1,1,313,124.4,1,1,0,0,1,C_CYTO
GCF_002218815.1,Lactobacillus crispatus,UMNLC11,Scaffold,1907,1,1,313,131.9,1,1,1,0,1,C_CYTO
GCF_002218645.1,Lactobacillus crispatus,UMNLC3,Scaffold,1923,1,1,313,127.3,1,1,0,0,1,C_CYTO
GCF_038001325.1,Lactobacillus crispatus,LMG 18200,Contig,2067,1,1,313,127.7,1,1,0,0,1,C_CYTO
GCF_015708065.1,Lactobacillus crispatus,CRI10,Contig,2252,1,1,313,127.7,1,1,0,0,1,C_CYTO
GCF_015708075.1,Lactobacillus crispatus,CRI8,Contig,2124,1,1,313,127.7,1,1,0,0,1,C_CYTO
GCF_008694785.1,Lactobacillus crispatus,NCK988,Contig,2069,1,1,313,124.4,1,1,0,0,1,C_CYTO
GCF_038001385.1,Lactobacillus crispatus,LMG 18189,Contig,1975,1,1,313,127.5,1,1,0,0,1,C_CYTO
GCF_008694865.1,Lactobacillus crispatus,NCK973,Contig,1980,1,1,313,128.3,1,1,0,0,1,C_CYTO
GCF_001541385.1,Lactobacillus crispatus,VMC3,Contig,2043,1,1,313,127.7,1,1,0,0,1,C_CYTO
GCF_002218565.1,Lactobacillus crispatus,UMNLC2,Contig,1918,1,1,313,126.4,1,1,0,0,1,C_CYTO
GCF_002218615.1,Lactobacillus crispatus,UMNLC1,Scaffold,2109,1,1,313,130.9,1,1,1,0,1,C_CYTO
GCF_027682305.1,Lactobacillus crispatus,AF54-1pH4A,Scaffold,1943,1,1,313,127.7,1,1,0,0,1,C_CYTO
GCF_002219085.1,Lactobacillus crispatus,UMNLC23,Scaffold,1928,1,1,313,131.9,1,1,1,0,1,C_CYTO
GCF_008694765.1,Lactobacillus crispatus,NCK978,Contig,1990,1,1,313,128.3,1,1,0,0,1,C_CYTO
GCF_002218685.1,Lactobacillus crispatus,UMNLC8,Scaffold,1945,1,1,313,131.9,1,1,1,0,1,C_CYTO
GCF_027680585.1,Lactobacillus crispatus,AF71-07pH5,Scaffold,2075,1,1,313,127.7,1,1,0,0,1,C_CYTO
GCF_002219055.1,Lactobacillus crispatus,UMNLC25,Scaffold,1946,1,1,313,131.9,1,1,1,0,1,C_CYTO
GCF_013778545.1,Lactobacillus crispatus,DSM 29598,Scaffold,2063,1,0,,,0,0,0,0,1,D_dltE_absent
GCF_038001345.1,Lactobacillus crispatus,LMG 18199,Contig,2158,1,1,313,127.7,1,1,0,0,1,C_CYTO
GCF_002218965.1,Lactobacillus crispatus,UMNLC19,Scaffold,1950,1,1,313,131.9,1,1,1,0,1,C_CYTO
GCF_002218775.1,Lactobacillus crispatus,UMNLC7,Contig,2022,1,1,313,131.9,1,1,1,0,1,C_CYTO
GCF_004334905.1,Lactobacillus crispatus,CG-12,Scaffold,1966,1,1,313,128.3,1,1,0,0,1,C_CYTO
GCF_002219005.1,Lactobacillus crispatus,UMNLC21,Scaffold,1925,1,1,313,131.9,1,1,1,0,1,C_CYTO
GCF_002218945.1,Lactobacillus crispatus,UMNLC18,Scaffold,1927,1,1,313,131.9,1,1,1,0,1,C_CYTO
GCF_016901535.1,Lactobacillus crispatus,An726,Contig,1987,1,1,313,123.0,1,1,0,0,1,C_CYTO
GCF_002219045.1,Lactobacillus crispatus,UMNLC22,Scaffold,1944,1,1,313,131.9,1,1,1,0,1,C_CYTO
GCF_060469625.1,Lactobacillus crispatus,WZ12,Scaffold,1960,1,1,313,128.3,1,1,0,0,1,C_CYTO
GCF_902386155.1,Lactobacillus crispatus,-,Contig,1719,1,1,313,125.6,1,1,0,0,1,C_CYTO
GCF_002218885.1,Lactobacillus crispatus,UMNLC14,Scaffold,1882,1,1,313,131.9,1,1,1,0,1,C_CYTO
GCF_002218975.1,Lactobacillus crispatus,UMNLC20,Scaffold,1926,1,1,313,131.9,1,1,1,0,1,C_CYTO
GCF_015708055.1,Lactobacillus crispatus,CRI17,Contig,2182,1,1,313,127.7,1,1,0,0,1,C_CYTO
GCF_002219015.1,Lactobacillus crispatus,UMNLC24,Scaffold,1939,1,1,313,131.9,1,1,1,0,1,C_CYTO
GCF_025194045.1,Lactobacillus crispatus,CIRM-BIA 2233,Scaffold,2101,1,1,313,127.7,1,1,0,0,1,C_CYTO
GCF_008694775.1,Lactobacillus crispatus,NCK2487,Contig,2010,1,1,313,125.6,1,1,0,0,1,C_CYTO
GCF_038001425.1,Lactobacillus crispatus,LMG 12005,Contig,1861,1,1,313,127.1,1,1,0,0,1,C_CYTO
GCF_008694985.1,Lactobacillus crispatus,NCK96,Contig,1919,1,1,313,123.3,1,1,0,0,1,C_CYTO
GCF_002218895.1,Lactobacillus crispatus,UMNLC15,Scaffold,1925,1,1,313,131.9,1,1,1,0,1,C_CYTO
GCF_002863245.1,Lactobacillus crispatus,UMB0040,Scaffold,1866,1,1,313,122.7,1,1,0,0,1,C_CYTO
GCF_016161975.1,Lactobacillus crispatus,LB69,Contig,1881,1,1,313,129.6,1,1,0,0,1,C_CYTO
GCF_053748315.1,Lactobacillus crispatus,UMB9222,Scaffold,1915,1,1,313,127.9,1,1,0,0,1,C_CYTO
GCF_002861805.1,Lactobacillus crispatus,UMB0824,Contig,2049,1,1,313,127.9,1,1,0,0,1,C_CYTO
GCF_008694975.1,Lactobacillus crispatus,NCK953,Contig,1919,1,1,313,123.3,1,1,0,0,1,C_CYTO
GCF_030213555.1,Lactobacillus crispatus,UMB9226,Contig,2255,1,1,313,127.9,1,1,0,0,1,C_CYTO
GCF_002218735.1,Lactobacillus crispatus,UMNLC9,Contig,1855,1,1,313,130.9,1,1,1,0,1,C_CYTO
GCF_030218685.1,Lactobacillus crispatus,UMB0041,Contig,1889,1,1,313,122.7,1,1,0,0,1,C_CYTO
GCF_016161995.1,Lactobacillus crispatus,LB68,Contig,1838,1,1,313,125.6,1,1,0,0,1,C_CYTO
GCF_015708105.1,Lactobacillus crispatus,CRI4,Contig,2161,1,1,313,127.7,1,1,0,0,1,C_CYTO
GCF_027695305.1,Lactobacillus crispatus,LG55-27,Scaffold,1990,1,1,313,127.7,1,1,0,0,1,C_CYTO
GCF_008079315.1,Lactobacillus crispatus,CIP 104459,Contig,1908,1,1,313,127.1,1,1,0,0,1,C_CYTO
GCF_001700475.1,Lactobacillus crispatus,C037,Scaffold,2032,1,1,313,123.3,1,1,0,0,1,C_CYTO
GCF_002218845.1,Lactobacillus crispatus,UMNLC13,Scaffold,1896,1,1,313,131.9,1,1,1,0,1,C_CYTO
GCF_027153305.1,Lactobacillus crispatus,C0059E3,Contig,2436,1,1,313,127.7,1,1,0,0,1,C_CYTO
GCF_038001405.1,Lactobacillus crispatus,LMG 12003,Contig,1851,1,1,313,127.1,1,1,0,0,1,C_CYTO
GCF_002861815.1,Lactobacillus crispatus,UMB0085,Scaffold,2053,1,1,313,123.3,1,1,0,0,1,C_CYTO
GCF_053668815.1,Lactobacillus crispatus,UMB8785,Scaffold,1959,1,1,313,123.8,1,1,0,0,1,C_CYTO
GCF_027157665.1,Lactobacillus crispatus,C0127A1,Contig,2265,1,1,313,127.7,1,1,0,0,1,C_CYTO
GCF_027153325.1,Lactobacillus crispatus,C0059E1,Contig,2450,1,1,313,127.7,1,1,0,0,1,C_CYTO
GCF_027158705.1,Lactobacillus crispatus,C0127A3,Contig,2265,1,1,313,127.7,1,1,0,0,1,C_CYTO
GCF_032376885.1,Lactobacillus crispatus,UMB6244,Contig,2191,1,1,313,123.8,1,1,0,0,1,C_CYTO
GCF_027158795.1,Lactobacillus crispatus,C0126A1,Contig,2262,1,1,313,127.7,1,1,0,0,1,C_CYTO
GCF_027157565.1,Lactobacillus crispatus,C0126A3,Contig,2262,1,1,313,127.7,1,1,0,0,1,C_CYTO
GCF_027158825.1,Lactobacillus crispatus,C0124A5,Contig,2263,1,1,313,127.7,1,1,0,0,1,C_CYTO
GCF_027158735.1,Lactobacillus crispatus,C0127A4,Contig,2262,1,1,313,127.7,1,1,0,0,1,C_CYTO
GCF_027158905.1,Lactobacillus crispatus,C0124A3,Contig,2264,1,1,313,127.7,1,1,0,0,1,C_CYTO
GCF_027158765.1,Lactobacillus crispatus,C0126A5,Contig,2258,1,1,313,127.7,1,1,0,0,1,C_CYTO
GCF_027158835.1,Lactobacillus crispatus,C0125A1,Contig,2257,1,1,313,127.7,1,1,0,0,1,C_CYTO
GCF_027158885.1,Lactobacillus crispatus,C0124A4,Contig,2265,1,1,313,127.7,1,1,0,0,1,C_CYTO
GCF_027158925.1,Lactobacillus crispatus,C0124A1,Contig,2262,1,1,313,127.7,1,1,0,0,1,C_CYTO
GCF_027158845.1,Lactobacillus crispatus,C0125A4,Contig,2261,1,1,313,127.7,1,1,0,0,1,C_CYTO
GCF_027159005.1,Lactobacillus crispatus,C0022A4,Contig,2263,1,1,313,127.7,1,1,0,0,1,C_CYTO
GCF_027159025.1,Lactobacillus crispatus,C0022A2,Contig,2279,1,1,313,127.7,1,1,0,0,1,C_CYTO
GCF_027158785.1,Lactobacillus crispatus,C0125A5,Contig,2267,1,1,313,127.7,1,1,0,0,1,C_CYTO
GCF_027158725.1,Lactobacillus crispatus,C0127A5,Contig,2257,1,1,313,127.7,1,1,0,0,1,C_CYTO
GCF_027158685.1,Lactobacillus crispatus,C0127B1,Contig,2262,1,1,313,127.7,1,1,0,0,1,C_CYTO
GCF_027158945.1,Lactobacillus crispatus,C0022A5,Contig,2278,1,1,313,127.7,1,1,0,0,1,C_CYTO
GCF_030214445.1,Lactobacillus crispatus,UMB8789,Contig,2218,1,1,313,123.8,1,1,0,0,1,C_CYTO
GCF_027158985.1,Lactobacillus crispatus,C0022A3,Contig,2259,1,1,313,127.7,1,1,0,0,1,C_CYTO
GCF_027153355.1,Lactobacillus crispatus,C0059E2,Contig,2457,1,1,313,127.7,1,1,0,0,1,C_CYTO
GCF_038001545.1,Lactobacillus crispatus,LB105,Contig,2208,1,1,313,127.7,1,1,0,0,1,C_CYTO
GCF_019537355.1,Lactobacillus crispatus,UBLCp-01,Scaffold,1901,1,1,313,127.7,1,1,0,0,1,C_CYTO
GCF_052221205.1,Lactobacillus crispatus,U2_ID 2026,Contig,2105,1,1,313,127.7,1,1,0,0,1,C_CYTO
GCF_038001445.1,Lactobacillus crispatus,LB138,Contig,2127,1,1,313,127.7,1,1,0,0,1,C_CYTO
GCF_052221145.1,Lactobacillus crispatus,X2_770/5,Contig,2102,1,1,313,127.7,1,1,0,0,1,C_CYTO
GCF_032376945.1,Lactobacillus crispatus,UMB5661,Contig,2191,1,1,313,123.8,1,1,0,0,1,C_CYTO
GCF_038001885.1,Lactobacillus crispatus,LB88,Contig,2125,1,1,313,127.7,1,1,0,0,1,C_CYTO
GCF_025194085.1,Lactobacillus crispatus,CIRM-BIA 2111,Contig,1855,1,1,313,127.1,1,1,0,0,1,C_CYTO
GCF_008868575.1,Lactobacillus crispatus,BIO6272,Contig,1949,1,1,313,127.1,1,1,0,0,1,C_CYTO
GCF_022454895.1,Lactobacillus crispatus,CM_G12_S863-bin_1,Scaffold,1874,1,1,313,127.7,1,1,0,0,1,C_CYTO
GCF_027159035.1,Lactobacillus crispatus,C0022A1,Contig,2257,1,1,313,127.7,1,1,0,0,1,C_CYTO
GCF_027583975.1,Lactobacillus crispatus,C0096F9,Contig,2119,1,1,313,127.7,1,1,0,0,1,C_CYTO
GCF_002863485.1,Lactobacillus crispatus,UMB0054,Scaffold,1978,1,1,313,127.7,1,1,0,0,1,C_CYTO
GCF_038001465.1,Lactobacillus crispatus,LMG11440,Contig,1914,1,1,313,127.1,1,1,0,0,1,C_CYTO
GCF_027583995.1,Lactobacillus crispatus,C0096D5,Contig,2126,1,1,313,127.7,1,1,0,0,1,C_CYTO
GCF_027155375.1,Lactobacillus crispatus,C0159A5,Contig,2199,1,1,313,127.9,1,1,0,0,1,C_CYTO
GCF_022454915.1,Lactobacillus crispatus,CM_G10_S847-bin_1,Scaffold,1873,1,1,313,127.4,1,1,0,0,1,C_CYTO
GCF_038002085.1,Lactobacillus crispatus,LB74,Contig,1980,1,1,313,127.7,1,1,0,0,1,C_CYTO
GCF_038002125.1,Lactobacillus crispatus,LB75,Contig,1963,1,1,313,127.7,1,1,0,0,1,C_CYTO
GCF_022455325.1,Lactobacillus crispatus,CM_D05_S804-bin_1,Scaffold,2083,1,1,313,127.4,1,1,0,0,1,C_CYTO
GCF_016162155.1,Lactobacillus crispatus,LB61,Contig,1969,1,1,313,127.7,1,1,0,0,1,C_CYTO
GCF_027155075.1,Lactobacillus crispatus,C0161A2,Contig,2194,1,1,313,127.9,1,1,0,0,1,C_CYTO
GCF_027155105.1,Lactobacillus crispatus,C0161A1,Contig,2195,1,1,313,127.9,1,1,0,0,1,C_CYTO
GCF_038001485.1,Lactobacillus crispatus,LB133,Contig,2112,1,1,313,127.7,1,1,0,0,1,C_CYTO
GCF_027155005.1,Lactobacillus crispatus,C0161A5,Contig,2190,1,1,313,127.9,1,1,0,0,1,C_CYTO
GCF_027155545.1,Lactobacillus crispatus,C0159A2,Contig,2194,1,1,313,127.9,1,1,0,0,1,C_CYTO
GCF_027155575.1,Lactobacillus crispatus,C0159A1,Contig,2190,1,1,313,127.9,1,1,0,0,1,C_CYTO
GCF_027155045.1,Lactobacillus crispatus,C0161A4,Contig,2193,1,1,313,127.9,1,1,0,0,1,C_CYTO
GCF_027155425.1,Lactobacillus crispatus,C0159A3,Contig,2193,1,1,313,127.9,1,1,0,0,1,C_CYTO
GCF_038001805.1,Lactobacillus crispatus,LB92,Contig,2352,1,1,313,127.7,1,1,0,0,1,C_CYTO
GCF_022454275.1,Lactobacillus crispatus,DZD_CM_30_S798-bin_2,Scaffold,1871,1,1,313,127.4,1,1,0,0,1,C_CYTO
GCF_027155435.1,Lactobacillus crispatus,C0159A4,Contig,2201,1,1,313,127.9,1,1,0,0,1,C_CYTO
GCF_027584095.1,Lactobacillus crispatus,C0090B2,Contig,2131,1,1,313,127.7,1,1,0,0,1,C_CYTO
GCF_059438095.1,Lactobacillus crispatus,MOTIF01023,Scaffold,2203,1,1,313,127.7,1,1,0,0,1,C_CYTO
GCF_059437155.1,Lactobacillus crispatus,MOTIF01261,Scaffold,2260,1,1,313,127.7,1,1,0,0,1,C_CYTO
GCF_055449995.1,Lactobacillus crispatus,C0257F2,Contig,2127,1,1,313,127.7,1,1,0,0,1,C_CYTO
GCF_022455295.1,Lactobacillus crispatus,CM_D09_S836-bin_1,Scaffold,1893,1,1,313,127.4,1,1,0,0,1,C_CYTO
GCF_059438135.1,Lactobacillus crispatus,MOTIF01020,Scaffold,2150,1,1,313,127.7,1,1,0,0,1,C_CYTO
GCF_059453445.1,Lactobacillus crispatus,MOTIF00918,Scaffold,2109,1,1,313,127.7,1,1,0,0,1,C_CYTO
GCF_022455675.1,Lactobacillus crispatus,CM_A08_S825-bin_2,Scaffold,1888,1,1,313,127.4,1,1,0,0,1,C_CYTO
GCF_022454335.1,Lactobacillus crispatus,DZD_CM_26_S794-bin_2,Scaffold,2040,1,1,313,127.4,1,1,0,0,1,C_CYTO
GCF_059437095.1,Lactobacillus crispatus,MOTIF01263,Scaffold,2206,1,1,313,127.7,1,1,0,0,1,C_CYTO
GCF_059437235.1,Lactobacillus crispatus,MOTIF01254,Scaffold,2295,1,1,313,127.7,1,1,0,0,1,C_CYTO
GCF_059438115.1,Lactobacillus crispatus,MOTIF01019,Scaffold,2143,1,1,313,127.7,1,1,0,0,1,C_CYTO
GCF_022454315.1,Lactobacillus crispatus,DZD_CM_31_S799-bin_2,Scaffold,1996,1,1,313,127.4,1,1,0,0,1,C_CYTO
GCF_059437435.1,Lactobacillus crispatus,MOTIF01239,Scaffold,2136,1,1,313,127.7,1,1,0,0,1,C_CYTO
GCF_022455355.1,Lactobacillus crispatus,CM_D03_S788-bin_1,Contig,1807,1,1,313,127.4,1,1,0,0,1,C_CYTO
GCF_059438075.1,Lactobacillus crispatus,MOTIF01021,Scaffold,2109,1,1,313,127.7,1,1,0,0,1,C_CYTO
GCF_055449975.1,Lactobacillus crispatus,C0257F1,Contig,2066,1,1,313,127.7,1,1,0,0,1,C_CYTO
GCF_059438055.1,Lactobacillus crispatus,MOTIF01022,Scaffold,2088,1,1,313,127.7,1,1,0,0,1,C_CYTO
GCF_056682475.1,Lactobacillus crispatus,AC 20.1,Contig,2181,1,1,313,127.7,1,1,0,0,1,C_CYTO
GCF_059437595.1,Lactobacillus crispatus,MOTIF01231,Scaffold,2266,1,1,313,127.7,1,1,0,0,1,C_CYTO
GCF_059437855.1,Lactobacillus crispatus,MOTIF01036,Scaffold,2161,1,1,313,127.7,1,1,0,0,1,C_CYTO
GCF_038002025.1,Lactobacillus crispatus,Lb82,Contig,2371,1,1,313,127.7,1,1,0,0,1,C_CYTO
GCF_059437275.1,Lactobacillus crispatus,MOTIF01246,Scaffold,2224,1,1,313,127.7,1,1,0,0,1,C_CYTO
GCF_052221165.1,Lactobacillus crispatus,Z1_770/6,Contig,2031,1,1,313,127.7,1,1,0,0,1,C_CYTO
GCF_059437415.1,Lactobacillus crispatus,MOTIF01240,Scaffold,2155,1,1,313,127.7,1,1,0,0,1,C_CYTO
GCF_059438005.1,Lactobacillus crispatus,MOTIF01025,Scaffold,2324,1,1,313,127.7,1,1,0,0,1,C_CYTO
GCF_059437455.1,Lactobacillus crispatus,MOTIF01238,Scaffold,2144,1,1,313,127.7,1,1,0,0,1,C_CYTO
GCF_059437135.1,Lactobacillus crispatus,MOTIF01260,Scaffold,2246,1,1,313,127.7,1,1,0,0,1,C_CYTO
GCF_059437755.1,Lactobacillus crispatus,MOTIF01041,Scaffold,2122,1,1,313,127.7,1,1,0,0,1,C_CYTO
GCF_059437475.1,Lactobacillus crispatus,MOTIF01237,Scaffold,2184,1,1,313,127.7,1,1,0,0,1,C_CYTO
GCF_022454355.1,Lactobacillus crispatus,DZD_CM_27_S795-bin_1,Scaffold,2041,1,1,313,127.4,1,1,0,0,1,C_CYTO
GCF_059437915.1,Lactobacillus crispatus,MOTIF01034,Scaffold,2142,1,1,313,127.7,1,1,0,0,1,C_CYTO
GCF_059438035.1,Lactobacillus crispatus,MOTIF01024,Scaffold,2086,1,1,313,127.7,1,1,0,0,1,C_CYTO
GCF_030213125.1,Lactobacillus crispatus,UMB10498,Contig,2439,1,1,313,127.7,1,1,0,0,1,C_CYTO
GCF_022454285.1,Lactobacillus crispatus,DZD_CM_32_S800-bin_1,Scaffold,1980,1,1,313,127.4,1,1,0,0,1,C_CYTO
GCF_002861775.1,Lactobacillus crispatus,UMB0044,Scaffold,2187,1,1,313,127.7,1,1,0,0,1,C_CYTO
GCF_022455695.1,Lactobacillus crispatus,CM_A02_S777-bin_1,Scaffold,1829,1,1,313,127.4,1,1,0,0,1,C_CYTO
GCF_059437215.1,Lactobacillus crispatus,MOTIF01252,Scaffold,2281,1,1,313,127.7,1,1,0,0,1,C_CYTO
GCF_057195865.1,Lactobacillus crispatus,MCM-B-2013,Contig,1921,1,1,313,127.1,1,1,0,0,1,C_CYTO
GCF_059437175.1,Lactobacillus crispatus,MOTIF01259,Scaffold,2227,1,1,313,127.7,1,1,0,0,1,C_CYTO
GCF_059437315.1,Lactobacillus crispatus,MOTIF01245,Scaffold,2187,1,1,313,127.7,1,1,0,0,1,C_CYTO
GCF_022454655.1,Lactobacillus crispatus,DZD_CM_10_S778-bin_2,Contig,2001,1,1,313,127.4,1,1,0,0,1,C_CYTO
GCF_059437335.1,Lactobacillus crispatus,MOTIF01244,Scaffold,2207,1,1,313,127.7,1,1,0,0,1,C_CYTO
GCF_022455255.1,Lactobacillus crispatus,CM_D08_S828-bin_2,Scaffold,1833,1,1,313,127.4,1,1,0,0,1,C_CYTO
GCF_022455055.1,Lactobacillus crispatus,CM_F06_S814-bin_1,Contig,1915,1,1,313,127.7,1,1,0,0,1,C_CYTO
GCF_022455915.1,Lactobacillus crispatus,JKR_P1_14_F02_S686_001-bin_1,Scaffold,1864,1,1,313,127.7,1,1,0,0,1,C_CYTO
GCF_025194105.1,Lactobacillus crispatus,CIRM-BIA 2112,Contig,1921,1,1,313,127.1,1,1,0,0,1,C_CYTO
GCF_038001865.1,Lactobacillus crispatus,LB89,Contig,2278,1,1,313,127.7,1,1,0,0,1,C_CYTO
GCF_038001925.1,Lactobacillus crispatus,LB85,Contig,1916,1,1,313,127.7,1,1,0,0,1,C_CYTO
GCF_059437555.1,Lactobacillus crispatus,MOTIF01233,Scaffold,2145,1,1,313,127.7,1,1,0,0,1,C_CYTO
GCF_030226265.1,Lactobacillus crispatus,UMB7805,Contig,2201,1,1,313,127.7,1,1,0,0,1,C_CYTO
GCF_059437295.1,Lactobacillus crispatus,MOTIF01247,Scaffold,2179,1,1,313,127.7,1,1,0,0,1,C_CYTO
GCF_059437195.1,Lactobacillus crispatus,MOTIF01253,Scaffold,2325,1,1,313,127.7,1,1,0,0,1,C_CYTO
GCF_038001705.1,Lactobacillus crispatus,LB97,Contig,2198,1,1,313,127.7,1,1,0,0,1,C_CYTO
GCF_038001945.1,Lactobacillus crispatus,LB84,Contig,1919,1,1,313,127.7,1,1,0,0,1,C_CYTO
GCF_059437675.1,Lactobacillus crispatus,MOTIF01047,Scaffold,2147,1,1,313,127.7,1,1,0,0,1,C_CYTO
GCF_040701525.1,Lactobacillus crispatus,39_01,Scaffold,2056,1,1,313,127.7,1,1,0,0,1,C_CYTO
GCF_056682275.1,Lactobacillus crispatus,AL 13.3,Contig,2161,1,1,313,127.7,1,1,0,0,1,C_CYTO
GCF_056680595.1,Lactobacillus crispatus,AL 13.4,Contig,2167,1,1,313,127.7,1,1,0,0,1,C_CYTO
GCF_056683575.1,Lactobacillus crispatus,AC 13.1,Contig,2168,1,1,313,127.7,1,1,0,0,1,C_CYTO
GCF_059437795.1,Lactobacillus crispatus,MOTIF01039,Scaffold,2166,1,1,313,127.7,1,1,0,0,1,C_CYTO
GCF_038001965.1,Lactobacillus crispatus,LB86,Contig,2347,1,1,313,127.7,1,1,0,0,1,C_CYTO
GCF_977092845.1,Lactobacillus crispatus,-,Contig,2287,1,1,313,127.7,1,1,0,0,1,C_CYTO
GCF_059438155.1,Lactobacillus crispatus,MOTIF01013,Scaffold,2151,1,1,313,127.7,1,1,0,0,1,C_CYTO
GCF_059437255.1,Lactobacillus crispatus,MOTIF01248,Scaffold,2131,1,1,313,127.7,1,1,0,0,1,C_CYTO
GCF_059437695.1,Lactobacillus crispatus,MOTIF01044,Scaffold,2141,1,1,313,127.7,1,1,0,0,1,C_CYTO
GCF_027584035.1,Lactobacillus crispatus,C0090E6,Contig,2147,1,1,313,127.7,1,1,0,0,1,C_CYTO
GCF_059437965.1,Lactobacillus crispatus,MOTIF01031,Scaffold,2192,1,1,313,127.7,1,1,0,0,1,C_CYTO
GCF_059437495.1,Lactobacillus crispatus,MOTIF01236,Scaffold,2161,1,1,313,127.7,1,1,0,0,1,C_CYTO
GCF_059437775.1,Lactobacillus crispatus,MOTIF01040,Scaffold,2127,1,1,313,127.7,1,1,0,0,1,C_CYTO
GCF_059437735.1,Lactobacillus crispatus,MOTIF01042,Scaffold,2094,1,1,313,127.7,1,1,0,0,1,C_CYTO
GCF_022456735.1,Lactobacillus crispatus,0421_295_1_2_MRS8_S452-bin_1,Scaffold,2040,1,1,313,127.7,1,1,0,0,0,C_CYTO
GCF_011029265.1,Lactobacillus crispatus,VA50-4AN,Contig,2129,1,1,313,127.7,1,1,0,0,1,C_CYTO
GCF_038001985.1,Lactobacillus crispatus,LB83,Contig,2042,1,1,313,127.7,1,1,0,0,1,C_CYTO
GCF_012030075.1,Lactobacillus crispatus,UMB1163,Contig,2330,1,1,313,127.7,1,1,0,0,1,C_CYTO
GCF_056682195.1,Lactobacillus crispatus,AL 13.1,Contig,2165,1,1,313,127.7,1,1,0,0,1,C_CYTO
GCF_022456755.1,Lactobacillus crispatus,0421_295_1_2_MRS5_S431-bin_1,Scaffold,2037,1,1,313,127.7,1,1,0,0,0,C_CYTO
GCF_030219025.1,Lactobacillus crispatus,UMB7847,Contig,1902,1,1,313,127.7,1,1,0,0,1,C_CYTO
GCF_059437715.1,Lactobacillus crispatus,MOTIF01043,Scaffold,2178,1,1,313,127.7,1,1,0,0,1,C_CYTO
GCF_001541405.1,Lactobacillus crispatus,VMC4,Contig,2276,1,1,313,127.7,1,1,0,0,1,C_CYTO
GCF_059437575.1,Lactobacillus crispatus,MOTIF01232,Scaffold,2366,1,1,313,127.7,1,1,0,0,1,C_CYTO
GCF_059437835.1,Lactobacillus crispatus,MOTIF01037,Scaffold,2031,1,1,313,127.7,1,1,0,0,1,C_CYTO
GCF_022454205.1,Lactobacillus crispatus,Mitchell_12_29_17_A05_S609-bin_1,Scaffold,2031,1,1,313,127.4,1,1,0,0,1,C_CYTO
GCF_059437895.1,Lactobacillus crispatus,MOTIF01035,Scaffold,2119,1,1,313,127.7,1,1,0,0,1,C_CYTO
GCF_059437375.1,Lactobacillus crispatus,MOTIF01242,Scaffold,2150,1,1,313,127.7,1,1,0,0,1,C_CYTO
GCF_059437515.1,Lactobacillus crispatus,MOTIF01234,Scaffold,2180,1,1,313,127.7,1,1,0,0,1,C_CYTO
GCF_022456795.1,Lactobacillus crispatus,0421_295_1_1_MRS2_S399-bin_1,Scaffold,1925,1,1,313,127.7,1,1,0,0,1,C_CYTO
GCF_059437955.1,Lactobacillus crispatus,MOTIF01030,Scaffold,2109,1,1,313,127.7,1,1,0,0,1,C_CYTO
GCF_056682455.1,Lactobacillus crispatus,AL 20.1,Contig,2186,1,1,313,127.7,1,1,0,0,1,C_CYTO
GCF_027153465.1,Lactobacillus crispatus,C0177A3,Contig,2054,1,1,313,127.7,1,1,0,0,1,C_CYTO
GCF_038001745.1,Lactobacillus crispatus,LB94,Contig,2116,1,1,313,127.7,1,1,0,0,1,C_CYTO
GCF_022456775.1,Lactobacillus crispatus,0421_295_1_1_MRS7_S415-bin_1,Contig,1856,1,1,313,127.7,1,1,0,0,0,C_CYTO
GCF_055449835.1,Lactobacillus crispatus,C0259B4,Contig,2308,1,1,313,127.4,1,1,0,0,1,C_CYTO
GCF_059437935.1,Lactobacillus crispatus,MOTIF01032,Scaffold,2149,1,1,313,127.7,1,1,0,0,1,C_CYTO
GCF_059437635.1,Lactobacillus crispatus,MOTIF01229,Scaffold,2212,1,1,313,127.7,1,1,0,0,1,C_CYTO
GCF_059437815.1,Lactobacillus crispatus,MOTIF01038,Scaffold,2048,1,1,313,127.7,1,1,0,0,1,C_CYTO
GCF_059437355.1,Lactobacillus crispatus,MOTIF01243,Scaffold,2235,1,1,313,127.7,1,1,0,0,1,C_CYTO
GCF_059437525.1,Lactobacillus crispatus,MOTIF01235,Scaffold,2127,1,1,313,127.7,1,1,0,0,1,C_CYTO
GCF_022456875.1,Lactobacillus crispatus,0421_295_1_1_MRS11_S423-bin_1,Scaffold,1945,1,1,313,127.7,1,1,0,0,0,C_CYTO
GCF_027160525.1,Lactobacillus crispatus,C0115A5,Contig,2118,1,1,313,127.7,1,1,0,0,1,C_CYTO
GCF_055449815.1,Lactobacillus crispatus,C0259B3,Contig,2308,1,1,313,127.4,1,1,0,0,1,C_CYTO
GCF_022456975.1,Lactobacillus crispatus,233_S810-bin_1,Scaffold,1950,1,1,313,127.4,1,1,0,0,1,C_CYTO
GCF_022453955.1,Lactobacillus crispatus,Mitchell_12_29_17_H06_S624-bin_1,Scaffold,1951,1,1,313,127.4,1,1,0,0,1,C_CYTO
GCF_022456605.1,Lactobacillus crispatus,0795_578_1_1_MRS5_S810-bin_1,Scaffold,1790,1,1,313,127.7,1,1,0,0,1,C_CYTO
GCF_004361455.1,Lactobacillus crispatus,RL30,Contig,2290,1,1,313,127.7,1,1,0,0,1,C_CYTO
GCF_055449795.1,Lactobacillus crispatus,C0259B5,Contig,2304,1,1,313,127.4,1,1,0,0,1,C_CYTO
GCF_022455595.1,Lactobacillus crispatus,CM_B03_S786-bin_1,Scaffold,1782,1,1,313,127.7,1,1,0,0,1,C_CYTO
GCF_027153705.1,Lactobacillus crispatus,C0051D3,Contig,2054,1,1,313,127.7,1,1,0,0,1,C_CYTO
GCF_027153485.1,Lactobacillus crispatus,C0176A5,Contig,2122,1,1,313,127.7,1,1,0,0,1,C_CYTO
GCF_027160545.1,Lactobacillus crispatus,C0115A3,Contig,2112,1,1,313,127.7,1,1,0,0,1,C_CYTO
GCF_016162185.1,Lactobacillus crispatus,LB57,Contig,2329,1,1,313,127.7,1,1,0,0,1,C_CYTO
GCF_027153525.1,Lactobacillus crispatus,C0176A2,Contig,2138,1,1,313,127.7,1,1,0,0,1,C_CYTO
GCF_004361195.1,Lactobacillus crispatus,RL21,Scaffold,2516,1,1,313,127.7,1,1,0,0,1,C_CYTO
GCF_038001585.1,Lactobacillus crispatus,LB101,Contig,2411,1,1,313,127.7,1,1,0,0,1,C_CYTO
GCF_022456655.1,Lactobacillus crispatus,0795_578_1_1_MRS1_S862-bin_1,Scaffold,1918,1,1,313,127.7,1,1,0,0,1,C_CYTO
GCF_027153625.1,Lactobacillus crispatus,C0175A3,Contig,2124,1,1,313,127.7,1,1,0,0,1,C_CYTO
GCF_027153585.1,Lactobacillus crispatus,C0175A1,Contig,2144,1,1,313,127.7,1,1,0,0,1,C_CYTO
GCF_027153605.1,Lactobacillus crispatus,C0175A4,Contig,2132,1,1,313,127.7,1,1,0,0,1,C_CYTO
GCF_055451005.1,Lactobacillus crispatus,C0249C1,Contig,2184,1,1,313,127.7,1,1,0,0,1,C_CYTO
GCF_004103355.1,Lactobacillus crispatus,L49,Contig,2479,1,1,313,127.7,1,1,0,0,1,C_CYTO
GCF_027153445.1,Lactobacillus crispatus,C0177A4,Contig,2140,1,1,313,127.7,1,1,0,0,1,C_CYTO
GCF_022455205.1,Lactobacillus crispatus,CM_E07_S821-bin_1,Scaffold,1835,1,1,313,127.7,1,1,0,0,1,C_CYTO
GCF_027154005.1,Lactobacillus crispatus,C0172A1,Contig,2344,1,1,313,127.7,1,1,0,0,1,C_CYTO
GCF_027153645.1,Lactobacillus crispatus,C0175A2,Contig,2057,1,1,313,127.7,1,1,0,0,1,C_CYTO
GCF_008694875.1,Lactobacillus crispatus,NCK977,Contig,2039,1,1,313,128.3,1,1,0,0,1,C_CYTO
GCF_027160805.1,Lactobacillus crispatus,C0114A4,Contig,2116,1,1,313,127.7,1,1,0,0,1,C_CYTO
GCF_038001755.1,Lactobacillus crispatus,LB95,Contig,2061,1,1,313,127.7,1,1,0,0,1,C_CYTO
GCF_030219065.1,Lactobacillus crispatus,UMB8620,Contig,2011,1,1,313,127.7,1,1,0,0,1,C_CYTO
GCF_027152805.1,Lactobacillus crispatus,C0006A5,Contig,2020,1,1,313,127.7,1,1,0,0,1,C_CYTO
GCF_022454675.1,Lactobacillus crispatus,DZD_CM_09_S777-bin_1,Contig,1825,1,1,313,127.7,1,1,0,0,1,C_CYTO
GCF_027583955.1,Lactobacillus crispatus,C0102E6,Contig,2064,1,1,313,127.7,1,1,0,0,1,C_CYTO
GCF_055450915.1,Lactobacillus crispatus,C0249C5,Contig,2237,1,1,313,127.7,1,1,0,0,1,C_CYTO
GCF_022456015.1,Lactobacillus crispatus,JKR_P1_05_E01_S677_001-bin_1,Scaffold,1745,1,1,313,127.7,1,1,0,0,1,C_CYTO
GCF_027159095.1,Lactobacillus crispatus,C0123B1,Contig,1972,1,1,313,127.7,1,1,0,0,1,C_CYTO
GCF_022454385.1,Lactobacillus crispatus,DZD_CM_23_S791-bin_1,Scaffold,1681,1,1,313,127.7,1,1,0,0,1,C_CYTO
GCF_022455115.1,Lactobacillus crispatus,CM_F07_S822-bin_1,Contig,1743,1,1,313,127.7,1,1,0,0,1,C_CYTO
GCF_022454135.1,Lactobacillus crispatus,Mitchell_12_29_17_B05_S610-bin_1,Scaffold,1797,1,1,313,127.7,1,1,0,0,1,C_CYTO
GCF_004361385.1,Lactobacillus crispatus,RL03,Contig,2535,1,1,313,127.7,1,1,0,0,1,C_CYTO
GCF_022454555.1,Lactobacillus crispatus,DZD_CM_11_S779-bin_1,Scaffold,1773,1,1,313,127.7,1,1,0,0,1,C_CYTO
GCF_022455005.1,Lactobacillus crispatus,CM_F09_S838-bin_1,Scaffold,1849,1,1,313,127.7,1,1,0,0,1,C_CYTO
GCF_027160285.1,Lactobacillus crispatus,C0002A4,Contig,2148,1,1,313,127.7,1,1,0,0,1,C_CYTO
GCF_013363915.1,Lactobacillus gasseri,EJL,Complete Genome,1939,1,1,308,130.5,1,1,1,0,1,C_CYTO
GCF_022455415.1,Lactobacillus crispatus,CM_C10_S843-bin_1,Contig,1726,1,1,313,127.7,1,1,0,0,1,C_CYTO
GCF_027153755.1,Lactobacillus crispatus,C0174A2,Contig,2136,1,1,313,127.7,1,1,0,0,1,C_CYTO
GCF_052386135.1,Lactobacillus gasseri,CYLB2815,Complete Genome,1940,1,1,308,130.5,1,1,1,0,1,C_CYTO
GCF_022454965.1,Lactobacillus crispatus,CM_F10_S846-bin_1,Scaffold,1767,1,1,313,127.7,1,1,0,0,1,C_CYTO
GCF_022455615.1,Lactobacillus crispatus,CM_B02_S778-bin_1,Scaffold,1790,1,1,313,127.7,1,1,0,0,1,C_CYTO
GCF_027160325.1,Lactobacillus crispatus,C0002A5,Contig,2159,1,1,313,127.7,1,1,0,0,1,C_CYTO
GCF_048961775.1,Lactobacillus gasseri,P5359,Chromosome,1657,1,1,308,130.7,1,1,1,0,1,C_CYTO
GCF_902386655.1,Lactobacillus gasseri,-,Complete Genome,1937,1,1,308,130.5,1,1,1,0,1,C_CYTO
GCF_020995385.1,Lactobacillus gasseri,Lg1199,Complete Genome,1887,1,1,308,131.9,1,1,1,0,1,C_CYTO
GCF_022455375.1,Lactobacillus crispatus,CM_D04_S796-bin_1,Scaffold,1799,1,1,313,127.7,1,1,0,0,1,C_CYTO
GCF_040428225.1,Lactobacillus gasseri,0795_578_1_1_MRSI4,Contig,1843,1,1,308,131.9,1,1,1,0,1,C_CYTO
GCF_059640745.1,Lactobacillus gasseri,SLga015,Complete Genome,1845,1,1,308,130.5,1,1,1,0,1,C_CYTO
GCF_029011805.1,Lactobacillus gasseri,VSI06,Complete Genome,1631,1,1,308,130.7,1,1,1,0,1,C_CYTO
GCF_040717775.1,Lactobacillus crispatus,UMB6500,Contig,2441,1,1,313,127.7,1,1,0,0,1,C_CYTO
GCF_049204875.1,Lactobacillus gasseri,IATA122,Contig,1790,1,1,308,130.7,1,1,1,0,1,C_CYTO
GCF_020991205.1,Lactobacillus gasseri,Lg637,Complete Genome,1752,1,1,308,129.3,1,1,0,0,1,C_CYTO
GCF_900452355.1,Lactobacillus gasseri,NCTC13722,Contig,1692,1,1,308,130.7,1,1,1,0,1,C_CYTO
GCF_045270855.1,Lactobacillus gasseri,MRD5460,Chromosome,1681,1,1,308,130.7,1,1,1,0,1,C_CYTO
GCF_978042935.1,Lactobacillus gasseri,-,Contig,1664,1,1,308,130.7,1,1,1,0,1,C_CYTO
GCF_029011455.1,Lactobacillus gasseri,VSI26,Complete Genome,1714,1,1,308,131.9,1,1,1,0,1,C_CYTO
GCF_017565825.1,Lactobacillus gasseri,S1 5006-2,Contig,1642,1,1,308,130.7,1,1,1,0,1,C_CYTO
GCF_029823575.1,Lactobacillus gasseri ATCC 33323 = JCM 1131,DSM 20243,Contig,1686,1,1,308,130.7,1,1,1,0,1,C_CYTO
GCF_033804445.1,Lactobacillus gasseri,UMB3275,Contig,1637,1,1,308,130.7,1,1,1,0,1,C_CYTO
GCF_002287905.1,Lactobacillus gasseri DSM 14869,DSM 14869,Complete Genome,1746,1,1,308,129.3,1,1,0,0,1,C_CYTO
GCF_030704365.1,Lactobacillus gasseri,IM13,Contig,1977,1,1,308,130.5,1,1,1,0,1,C_CYTO
GCF_978042905.1,Lactobacillus gasseri,-,Contig,1711,1,1,308,130.7,1,1,1,0,1,C_CYTO
GCF_027685305.1,Lactobacillus gasseri,AF13-8H,Scaffold,1732,1,1,308,129.3,1,1,0,0,1,C_CYTO
GCF_008868295.1,Lactobacillus gasseri ATCC 33323 = JCM 1131,ATCC 33323,Contig,1687,1,1,308,130.7,1,1,1,0,1,C_CYTO
GCF_978042955.1,Lactobacillus gasseri,-,Contig,1670,1,1,308,129.3,1,1,0,0,1,C_CYTO
GCF_030216925.1,Lactobacillus gasseri,UMB5940,Contig,1696,1,1,308,130.7,1,1,1,0,1,C_CYTO
GCF_001063045.1,Lactobacillus gasseri,240_LCRI,Contig,1649,1,1,308,130.7,1,1,1,0,1,C_CYTO
GCF_978041995.1,Lactobacillus gasseri,-,Contig,1668,1,1,308,130.7,1,1,1,0,1,C_CYTO
GCF_032377295.1,Lactobacillus gasseri,UMB3348,Contig,1638,1,1,308,130.7,1,1,1,0,1,C_CYTO
GCF_056322395.1,Lactobacillus gasseri,BME SC 8.1R,Contig,1751,1,1,308,130.7,1,1,1,0,1,C_CYTO
GCF_007785995.1,Lactobacillus gasseri,UMB0607,Scaffold,1745,1,1,308,131.9,1,1,1,0,1,C_CYTO
GCF_033804545.1,Lactobacillus gasseri,UMB3290,Contig,1636,1,1,308,130.7,1,1,1,0,1,C_CYTO
GCF_030216645.1,Lactobacillus gasseri,UMB6735,Contig,1750,1,1,308,130.7,1,1,1,0,1,C_CYTO
GCF_902167745.1,Lactobacillus gasseri,-,Contig,1919,1,1,308,133.7,1,1,1,0,1,C_CYTO
GCF_902399865.1,Lactobacillus gasseri,-,Scaffold,1866,1,1,308,130.7,1,1,1,0,1,C_CYTO
GCF_052221285.1,Lactobacillus gasseri,S1_ID 2028,Contig,1753,1,1,308,130.7,1,1,1,0,1,C_CYTO
GCF_057004745.1,Lactobacillus gasseri,PM-A0005,Contig,1773,1,1,308,130.7,1,1,1,0,1,C_CYTO
GCF_001064985.1,Lactobacillus gasseri,459_LHEL,Contig,1860,1,1,308,131.8,1,1,1,0,1,C_CYTO
GCF_033803545.1,Lactobacillus gasseri,UMB2385,Contig,1777,1,1,308,131.9,1,1,1,0,1,C_CYTO
GCF_003437055.1,Lactobacillus gasseri,TF08-1,Scaffold,1866,1,1,308,130.7,1,1,1,0,1,C_CYTO
GCF_027677045.1,Lactobacillus gasseri,TM13-16,Scaffold,1859,1,1,308,130.7,1,1,1,0,1,C_CYTO
GCF_039757835.1,Lactobacillus gasseri,1001285st1_C10_1001285H_161024,Scaffold,1840,1,1,308,131.8,1,1,1,0,1,C_CYTO
GCF_055451155.1,Lactobacillus gasseri,C0248F1,Contig,1775,1,1,308,131.9,1,1,1,0,1,C_CYTO
GCF_015546835.1,Lactobacillus gasseri,1001285H_161024_C10,Scaffold,1840,1,1,308,131.8,1,1,1,0,1,C_CYTO
GCF_002940965.1,Lactobacillus gasseri,UMB0045,Contig,1781,1,1,308,131.9,1,1,1,0,1,C_CYTO
GCF_027584195.1,Lactobacillus gasseri,C0087A1,Contig,1808,1,1,308,131.9,1,1,1,0,1,C_CYTO
GCF_000283135.1,Lactobacillus gasseri CECT 5714,CECT 5714,Contig,1777,1,1,308,130.7,1,1,1,0,1,C_CYTO
GCF_055450275.1,Lactobacillus gasseri,C0254E1,Contig,1825,1,1,308,131.9,1,1,1,0,1,C_CYTO
GCF_030213495.1,Lactobacillus gasseri,UMB9228,Contig,2060,1,1,308,131.9,1,1,1,0,1,C_CYTO
GCF_033803995.1,Lactobacillus gasseri,UMB6827,Contig,1815,1,1,308,131.9,1,1,1,0,1,C_CYTO
GCF_045348125.1,Lactobacillus helveticus,191404,Complete Genome,1854,1,1,314,126.8,1,1,0,0,1,C_CYTO
GCF_055450295.1,Lactobacillus gasseri,C0254E2,Contig,1825,1,1,308,131.9,1,1,1,0,1,C_CYTO
GCF_978042315.1,Lactobacillus gasseri,-,Contig,1859,1,1,308,130.7,1,1,1,0,1,C_CYTO
GCF_001676665.1,Lactobacillus gasseri,505,Contig,2026,1,1,308,130.5,1,1,1,0,1,C_CYTO
GCF_000175055.1,Lactobacillus gasseri 202-4,202-4,Contig,1685,1,1,308,131.9,1,1,1,0,1,C_CYTO
GCF_055450215.1,Lactobacillus gasseri,C0254E5,Contig,1826,1,1,308,131.9,1,1,1,0,1,C_CYTO
GCF_032432755.1,Lactobacillus gasseri,UMB5890,Contig,1866,1,1,308,131.9,1,1,1,0,1,C_CYTO
GCF_039623715.1,Lactobacillus helveticus,IMAUJBH1,Complete Genome,1887,1,1,314,126.7,1,1,0,0,1,C_CYTO
GCF_024927945.1,Lactobacillus helveticus,VHProbi Y21,Complete Genome,1908,1,1,314,125.6,1,1,0,0,1,C_CYTO
GCF_009498395.1,Lactobacillus helveticus,LZ-R-5,Complete Genome,1796,1,1,314,127.0,1,1,0,0,1,C_CYTO
GCF_978044065.1,Lactobacillus gasseri,-,Contig,1872,1,1,308,131.9,1,1,1,0,1,C_CYTO
GCF_902386585.1,Lactobacillus helveticus,-,Complete Genome,1732,1,1,314,127.0,1,1,0,0,1,C_CYTO
GCF_978042595.1,Lactobacillus gasseri,-,Contig,1847,1,1,308,130.7,1,1,1,0,1,C_CYTO
GCF_019455965.1,Lactobacillus helveticus,TMW 1610,Contig,1661,1,1,314,126.1,1,1,0,0,1,C_CYTO
GCF_002849915.1,Lactobacillus helveticus,FAM8627,Complete Genome,1730,1,1,314,127.0,1,1,0,0,1,C_CYTO
GCF_000165775.1,Lactobacillus helveticus R0052,R0052,Complete Genome,1841,1,1,314,125.6,1,1,0,0,1,C_CYTO
GCF_002849935.1,Lactobacillus helveticus,FAM8105,Complete Genome,1880,1,1,314,127.0,1,1,0,0,1,C_CYTO
GCF_022832545.1,Lactobacillus helveticus,SCB643,Scaffold,1904,1,1,314,125.6,1,1,0,0,1,C_CYTO
GCF_000189515.1,Lactobacillus helveticus H10,H10,Complete Genome,1923,1,1,314,126.7,1,1,0,0,1,C_CYTO
GCF_003203875.1,Lactobacillus helveticus,FAM1213,Contig,1786,1,1,314,127.5,1,1,0,0,1,C_CYTO
GCF_019455975.1,Lactobacillus helveticus,TMW 12286,Contig,1690,1,1,314,124.9,1,1,0,0,1,C_CYTO
GCF_013281635.1,Lactobacillus helveticus,IMAU20078,Scaffold,1924,1,1,314,126.8,1,1,0,0,1,C_CYTO
GCF_023614485.1,Lactobacillus helveticus,BIM B-461 G,Complete Genome,1713,1,0,,,1,0,0,0,1,D_dltE_absent
GCF_015698225.1,Lactobacillus helveticus,JCM 1120,Contig,1958,1,1,314,127.0,1,1,0,0,1,C_CYTO
GCF_024329685.1,Lactobacillus helveticus,Kef-m4,Contig,1933,1,1,314,126.6,1,1,0,0,1,C_CYTO
GCF_040239425.1,Lactobacillus helveticus,LTC 224,Scaffold,1894,1,1,314,125.6,1,1,0,0,1,C_CYTO
GCF_013281205.1,Lactobacillus helveticus,IMAU30109,Scaffold,1869,1,1,314,126.8,1,1,0,0,1,C_CYTO
GCF_013281315.1,Lactobacillus helveticus,IMAU30049,Scaffold,1792,1,1,314,125.6,1,1,0,0,1,C_CYTO
GCF_013280955.1,Lactobacillus helveticus,IMAU50079,Scaffold,1922,1,1,314,126.8,1,1,0,0,1,C_CYTO
GCF_019455865.1,Lactobacillus helveticus,TMW 12315,Contig,1719,1,1,314,127.0,1,1,0,0,1,C_CYTO
GCF_001434945.1,Lactobacillus helveticus DSM 20075 = CGMCC 1.1877,CGMCC 1.1877,Scaffold,1706,1,1,314,127.0,1,1,0,0,1,C_CYTO
GCF_025129335.1,Lactobacillus helveticus,1069,Contig,1878,1,1,314,126.4,1,1,0,0,1,C_CYTO
GCF_003053205.1,Lactobacillus helveticus,DS18_8,Contig,1933,1,1,314,125.6,1,1,0,0,1,C_CYTO
GCF_003061825.1,Lactobacillus helveticus,DS21_8,Contig,1976,1,1,314,125.6,1,1,0,0,1,C_CYTO
GCF_013281175.1,Lactobacillus helveticus,IMAU30120,Scaffold,1911,1,1,314,126.8,1,1,0,0,1,C_CYTO
GCF_013280665.1,Lactobacillus helveticus,IMAU80627,Scaffold,2032,1,1,314,126.7,1,1,0,0,1,C_CYTO
GCF_022833865.1,Lactobacillus helveticus,AHU1049,Scaffold,1694,1,1,314,127.0,1,1,0,0,1,C_CYTO
GCF_013281395.1,Lactobacillus helveticus,IMAU30035,Scaffold,2014,1,1,314,126.8,1,1,0,0,1,C_CYTO
GCF_013281185.1,Lactobacillus helveticus,IMAU30115,Scaffold,1944,1,1,314,126.8,1,1,0,0,1,C_CYTO
GCF_017565805.1,Lactobacillus helveticus,HUL 10,Contig,1656,1,1,314,127.0,1,1,0,0,1,C_CYTO
GCF_019455905.1,Lactobacillus helveticus,TMW 12307,Contig,1862,1,1,314,127.0,1,1,0,0,1,C_CYTO
GCF_002868275.1,Lactobacillus helveticus,ATCC 12046,Scaffold,1898,1,1,314,127.0,1,1,0,0,1,C_CYTO
GCF_015698165.1,Lactobacillus helveticus,JCM 1006,Contig,1837,1,1,314,127.0,1,1,0,0,1,C_CYTO
GCF_009362875.1,Lactobacillus helveticus,313,Contig,1921,1,1,314,125.8,1,1,0,0,1,C_CYTO
GCF_013280765.1,Lactobacillus helveticus,IMAU60206,Scaffold,1630,1,1,314,128.3,1,1,0,0,1,C_CYTO
GCF_013280815.1,Lactobacillus helveticus,XZNQ,Scaffold,1781,1,1,314,125.6,1,1,0,0,1,C_CYTO
GCF_013281405.1,Lactobacillus helveticus,IMAU30038,Scaffold,1899,1,1,314,127.1,1,1,0,0,1,C_CYTO
GCF_023893735.1,Lactobacillus helveticus,KF3,Contig,2049,1,1,314,127.2,1,1,0,0,1,C_CYTO
GCF_019455935.1,Lactobacillus helveticus,ATCC 10797,Contig,1852,1,1,314,127.0,1,1,0,0,1,C_CYTO
GCF_003204055.1,Lactobacillus helveticus,FAM8106,Scaffold,1983,1,1,314,127.0,1,1,0,0,1,C_CYTO
GCF_034045205.1,Lactobacillus helveticus,KF6,Scaffold,1870,1,1,314,124.9,1,1,0,0,1,C_CYTO
GCF_039566445.1,Lactobacillus helveticus,G186,Contig,1881,1,1,314,127.5,1,1,0,0,1,C_CYTO
GCF_025191285.1,Lactobacillus helveticus,CIRM-BIA 681,Contig,1722,1,1,314,127.0,1,1,0,0,1,C_CYTO
GCF_053748535.1,Lactobacillus helveticus,PL0052,Contig,1633,1,1,314,127.0,1,1,0,0,1,C_CYTO
GCF_040883495.1,Lactobacillus helveticus,AM-LH-32,Contig,1644,1,0,,,1,0,0,0,1,D_dltE_absent
GCF_013281365.1,Lactobacillus helveticus,IMAU30040,Scaffold,2029,1,1,314,126.8,1,1,0,0,1,C_CYTO
GCF_043842675.1,Lactobacillus helveticus,Lh21462,Scaffold,1721,1,1,314,127.0,1,1,0,0,1,C_CYTO
GCF_053710655.1,Lactobacillus helveticus,P2305,Scaffold,1824,1,0,,,1,0,0,0,1,D_dltE_absent
GCF_000765465.1,Lactobacillus helveticus,ATCC 10386,Contig,1735,1,1,314,127.0,1,1,0,0,1,C_CYTO
GCF_058244435.1,Lactobacillus helveticus,LH-G51,Contig,1646,1,1,314,127.0,1,1,0,0,1,C_CYTO
GCF_003233715.1,Lactobacillus helveticus,FAM21493,Scaffold,1763,1,1,314,127.0,1,1,0,0,1,C_CYTO
GCF_035284085.1,Lactobacillus helveticus,KF5,Scaffold,1870,1,1,314,124.9,1,1,0,0,1,C_CYTO
GCF_015698205.1,Lactobacillus helveticus,JCM 1062,Contig,2105,1,1,298,127.2,1,1,0,0,1,C_CYTO
GCF_011392415.1,Lactobacillus helveticus,UC1266,Contig,1766,1,1,314,127.0,1,1,0,0,1,C_CYTO
GCF_043842735.1,Lactobacillus helveticus,Lh11051,Contig,1745,1,1,314,127.0,1,1,0,0,1,C_CYTO
GCF_051590725.1,Lactobacillus helveticus,NDM 13,Scaffold,1814,1,1,314,127.0,1,1,0,0,1,C_CYTO
GCF_019455785.1,Lactobacillus helveticus,LMG 22465,Contig,1659,1,1,314,126.1,1,1,0,0,1,C_CYTO
GCF_025191255.1,Lactobacillus helveticus,CIRM-BIA 108,Contig,1895,1,1,314,127.0,1,1,0,0,1,C_CYTO
GCF_003203895.1,Lactobacillus helveticus,FAM1182,Contig,1714,1,1,314,127.0,1,1,0,0,1,C_CYTO
GCF_034044615.1,Lactobacillus helveticus,KF7,Scaffold,1820,1,0,,,1,0,0,0,1,D_dltE_absent
GCF_025191365.1,Lactobacillus helveticus,CIRM-BIA 678,Contig,1733,1,1,314,127.0,1,1,0,0,1,C_CYTO
GCF_025191435.1,Lactobacillus helveticus,CIRM-BIA 1641,Contig,1904,1,1,314,127.0,1,1,0,0,1,C_CYTO
GCF_002532085.1,Lactobacillus helveticus,M92,Scaffold,1817,1,1,314,127.0,1,1,0,0,1,C_CYTO
GCF_003545995.1,Lactobacillus helveticus,TJA10,Contig,1766,1,1,314,127.0,1,1,0,0,1,C_CYTO
GCF_025191335.1,Lactobacillus helveticus,CIRM-BIA 98,Contig,1857,1,1,314,127.0,1,1,0,0,1,C_CYTO
GCF_015698065.1,Lactobacillus helveticus,H-8,Contig,1861,1,1,314,126.1,1,1,0,0,1,C_CYTO
GCF_015698105.1,Lactobacillus helveticus,Y-10,Contig,1867,1,1,314,126.1,1,1,0,0,1,C_CYTO
GCF_013281645.1,Lactobacillus helveticus,IMAU20062,Scaffold,1689,1,1,314,127.0,1,1,0,0,1,C_CYTO
GCF_011392385.1,Lactobacillus helveticus,UC1035,Scaffold,1714,1,1,314,127.0,1,1,0,0,1,C_CYTO
GCF_042999335.1,Lactobacillus jensenii,188_Q2_2,Complete Genome,1543,1,1,311,110.0,1,1,0,0,1,C_CYTO
GCF_000493575.1,Lactobacillus helveticus CIRM-BIA 101,CIRM-BIA 101,Contig,1786,1,1,314,127.0,1,1,0,0,1,C_CYTO
GCF_013281415.1,Lactobacillus helveticus,IMAU30044,Scaffold,1916,1,1,314,127.1,1,1,0,0,1,C_CYTO
GCF_045273875.1,Lactobacillus jensenii,MRD-NHRL,Chromosome,1486,1,0,,,0,0,0,0,1,D_dltE_absent
GCF_013280755.1,Lactobacillus helveticus,IMAU60210,Scaffold,1662,1,1,314,128.3,1,1,0,0,1,C_CYTO
GCF_015698145.1,Lactobacillus helveticus,JCM 1005,Contig,2043,1,1,314,127.0,1,1,0,0,1,C_CYTO
GCF_013281155.1,Lactobacillus helveticus,IMAU30132,Scaffold,1853,1,1,314,127.0,1,1,0,0,1,C_CYTO
GCF_059769255.1,Lactobacillus jensenii,Lje1708,Complete Genome,1454,1,1,311,111.4,1,1,0,0,1,C_CYTO
GCF_001936235.1,Lactobacillus jensenii,SNUV360,Complete Genome,1492,1,0,,,0,0,0,0,1,D_dltE_absent
GCF_051488545.1,Lactobacillus helveticus,NK,Contig,1831,1,1,314,123.9,1,1,0,0,1,C_CYTO
GCF_951857025.1,Lactobacillus jensenii,-,Scaffold,1604,1,1,311,110.0,1,1,0,0,1,C_CYTO
GCF_040428165.1,Lactobacillus jensenii,188_Q2_1,Contig,1599,0,1,311,110.0,1,1,0,0,1,E_no_dlt
GCF_043000305.1,Lactobacillus jensenii,188_Q1_1,Complete Genome,1593,1,1,311,110.0,1,1,0,0,1,C_CYTO
GCF_025191185.1,Lactobacillus helveticus,CIRM-BIA 2189,Contig,1770,1,1,314,127.0,1,1,0,0,1,C_CYTO
GCF_951856875.1,Lactobacillus jensenii,-,Scaffold,1534,1,1,311,110.0,1,1,0,0,1,C_CYTO
GCF_055449895.1,Lactobacillus jensenii,C0259A3,Contig,1616,1,1,311,110.0,1,1,0,0,1,C_CYTO
GCF_043000965.1,Lactobacillus jensenii,188_F1_4,Complete Genome,1592,1,1,311,110.0,1,1,0,0,1,C_CYTO
GCF_978044605.1,Lactobacillus jensenii,-,Contig,1578,1,1,311,110.0,1,1,0,0,1,C_CYTO
GCF_013280865.1,Lactobacillus helveticus,IMAU60066,Scaffold,1598,1,1,314,128.3,1,1,0,0,1,C_CYTO
GCF_040718035.1,Lactobacillus jensenii,UMB6502B,Contig,1528,1,1,311,110.0,1,1,0,0,1,C_CYTO
GCF_000493335.1,Lactobacillus helveticus CIRM-BIA 103,CIRM-BIA 103,Scaffold,1838,1,1,314,127.0,1,1,0,0,1,C_CYTO
GCF_033803585.1,Lactobacillus jensenii,UMB5669,Contig,1454,1,1,311,110.0,1,1,0,0,1,C_CYTO
GCF_022456225.1,Lactobacillus jensenii,F4_1630_1235_1_CBA2_S235-bin_1-SPLIT,Scaffold,1353,1,1,311,110.0,1,1,0,0,1,C_CYTO
GCF_978042185.1,Lactobacillus jensenii,-,Contig,1639,1,1,311,110.0,1,1,0,0,1,C_CYTO
GCF_978044525.1,Lactobacillus jensenii,-,Contig,1482,1,1,311,110.0,1,1,0,0,1,C_CYTO
GCF_027584135.1,Lactobacillus jensenii,C0089E5,Contig,1543,1,1,311,110.0,1,1,0,0,1,C_CYTO
GCF_022454595.1,Lactobacillus jensenii,DZD_CM_12_S780-bin_1,Scaffold,1291,1,1,311,110.0,1,1,0,0,1,C_CYTO
GCF_978044585.1,Lactobacillus jensenii,-,Contig,1561,1,1,311,110.0,1,1,0,0,1,C_CYTO
GCF_030217465.1,Lactobacillus jensenii,UMB1307B,Contig,1534,1,0,,,0,0,0,0,1,D_dltE_absent
GCF_978044595.1,Lactobacillus jensenii,-,Contig,1564,1,1,311,110.0,1,1,0,0,1,C_CYTO
GCF_021495305.1,Lactobacillus jensenii,UMB7846,Contig,1670,1,1,311,110.0,1,1,0,0,1,C_CYTO
GCF_951863455.1,Lactobacillus jensenii,-,Scaffold,1473,1,1,311,111.0,1,1,0,0,1,C_CYTO
GCF_978042705.1,Lactobacillus jensenii,-,Contig,1500,1,1,311,110.0,1,1,0,0,1,C_CYTO
GCF_022454245.1,Lactobacillus jensenii,DZD_CM_35_S803-bin_1,Scaffold,1410,1,1,311,110.0,1,1,0,0,1,C_CYTO
GCF_022456585.1,Lactobacillus jensenii,0795_578_1_1_MRS2_S794-bin_1,Scaffold,1347,1,1,311,110.0,1,1,0,0,1,C_CYTO
GCF_030229985.1,Lactobacillus jensenii,UMB7766-LJ435B,Contig,1544,1,1,311,110.0,1,1,0,0,1,C_CYTO
GCF_978043125.1,Lactobacillus jensenii,-,Contig,1643,1,1,311,110.0,1,1,0,0,1,C_CYTO
GCF_978043535.1,Lactobacillus jensenii,-,Contig,1573,1,1,311,110.0,1,1,0,0,1,C_CYTO
GCF_011714655.1,Lactobacillus jensenii,M167,Contig,1539,1,1,311,110.0,1,1,0,0,1,C_CYTO
GCF_012029775.1,Lactobacillus jensenii,UMB0836,Contig,1469,1,1,311,110.0,1,1,0,0,1,C_CYTO
GCF_978042455.1,Lactobacillus jensenii,-,Contig,1793,1,1,311,110.0,1,1,0,0,1,C_CYTO
GCF_026184075.1,Lactobacillus jensenii,UMB9248,Contig,1656,1,1,311,110.0,1,1,0,0,1,C_CYTO
GCF_055451495.1,Lactobacillus jensenii,C0210A3,Contig,1566,1,1,311,110.0,1,1,0,0,1,C_CYTO
GCF_978042725.1,Lactobacillus jensenii,-,Contig,1617,1,1,311,110.0,1,1,0,0,1,C_CYTO
GCF_055451075.1,Lactobacillus jensenii,C0248G3,Contig,1575,1,1,311,110.0,1,1,0,0,1,C_CYTO
GCF_978043565.1,Lactobacillus jensenii,-,Contig,1559,1,1,311,110.0,1,1,0,0,1,C_CYTO
GCF_022456535.1,Lactobacillus jensenii,0795_578_1_1_MRSIHK11_S855-bin_1,Scaffold,1452,1,1,311,110.0,1,1,0,0,1,C_CYTO
GCF_055451035.1,Lactobacillus jensenii,C0248G4,Contig,1568,1,1,311,110.0,1,1,0,0,1,C_CYTO
GCF_021494985.1,Lactobacillus jensenii,UMB6889,Contig,1567,1,1,311,110.0,1,1,0,0,1,C_CYTO
GCF_027584115.1,Lactobacillus jensenii,C0089F6,Contig,1556,1,1,311,110.0,1,1,0,0,1,C_CYTO
GCF_027584175.1,Lactobacillus jensenii,C0089A1,Contig,1587,1,1,311,110.0,1,1,0,0,1,C_CYTO
GCF_055450115.1,Lactobacillus jensenii,C0257B4,Contig,1505,1,1,311,110.0,1,1,0,0,1,C_CYTO
GCF_007786085.1,Lactobacillus jensenii,UMB0034,Scaffold,1488,1,1,311,110.0,1,1,0,0,1,C_CYTO
GCF_027155915.1,Lactobacillus jensenii,C0034A3,Contig,1519,1,1,311,110.0,1,1,0,0,1,C_CYTO
GCF_027682595.1,Lactobacillus johnsonii,AF51-9b6A,Scaffold,1787,1,1,308,124.2,1,1,0,0,1,C_CYTO
GCF_978043205.1,Lactobacillus jensenii,-,Contig,1512,1,1,311,110.0,1,1,0,0,1,C_CYTO
GCF_033804045.1,Lactobacillus jensenii,UMB7383,Contig,1660,1,1,311,110.0,1,1,0,0,1,C_CYTO
GCF_021495105.1,Lactobacillus jensenii,UMB6690,Contig,1589,1,1,311,110.0,1,1,0,0,1,C_CYTO
GCF_027666205.1,Lactobacillus johnsonii,AM77-01b14,Scaffold,1617,1,1,308,120.2,1,1,0,0,1,C_CYTO
GCF_007786155.1,Lactobacillus jensenii,UMB1165,Scaffold,1607,1,1,311,110.0,1,1,0,0,1,C_CYTO
GCF_010586925.1,Lactobacillus johnsonii,G2A,Complete Genome,1866,1,1,308,128.4,1,1,0,0,1,C_CYTO
GCF_007785935.1,Lactobacillus jensenii,UMB8489,Scaffold,1556,1,0,,,0,0,0,0,1,D_dltE_absent
GCF_000091405.1,Lactobacillus johnsonii FI9785,FI9785,Complete Genome,1621,1,1,308,126.4,1,1,0,0,1,C_CYTO
GCF_060307195.1,Lactobacillus johnsonii,LBMFMA2C,Complete Genome,1821,1,1,308,123.2,1,1,0,0,1,C_CYTO
GCF_000498675.1,Lactobacillus johnsonii N6.2,N6.2,Complete Genome,1645,1,1,308,128.4,1,1,0,0,1,C_CYTO
GCF_022810665.1,Lactobacillus johnsonii,7409N31,Complete Genome,2008,1,1,308,129.4,1,1,0,0,1,C_CYTO
GCF_033704075.1,Lactobacillus johnsonii,KD1,Complete Genome,1651,1,1,308,120.7,1,1,0,0,1,C_CYTO
GCF_030218635.1,Lactobacillus jensenii,UMB0055,Contig,1490,1,1,311,110.0,1,1,0,0,1,C_CYTO
GCF_025191055.1,Lactobacillus johnsonii,CIRM-BIA 674,Contig,1625,1,1,308,122.4,1,1,0,0,1,C_CYTO
GCF_046581365.1,Lactobacillus johnsonii,GJ231,Complete Genome,1618,1,1,308,122.4,1,1,0,0,1,C_CYTO
GCF_022213385.1,Lactobacillus johnsonii,MR1,Complete Genome,1720,1,1,308,129.4,1,1,0,0,1,C_CYTO
GCF_978043835.1,Lactobacillus jensenii,-,Contig,1646,1,1,311,110.0,1,1,0,0,1,C_CYTO
GCF_034808125.1,Lactobacillus johnsonii,JNU3402,Contig,1910,1,1,308,121.8,1,1,0,0,1,C_CYTO
GCF_004684975.1,Lactobacillus johnsonii,Q1-7,Scaffold,2018,1,1,308,125.0,1,1,0,0,1,C_CYTO
GCF_002253185.1,Lactobacillus johnsonii,117x,Scaffold,1803,1,1,308,124.6,1,1,0,0,1,C_CYTO
GCF_003428395.1,Lactobacillus johnsonii,IDCC9203,Complete Genome,1730,1,1,308,122.4,1,1,0,0,1,C_CYTO
GCF_030237765.1,Lactobacillus johnsonii,C38,Contig,1683,1,1,308,122.4,1,1,0,0,1,C_CYTO
GCF_023483905.1,Lactobacillus johnsonii,PH-2,Scaffold,1710,1,1,308,124.7,1,1,0,0,1,C_CYTO
GCF_002269965.1,Lactobacillus johnsonii,UMNLJ114,Contig,1895,1,1,308,127.6,1,1,0,0,1,C_CYTO
GCF_038109155.1,Lactobacillus johnsonii,XZ17,Chromosome,1699,1,1,308,129.4,1,1,0,0,1,C_CYTO
GCF_039605655.1,Lactobacillus johnsonii,TCI250,Contig,1842,1,1,308,121.8,1,1,0,0,1,C_CYTO
GCF_018917265.1,Lactobacillus johnsonii,N16,Contig,1741,1,1,312,133.1,1,1,1,0,1,C_CYTO
GCF_910576225.1,Lactobacillus johnsonii,-,Contig,1781,1,1,308,128.5,1,1,0,0,1,C_CYTO
GCF_050847055.1,Lactobacillus johnsonii,TRM 1303,Contig,1954,1,1,308,124.1,1,1,0,0,1,C_CYTO
GCF_025191045.1,Lactobacillus johnsonii,CIRM-BIA 871,Contig,1627,1,1,308,122.4,1,1,0,0,1,C_CYTO
GCF_910574655.1,Lactobacillus johnsonii,-,Scaffold,1780,1,1,308,128.5,1,1,0,0,1,C_CYTO
GCF_902362355.2,Lactobacillus johnsonii,-,Scaffold,1771,1,1,308,128.5,1,1,0,0,1,C_CYTO
GCF_037546115.1,Lactobacillus johnsonii,TMW 1.142,Contig,1810,1,1,308,120.7,1,1,0,0,1,C_CYTO
GCF_025191025.1,Lactobacillus johnsonii,CIRM-BIA 900,Contig,1800,1,1,308,130.5,1,1,1,0,1,C_CYTO
GCF_020026475.1,Lactobacillus johnsonii,AER105,Contig,1678,1,1,308,123.9,1,1,0,0,1,C_CYTO
GCF_978044395.1,Lactobacillus johnsonii,-,Contig,1760,1,1,308,127.0,1,1,0,0,1,C_CYTO
GCF_002253165.1,Lactobacillus johnsonii,117q,Scaffold,1812,1,1,308,124.6,1,1,0,0,1,C_CYTO
GCF_041226605.1,Lactobacillus johnsonii,1-1,Scaffold,1770,1,1,308,129.4,1,1,0,0,1,C_CYTO
GCF_025190965.1,Lactobacillus johnsonii,CIRM-BIA 2080,Contig,1760,1,1,308,126.8,1,1,0,0,1,C_CYTO
GCF_009708135.1,Lactobacillus johnsonii,LL8,Contig,1963,1,1,308,128.4,1,1,0,0,1,C_CYTO
GCF_050314335.1,Lactobacillus johnsonii,SGI.100,Contig,1717,1,1,308,120.7,1,1,0,0,1,C_CYTO
GCF_978043885.1,Lactobacillus johnsonii,-,Contig,1762,1,1,308,127.0,1,1,0,0,1,C_CYTO
GCF_050314275.1,Lactobacillus johnsonii,SGI.105,Contig,1656,1,1,308,120.7,1,1,0,0,1,C_CYTO
GCF_050313855.1,Lactobacillus johnsonii,SGI.147,Contig,1688,1,1,308,126.7,1,1,0,0,1,C_CYTO
GCF_056485265.1,Lactobacillus delbrueckii subsp. bulgaricus,AY8,Complete Genome,1673,1,0,,,1,0,0,0,1,D_dltE_absent
GCF_001888965.1,Lactobacillus delbrueckii subsp. allosunkii,JCM 17838,Complete Genome,1809,1,0,,,1,0,0,0,1,D_dltE_absent
GCF_002270005.1,Lactobacillus johnsonii,UMNLJ50,Contig,1763,1,1,308,128.7,1,1,0,0,1,C_CYTO
GCF_003351805.1,Lactobacillus delbrueckii subsp. bulgaricus,L99,Complete Genome,1635,1,0,,,1,0,0,0,1,D_dltE_absent
GCF_035757545.1,Lactobacillus delbrueckii subsp. bulgaricus,SCB0695,Complete Genome,1900,1,0,,,1,0,0,0,1,D_dltE_absent
GCF_050314675.1,Lactobacillus johnsonii,SGI.084,Contig,1658,1,1,308,126.9,1,1,0,0,1,C_CYTO
GCF_050516295.1,Lactobacillus delbrueckii subsp. bulgaricus,CICC 6047,Complete Genome,1646,1,0,,,1,0,0,0,1,D_dltE_absent
GCF_025946805.1,Lactobacillus delbrueckii,sunkii,Complete Genome,1850,1,0,,,1,0,0,0,1,D_dltE_absent
GCF_044600755.1,Lactobacillus delbrueckii subsp. bulgaricus,1363,Complete Genome,1642,1,0,,,1,0,0,0,1,D_dltE_absent
GCF_041514405.1,Lactobacillus delbrueckii subsp. lactis,L24754,Complete Genome,1836,1,0,,,1,0,0,0,1,D_dltE_absent
GCF_045690285.1,Lactobacillus delbrueckii subsp. lactis,CKDB001,Complete Genome,1792,1,0,,,1,0,0,0,1,D_dltE_absent
GCF_041514375.1,Lactobacillus delbrueckii subsp. lactis,L24756,Complete Genome,1751,1,0,,,1,0,0,0,1,D_dltE_absent
GCF_002285775.1,Lactobacillus delbrueckii subsp. lactis,KCTC 3034,Complete Genome,1749,1,0,,,1,0,0,0,1,D_dltE_absent
GCF_041514365.1,Lactobacillus delbrueckii subsp. lactis,L24790,Complete Genome,1816,1,0,,,1,0,0,0,1,D_dltE_absent
GCF_042714215.1,Lactobacillus johnsonii,P8CEA12,Contig,1808,1,1,308,126.2,1,1,0,0,1,C_CYTO
GCF_044602765.1,Lactobacillus delbrueckii subsp. bulgaricus,771,Complete Genome,1631,1,0,,,1,0,0,0,1,D_dltE_absent
GCF_054072835.1,Lactobacillus delbrueckii subsp. bulgaricus,HC1983,Complete Genome,1905,1,0,,,1,0,0,0,1,D_dltE_absent
GCF_045033235.1,Lactobacillus delbrueckii subsp. bulgaricus,762,Contig,1632,1,0,,,1,0,0,0,1,D_dltE_absent
GCF_050313755.1,Lactobacillus johnsonii,SGI.157,Contig,1684,1,1,308,126.7,1,1,0,0,1,C_CYTO
GCF_013370935.1,Lactobacillus delbrueckii subsp. bulgaricus,CBC-LB8,Scaffold,1658,1,0,,,1,0,0,0,1,D_dltE_absent
GCF_000387565.1,Lactobacillus delbrueckii subsp. jakobsenii ZN7a-9 = DSM 26046,ZN7a-9,Contig,1625,1,0,,,1,0,0,0,1,D_dltE_absent
GCF_021133935.1,Lactobacillus delbrueckii subsp. bulgaricus,CIRM BIA 657,Contig,1667,1,0,,,1,0,0,0,1,D_dltE_absent
GCF_001888905.1,Lactobacillus delbrueckii subsp. lactis,KCCM 34717,Complete Genome,1746,1,0,,,1,0,0,0,1,D_dltE_absent
GCF_021133995.1,Lactobacillus delbrueckii subsp. bulgaricus,FAM 22166,Scaffold,1660,1,0,,,0,0,0,0,1,D_dltE_absent
GCF_025193805.1,Lactobacillus delbrueckii subsp. bulgaricus,CIRM-BIA 1586,Contig,1659,1,0,,,1,0,0,0,1,D_dltE_absent
GCF_001624905.1,Lactobacillus delbrueckii subsp. bulgaricus,Lb1-WT,Contig,1648,1,0,,,1,0,0,0,1,D_dltE_absent
GCF_002142575.1,Lactobacillus delbrueckii subsp. delbrueckii,TUA4408L,Complete Genome,1766,1,0,,,1,0,0,0,1,D_dltE_absent
GCF_045033255.1,Lactobacillus delbrueckii subsp. bulgaricus,371,Contig,1636,1,0,,,1,0,0,0,1,D_dltE_absent
GCF_045033275.1,Lactobacillus delbrueckii subsp. bulgaricus,271,Contig,1687,1,0,,,1,0,0,0,1,D_dltE_absent
GCF_045033155.1,Lactobacillus delbrueckii subsp. bulgaricus,1963b,Contig,1615,1,0,,,1,0,0,0,1,D_dltE_absent
GCF_015377785.1,Lactobacillus delbrueckii,P3MRA,Complete Genome,1678,1,0,,,1,0,0,0,1,D_dltE_absent
GCF_045033335.1,Lactobacillus delbrueckii subsp. bulgaricus,174,Contig,1636,1,0,,,1,0,0,0,1,D_dltE_absent
GCF_027858045.1,Lactobacillus delbrueckii,lbd111,Contig,1726,1,0,,,1,0,0,0,1,D_dltE_absent
GCF_021133755.1,Lactobacillus delbrueckii subsp. bulgaricus,CIRM BIA 2159,Scaffold,1683,1,0,,,1,0,0,0,1,D_dltE_absent
GCF_021091115.1,Lactobacillus delbrueckii subsp. lactis,CIDCA 133,Complete Genome,1903,1,0,,,1,0,0,0,1,D_dltE_absent
GCF_027681325.1,Lactobacillus delbrueckii,AF61-16pH5TA,Scaffold,1859,1,0,,,1,0,0,0,1,D_dltE_absent
GCF_030270065.1,Lactobacillus delbrueckii subsp. bulgaricus,ME-901,Scaffold,1657,1,0,,,1,0,0,0,1,D_dltE_absent
GCF_021229055.1,Lactobacillus delbrueckii subsp. bulgaricus,NBIMCC 8244 (187),Scaffold,1656,1,0,,,1,0,0,0,1,D_dltE_absent
GCF_001434635.1,Lactobacillus delbrueckii subsp. lactis DSM 20072,DSM 20072,Scaffold,1755,1,0,,,1,0,0,0,1,D_dltE_absent
GCF_025191945.1,Lactobacillus delbrueckii subsp. bulgaricus,CIRM-BIA 861,Contig,1676,1,0,,,1,0,0,0,1,D_dltE_absent
GCF_045033175.1,Lactobacillus delbrueckii subsp. bulgaricus,1461,Contig,1654,1,0,,,1,0,0,0,1,D_dltE_absent
GCF_001433875.1,Lactobacillus delbrueckii subsp. delbrueckii DSM 20074 = JCM 1012,DSM 20074,Scaffold,1613,1,0,,,1,0,0,0,1,D_dltE_absent
GCF_025191905.1,Lactobacillus delbrueckii subsp. bulgaricus,CIRM-BIA 1579,Contig,1740,1,0,,,1,0,0,0,1,D_dltE_absent
GCF_025186005.1,Lactobacillus delbrueckii,862,Contig,1753,1,0,,,1,0,0,0,1,D_dltE_absent
GCF_045033195.1,Lactobacillus delbrueckii subsp. bulgaricus,872,Contig,1668,1,0,,,1,0,0,0,1,D_dltE_absent
GCF_025191875.1,Lactobacillus delbrueckii subsp. bulgaricus,CIRM-BIA 1590,Contig,1699,1,0,,,1,0,0,0,1,D_dltE_absent
GCF_025193765.1,Lactobacillus delbrueckii subsp. bulgaricus,CIRM-BIA 1380,Contig,1663,1,0,,,1,0,0,0,1,D_dltE_absent
GCF_021600785.1,Lactobacillus delbrueckii,ME-783,Scaffold,2003,1,0,,,1,0,0,0,1,D_dltE_absent
GCF_047462615.1,Lactobacillus delbrueckii,WS4,Scaffold,1761,1,0,,,1,0,0,0,1,D_dltE_absent
GCF_029334925.1,Lactobacillus delbrueckii,Mehedi L4,Contig,1812,1,0,,,1,0,0,0,1,D_dltE_absent
GCF_027857845.1,Lactobacillus delbrueckii,lbl333,Contig,1920,1,0,,,1,0,0,0,1,D_dltE_absent
GCF_963920435.1,Lactobacillus delbrueckii,-,Scaffold,1892,1,0,,,1,0,0,0,1,D_dltE_absent
GCF_027857885.1,Lactobacillus delbrueckii,lbl147,Contig,1871,1,0,,,1,0,0,0,1,D_dltE_absent
GCF_045033315.1,Lactobacillus delbrueckii subsp. bulgaricus,261,Contig,1685,1,0,,,1,0,0,0,1,D_dltE_absent
GCF_963920345.1,Lactobacillus delbrueckii,-,Scaffold,1854,1,0,,,1,0,0,0,1,D_dltE_absent
GCF_021600625.1,Lactobacillus delbrueckii,ME-786,Scaffold,1885,1,0,,,1,0,0,0,1,D_dltE_absent
GCF_026891255.1,Lactobacillus delbrueckii,LDEL-06,Contig,1914,1,0,,,1,0,0,0,1,D_dltE_absent
GCF_001647065.1,Lactobacillus delbrueckii subsp. bulgaricus,LBB.B5,Contig,1690,1,0,,,1,0,0,0,1,D_dltE_absent
GCF_030228765.1,Lactobacillus delbrueckii,UMB10309,Contig,1831,1,0,,,1,0,0,0,1,D_dltE_absent
GCF_021600645.1,Lactobacillus delbrueckii,ME-785,Scaffold,1914,1,0,,,1,0,0,0,1,D_dltE_absent
GCF_019583415.1,Lactobacillus delbrueckii,SW-B10,Contig,1636,1,0,,,1,0,0,0,1,D_dltE_absent
GCF_025193865.1,Lactobacillus delbrueckii subsp. bulgaricus,CIRM-BIA 1581,Contig,1657,1,0,,,1,0,0,0,1,D_dltE_absent
GCF_023893715.1,Lactobacillus delbrueckii,Lb200,Contig,1780,1,0,,,1,0,0,0,1,D_dltE_absent
GCF_963920315.1,Lactobacillus delbrueckii,-,Scaffold,1895,1,0,,,1,0,0,0,1,D_dltE_absent
GCF_963920365.1,Lactobacillus delbrueckii,-,Scaffold,1861,1,0,,,1,0,0,0,1,D_dltE_absent
GCF_978043615.1,Lactobacillus delbrueckii,-,Contig,1879,1,0,,,1,0,0,0,1,D_dltE_absent
GCF_902374335.2,Lactobacillus delbrueckii,-,Scaffold,1737,1,0,,,1,0,0,0,1,D_dltE_absent
GCF_021134235.1,Lactobacillus delbrueckii subsp. lactis,NCIMB 701040,Scaffold,1911,1,0,,,1,0,0,0,1,D_dltE_absent
GCF_978044475.1,Lactobacillus delbrueckii,-,Contig,1918,1,0,,,1,0,0,0,1,D_dltE_absent
GCF_027857995.1,Lactobacillus delbrueckii,lbd93,Contig,1857,1,0,,,1,0,0,0,1,D_dltE_absent
GCF_030226535.1,Lactobacillus delbrueckii,UMB0005,Contig,1911,1,0,,,1,0,0,0,1,D_dltE_absent
GCF_042188245.1,Lactobacillus delbrueckii subsp. lactis,L24762,Contig,1761,1,0,,,1,0,0,0,1,D_dltE_absent
GCF_021601185.1,Lactobacillus delbrueckii,ME-805,Scaffold,1870,1,0,,,1,0,0,0,1,D_dltE_absent
GCF_021600545.1,Lactobacillus delbrueckii,ME-790,Scaffold,1842,1,0,,,1,0,0,0,1,D_dltE_absent
GCF_048145195.1,Lactobacillus delbrueckii subsp. lactis,PR25,Contig,1858,1,0,,,1,0,0,0,1,D_dltE_absent
GCF_021134395.1,Lactobacillus delbrueckii subsp. lactis,NCIMB 8183,Scaffold,1708,1,0,,,1,0,0,0,1,D_dltE_absent
GCF_025193555.1,Lactobacillus delbrueckii subsp. lactis,CIRM-BIA 207,Contig,1861,1,0,,,1,0,0,0,1,D_dltE_absent
GCF_021134315.1,Lactobacillus delbrueckii subsp. lactis,NCIMB 8964,Scaffold,1715,1,0,,,1,0,0,0,0,D_dltE_absent
GCF_021134035.1,Lactobacillus delbrueckii subsp. lactis,FAM 24850,Scaffold,1803,1,0,,,1,0,0,0,1,D_dltE_absent
GCF_021134595.1,Lactobacillus delbrueckii subsp. lactis,CIRM BIA 1368,Scaffold,1861,1,0,,,1,0,0,0,1,D_dltE_absent
GCF_021601085.1,Lactobacillus delbrueckii,ME-804,Scaffold,1973,1,0,,,0,0,0,0,1,D_dltE_absent
GCF_021600225.1,Lactobacillus delbrueckii,ME-807,Scaffold,1976,1,0,,,1,0,0,0,1,D_dltE_absent
GCF_021134355.1,Lactobacillus delbrueckii subsp. lactis,NCIMB 700280,Scaffold,1814,1,0,,,1,0,0,0,1,D_dltE_absent
GCF_042188965.1,Lactobacillus delbrueckii subsp. lactis,L11001,Contig,1796,1,0,,,1,0,0,0,1,D_dltE_absent
GCF_042187655.1,Lactobacillus delbrueckii subsp. lactis,L24787,Contig,1796,1,0,,,1,0,0,0,1,D_dltE_absent
GCF_021600405.1,Lactobacillus delbrueckii,ME-798,Scaffold,1869,1,0,,,1,0,0,0,1,D_dltE_absent
GCF_021135195.1,Lactobacillus delbrueckii subsp. lactis,FAM 21745,Contig,1810,1,0,,,1,0,0,0,1,D_dltE_absent
GCF_021135075.1,Lactobacillus delbrueckii subsp. lactis,FAM 21756,Contig,1844,1,0,,,1,0,0,0,1,D_dltE_absent
GCF_021135595.1,Lactobacillus delbrueckii subsp. lactis,FAM 8520,Contig,1829,1,0,,,1,0,0,0,1,D_dltE_absent
GCF_021134955.1,Lactobacillus delbrueckii subsp. lactis,FAM 21783,Scaffold,1825,1,0,,,1,0,0,0,1,D_dltE_absent
GCF_021134745.1,Lactobacillus delbrueckii subsp. lactis,CIRM BIA 230,Scaffold,1873,1,0,,,1,0,0,0,1,D_dltE_absent
GCF_042188435.1,Lactobacillus delbrueckii subsp. lactis,L24757,Contig,1770,1,0,,,1,0,0,0,1,D_dltE_absent
GCF_042188945.1,Lactobacillus delbrueckii subsp. lactis,L10996,Contig,1788,1,0,,,1,0,0,0,1,D_dltE_absent
GCF_021135405.1,Lactobacillus delbrueckii subsp. lactis,FAM 11129,Contig,1799,1,0,,,1,0,0,0,1,D_dltE_absent
GCF_042188645.1,Lactobacillus delbrueckii subsp. lactis,L21781,Contig,1765,1,0,,,1,0,0,0,1,D_dltE_absent
GCF_021229145.1,Lactobacillus delbrueckii subsp. lactis,NBIMCC 8250 (182),Scaffold,1834,1,0,,,1,0,0,0,1,D_dltE_absent
GCF_017367535.1,Lactobacillus delbrueckii subsp. lactis,24781,Contig,1767,1,0,,,1,0,0,0,1,D_dltE_absent
GCF_042188915.1,Lactobacillus delbrueckii subsp. lactis,L11010,Contig,1809,1,0,,,1,0,0,0,1,D_dltE_absent
GCF_042188395.1,Lactobacillus delbrueckii subsp. lactis,L24755,Contig,1718,1,0,,,1,0,0,0,1,D_dltE_absent
GCF_021135485.1,Lactobacillus delbrueckii subsp. lactis,FAM 10983,Scaffold,1874,1,0,,,1,0,0,0,1,D_dltE_absent
GCF_042188365.1,Lactobacillus delbrueckii subsp. lactis,L24759,Contig,1763,1,0,,,1,0,0,0,1,D_dltE_absent
GCF_054888255.1,Lactobacillus delbrueckii subsp. lactis,L13,Scaffold,1955,1,0,,,1,0,0,0,1,D_dltE_absent
GCF_025127065.1,Lactobacillus delbrueckii subsp. lactis,CIRM-BIA 214,Contig,1789,1,0,,,1,0,0,0,1,D_dltE_absent
GCF_017367555.1,Lactobacillus delbrueckii subsp. lactis,24779,Contig,1786,1,0,,,1,0,0,0,1,D_dltE_absent
GCF_042188565.1,Lactobacillus delbrueckii subsp. lactis,L24751,Contig,1786,1,0,,,1,0,0,0,1,D_dltE_absent
GCF_042188825.1,Lactobacillus delbrueckii subsp. lactis,L11024,Contig,1802,1,0,,,1,0,0,0,1,D_dltE_absent
GCF_017367325.1,Lactobacillus delbrueckii subsp. lactis,24777,Contig,1759,1,0,,,1,0,0,0,1,D_dltE_absent
GCF_042188325.1,Lactobacillus delbrueckii subsp. lactis,L24761,Contig,1644,1,0,,,1,0,0,0,1,D_dltE_absent
GCF_021135135.1,Lactobacillus delbrueckii subsp. lactis,FAM 21754,Contig,1836,1,0,,,1,0,0,0,1,D_dltE_absent
GCF_021134855.1,Lactobacillus delbrueckii subsp. lactis,FAM 22680,Contig,1702,1,0,,,1,0,0,0,1,D_dltE_absent
GCF_042187565.1,Lactobacillus delbrueckii subsp. lactis,L24791,Contig,1755,1,0,,,1,0,0,0,1,D_dltE_absent
GCF_030970755.1,Lactobacillus delbrueckii subsp. lactis,DRD-86,Scaffold,1783,1,0,,,1,0,0,0,1,D_dltE_absent
GCF_042187605.1,Lactobacillus delbrueckii subsp. lactis,L24793,Contig,1844,1,0,,,1,0,0,0,1,D_dltE_absent
GCF_030971265.1,Lactobacillus delbrueckii subsp. lactis,DRD-47,Scaffold,1786,1,0,,,1,0,0,0,1,D_dltE_absent
GCF_042187435.1,Lactobacillus delbrueckii subsp. lactis,L24799,Contig,1768,1,0,,,1,0,0,0,1,D_dltE_absent
GCF_021135235.1,Lactobacillus delbrueckii subsp. lactis,FAM 20408,Scaffold,1874,1,0,,,1,0,0,0,1,D_dltE_absent
GCF_030971285.1,Lactobacillus delbrueckii subsp. lactis,DRD-16,Scaffold,1784,1,0,,,1,0,0,0,1,D_dltE_absent
GCF_021134615.1,Lactobacillus delbrueckii subsp. lactis,CIRM BIA 267,Scaffold,1792,1,0,,,1,0,0,0,1,D_dltE_absent
GCF_017367625.1,Lactobacillus delbrueckii subsp. lactis,12105,Scaffold,1812,1,0,,,1,0,0,0,1,D_dltE_absent
GCF_026891475.1,Lactobacillus delbrueckii subsp. allosunkii,PR-7,Contig,1872,1,0,,,1,0,0,0,1,D_dltE_absent
GCF_021134935.1,Lactobacillus delbrueckii subsp. lactis,FAM 22093,Scaffold,1726,1,0,,,1,0,0,0,1,D_dltE_absent
GCF_030405925.1,Lactobacillus delbrueckii subsp. indicus,TY-11,Contig,1902,1,0,,,1,0,0,0,1,D_dltE_absent
GCF_025191865.1,Lactobacillus delbrueckii subsp. lactis,CIRM-BIA 209,Contig,1805,1,0,,,1,0,0,0,1,D_dltE_absent
GCF_042188695.1,Lactobacillus delbrueckii subsp. lactis,L21747,Scaffold,1853,1,0,,,1,0,0,0,1,D_dltE_absent
GCF_021134835.1,Lactobacillus delbrueckii subsp. allosunkii,CIP 101810,Scaffold,1905,1,0,,,1,0,0,0,1,D_dltE_absent
GCF_025193875.1,Lactobacillus delbrueckii subsp. lactis,CIRM-BIA 264,Contig,1789,1,0,,,1,0,0,0,1,D_dltE_absent
GCF_026891265.1,Lactobacillus delbrueckii subsp. allosunkii,LDEL-09,Contig,1931,1,0,,,1,0,0,0,1,D_dltE_absent
GCF_025193925.1,Lactobacillus delbrueckii subsp. lactis,CIRM-BIA 1377,Contig,1733,1,0,,,1,0,0,0,1,D_dltE_absent
GCF_048145885.1,Lactobacillus delbrueckii subsp. allosunkii,LDEL04,Contig,1869,1,0,,,1,0,0,0,1,D_dltE_absent
GCF_021134735.1,Lactobacillus delbrueckii subsp. lactis,CIRM BIA 233,Scaffold,1797,1,0,,,1,0,0,0,1,D_dltE_absent
GCF_021134695.1,Lactobacillus delbrueckii subsp. lactis,CIRM BIA 234,Scaffold,1806,1,0,,,1,0,0,0,1,D_dltE_absent
GCF_005886075.1,Lactobacillus paragasseri JV-V03,JV-V03,Complete Genome,1878,1,1,308,131.4,1,1,1,0,1,C_CYTO
GCF_001263315.1,Lactobacillus delbrueckii subsp. delbrueckii,KACC 13439,Contig,1609,1,0,,,1,0,0,0,1,D_dltE_absent
GCF_021135575.1,Lactobacillus delbrueckii subsp. lactis,FAM 1200,Scaffold,1793,1,0,,,1,0,0,0,1,D_dltE_absent
GCF_048145545.1,Lactobacillus delbrueckii subsp. allosunkii,PR05,Contig,1873,1,0,,,1,0,0,0,1,D_dltE_absent
GCF_021600925.1,Lactobacillus delbrueckii subsp. allosunkii,NRIC 0767,Scaffold,1871,1,0,,,1,0,0,0,1,D_dltE_absent
GCF_021134275.1,Lactobacillus delbrueckii subsp. lactis,NCIMB 700860,Scaffold,1840,1,0,,,0,0,0,0,1,D_dltE_absent
GCF_042187765.1,Lactobacillus delbrueckii subsp. lactis,L24774,Contig,1771,1,0,,,1,0,0,0,1,D_dltE_absent
GCF_978042745.1,Lactobacillus paragasseri,-,Contig,1812,1,1,308,133.5,1,1,1,0,1,C_CYTO
GCF_048145305.1,Lactobacillus delbrueckii subsp. allosunkii,PR19,Contig,1873,1,0,,,1,0,0,0,1,D_dltE_absent
GCF_052221085.1,Lactobacillus paragasseri,R3_770/9,Contig,1823,1,1,308,133.5,1,1,1,0,1,C_CYTO
GCF_025193685.1,Lactobacillus delbrueckii subsp. lactis,CIRM-BIA 1375,Contig,1704,1,0,,,1,0,0,0,1,D_dltE_absent
GCF_048145285.1,Lactobacillus delbrueckii subsp. allosunkii,PR18,Contig,1879,1,0,,,1,0,0,0,1,D_dltE_absent
GCF_048144905.1,Lactobacillus delbrueckii subsp. allosunkii,PR31,Contig,1871,1,0,,,1,0,0,0,1,D_dltE_absent
GCF_035621675.1,Lactobacillus paragasseri,SYP-B4209,Complete Genome,1849,1,1,308,131.4,1,1,1,0,1,C_CYTO
GCF_978042765.1,Lactobacillus paragasseri,-,Contig,1747,1,1,308,131.9,1,1,1,0,1,C_CYTO
GCF_048144865.1,Lactobacillus delbrueckii subsp. allosunkii,PR32,Contig,1851,1,0,,,1,0,0,0,1,D_dltE_absent
GCF_048145085.1,Lactobacillus delbrueckii subsp. allosunkii,PR26,Contig,1838,1,0,,,1,0,0,0,1,D_dltE_absent
GCF_048145245.1,Lactobacillus delbrueckii subsp. allosunkii,PR22,Contig,1775,1,0,,,1,0,0,0,1,D_dltE_absent
GCF_964656005.1,Lactobacillus paragasseri,-,Contig,1745,1,1,308,133.2,1,1,1,0,1,C_CYTO
GCF_048145665.1,Lactobacillus delbrueckii subsp. allosunkii,LDEL25,Contig,1870,1,0,,,1,0,0,0,1,D_dltE_absent
GCF_035621655.1,Lactobacillus paragasseri,SYP-B4209,Complete Genome,1855,1,1,308,131.9,1,1,1,0,1,C_CYTO
GCF_043002145.1,Lactobacillus paragasseri,CM2267_MRS2,Complete Genome,1772,1,1,308,131.4,1,1,1,0,1,C_CYTO
GCF_030216965.1,Lactobacillus paragasseri,UMB5640,Contig,1820,1,1,308,131.9,1,1,1,0,1,C_CYTO
GCF_048145565.1,Lactobacillus delbrueckii subsp. allosunkii,PR01,Contig,1861,1,0,,,1,0,0,0,1,D_dltE_absent
GCF_030225955.1,Lactobacillus paragasseri,UMB9935,Contig,1740,1,1,308,129.6,1,1,0,0,1,C_CYTO
GCF_054075045.1,Lactobacillus paragasseri,BA4,Contig,1810,1,1,308,133.7,1,1,1,0,1,C_CYTO
GCF_049191805.1,Lactobacillus paragasseri,IATA141,Contig,1855,1,1,308,133.4,1,1,1,0,1,C_CYTO
GCF_048145625.1,Lactobacillus delbrueckii subsp. allosunkii,LDEL26,Contig,1831,1,0,,,1,0,0,0,1,D_dltE_absent
GCF_015550525.1,Lactobacillus paragasseri,1001095IJ_161003_B4,Scaffold,1862,1,1,308,132.1,1,1,1,0,1,C_CYTO
GCF_030218525.1,Lactobacillus paragasseri,UMB0725,Contig,1857,1,1,308,131.4,1,1,1,0,1,C_CYTO
GCF_056585635.1,Lactobacillus paragasseri,C0163A3,Contig,1836,1,1,308,131.4,1,1,1,0,1,C_CYTO
GCF_054658555.1,Lactobacillus paragasseri,VLG1,Scaffold,1734,1,1,308,131.4,1,1,1,0,1,C_CYTO
GCF_049191415.1,Lactobacillus paragasseri,IATA108,Contig,1980,1,1,308,130.5,1,1,1,0,1,C_CYTO
GCF_033803665.1,Lactobacillus paragasseri,UMB4933,Contig,1797,1,1,308,131.4,1,1,1,0,1,C_CYTO
GCF_030225275.1,Lactobacillus paragasseri,UMB0010A,Contig,1848,1,1,308,131.4,1,1,1,0,1,C_CYTO
GCF_030226085.1,Lactobacillus paragasseri,UMB9291B,Contig,1804,1,1,308,131.4,1,1,1,0,1,C_CYTO
GCF_033804245.1,Lactobacillus paragasseri,UMB3579,Contig,1726,1,1,308,129.6,1,1,0,0,1,C_CYTO
GCF_024463435.1,Lactobacillus paragasseri,DFI.2.88,Contig,1792,1,1,308,133.7,1,1,1,0,1,C_CYTO
GCF_000179375.1,Lactobacillus delbrueckii subsp. bulgaricus PB2003/044-T3-4,PB2003/044-T3-4,Contig,1843,1,0,,,1,0,0,0,1,D_dltE_absent
GCF_027666495.1,Lactobacillus paragasseri,AM75-02pH5,Scaffold,1988,1,1,308,130.5,1,1,1,0,1,C_CYTO
GCF_000406345.2,Lactobacillus paragasseri K7,K7,Scaffold,1852,1,1,308,130.5,1,1,1,0,1,C_CYTO
GCF_032377175.1,Lactobacillus paragasseri,UMB1634,Contig,1828,1,1,308,130.5,1,1,1,0,1,C_CYTO
GCF_978044405.1,Lactobacillus paragasseri,-,Contig,1779,1,1,308,131.4,1,1,1,0,1,C_CYTO
GCF_033803745.1,Lactobacillus paragasseri,UMB6101,Contig,1832,1,1,308,131.4,1,1,1,0,1,C_CYTO
GCF_028309085.1,Lactobacillus amylovorus,374A,Contig,2048,1,1,313,129.3,1,1,0,0,1,C_CYTO
GCF_028308365.1,Lactobacillus amylovorus,M971A,Contig,1815,1,1,313,131.1,1,1,1,0,1,C_CYTO
GCF_030216895.1,Lactobacillus paragasseri,UMB6357,Contig,1756,1,1,308,130.5,1,1,1,0,1,C_CYTO
GCF_059552085.1,Lactobacillus paragasseri,LG4,Contig,1765,1,1,308,130.5,1,1,1,0,1,C_CYTO
GCF_057333835.1,Lactobacillus paragasseri,UFMG 007,Scaffold,1962,1,1,308,131.9,1,1,1,0,1,C_CYTO
GCF_039751115.1,Lactobacillus paragasseri,RTP21428st1_E7_RTP21428_210409,Scaffold,1823,1,1,308,131.4,1,1,1,0,1,C_CYTO
GCF_032376705.1,Lactobacillus paragasseri,UMB4347,Contig,1745,1,1,308,131.9,1,1,1,0,1,C_CYTO
GCF_010092655.1,Lactobacillus paragasseri,Indica,Scaffold,1738,1,1,308,133.2,1,1,1,0,1,C_CYTO
GCF_039751195.1,Lactobacillus paragasseri,RTP21428st1_E10_RTP21428_210409,Scaffold,1795,1,1,308,131.4,1,1,1,0,1,C_CYTO
GCF_033803685.1,Lactobacillus paragasseri,UMB7023,Contig,1950,1,1,308,130.5,1,1,1,0,1,C_CYTO
GCF_003307295.1,Lactobacillus paragasseri,JCM 5344,Contig,1853,1,1,308,130.5,1,1,1,0,1,C_CYTO
GCF_006982025.1,Lactobacillus paragasseri,7135,Contig,1852,1,1,308,131.4,1,1,1,0,1,C_CYTO
GCF_026184355.1,Lactobacillus amylovorus,CICC 6090,Complete Genome,1850,1,1,313,129.8,1,1,0,0,1,C_CYTO
GCF_060344095.1,Lactobacillus amylovorus,LBMFMM1A,Chromosome,1957,1,1,313,131.8,1,1,1,0,1,C_CYTO
GCF_020149995.1,Lactobacillus amylovorus,MT30,Complete Genome,1743,1,1,313,135.0,1,1,1,0,1,C_CYTO
GCF_052118685.1,Lactobacillus amylovorus,LCP21S3_B4,Contig,1807,1,1,313,134.4,1,1,1,0,1,C_CYTO
GCF_052119245.1,Lactobacillus amylovorus,LCP19S3_G9,Contig,1827,1,1,313,131.1,1,1,1,0,1,C_CYTO
GCF_059445725.1,Lactobacillus amylovorus,SPD200,Scaffold,1782,1,1,313,131.1,1,1,1,0,1,C_CYTO
GCF_028308925.1,Lactobacillus amylovorus,M581A,Contig,1831,1,1,313,129.3,1,1,0,0,1,C_CYTO
GCF_003465905.1,Lactobacillus amylovorus subsp. animalium,AF08-3,Scaffold,1907,1,1,313,128.5,1,1,0,0,1,C_CYTO
GCF_028308995.1,Lactobacillus amylovorus,M388A,Contig,1849,1,1,313,127.3,1,1,0,0,1,C_CYTO
GCF_052118505.1,Lactobacillus amylovorus,LCP21S3_C6,Contig,1754,1,1,313,133.9,1,1,1,0,1,C_CYTO
GCF_028309055.1,Lactobacillus amylovorus,M356A,Contig,2032,1,1,313,128.3,1,1,0,0,1,C_CYTO
GCF_052118725.1,Lactobacillus amylovorus,LCP21S3_B12,Contig,1862,1,1,313,134.4,1,1,1,0,1,C_CYTO
GCF_059445845.1,Lactobacillus amylovorus,HZS196,Scaffold,1753,1,1,313,128.3,1,1,0,0,1,C_CYTO
GCF_052121975.1,Lactobacillus amylovorus,LCP19S3_A8,Contig,1822,1,1,313,128.3,1,1,0,0,1,C_CYTO
GCF_052063875.1,Lactobacillus amylovorus,HCP3S3_D5,Contig,1923,1,1,313,134.4,1,1,1,0,1,C_CYTO
GCF_001704335.1,Lactiplantibacillus plantarum,DF,Complete Genome,3354,1,1,397,831.9,1,1,1,1,1,A_TM
GCF_059445765.1,Lactobacillus amylovorus,HZS262,Scaffold,1762,1,1,313,133.6,1,1,1,0,1,C_CYTO
GCF_028308985.1,Lactobacillus amylovorus,M374A,Contig,1859,1,1,313,128.3,1,1,0,0,1,C_CYTO
GCF_052066335.1,Lactobacillus amylovorus,HCP28S3_A8,Contig,1909,1,1,313,128.6,1,1,0,0,1,C_CYTO
GCF_028308865.1,Lactobacillus amylovorus,M624A,Contig,1848,1,1,313,128.3,1,1,0,0,1,C_CYTO
GCF_059445925.1,Lactobacillus amylovorus,HZS112,Scaffold,1741,1,1,313,131.1,1,1,1,0,1,C_CYTO
GCF_052065275.1,Lactobacillus amylovorus,HCP28S3_F8,Contig,1864,1,1,313,130.2,1,1,1,0,1,C_CYTO
GCF_029477185.1,Lactobacillus amylovorus,KSAU,Scaffold,2075,1,1,313,127.7,1,1,0,0,1,C_CYTO
GCF_002220175.1,Lactiplantibacillus plantarum,dm,Complete Genome,3048,1,1,397,831.9,1,1,1,1,1,A_TM
GCF_028308685.1,Lactobacillus amylovorus,M737A,Contig,1816,1,1,313,128.7,1,1,0,0,1,C_CYTO
GCF_052064655.1,Lactobacillus amylovorus,HCP3S3_A12,Contig,2088,1,1,313,128.7,1,1,0,0,1,C_CYTO
GCF_014656585.1,Lactobacillus kefiranofaciens,1207,Complete Genome,1907,1,1,314,126.0,1,1,0,0,1,C_CYTO
GCF_015693925.1,Lactiplantibacillus plantarum,ZDY2013,Complete Genome,3002,1,1,397,833.4,1,1,1,1,1,A_TM
GCF_001434195.1,Lactobacillus kefiranofaciens subsp. kefirgranum DSM 10550 = JCM 8572,DSM 10550,Scaffold,1926,1,1,314,126.0,1,1,0,0,1,C_CYTO
GCF_038592865.1,Lactiplantibacillus plantarum,CS3,Complete Genome,2968,1,1,397,831.9,1,1,1,1,1,A_TM
GCF_028308885.1,Lactobacillus amylovorus,M597B,Contig,1960,1,1,313,130.1,1,1,1,0,1,C_CYTO
GCF_040365475.1,Lactobacillus amylovorus subsp. animalium,TKL145,Contig,1929,1,1,313,128.8,1,1,0,0,1,C_CYTO
GCF_029906445.1,Lactobacillus kefiranofaciens,ZW18,Complete Genome,2050,1,1,314,126.0,1,1,0,0,1,C_CYTO
GCF_059445605.1,Lactobacillus amylovorus,SPR800,Scaffold,1738,1,1,313,128.3,1,1,0,0,1,C_CYTO
GCF_052065095.1,Lactobacillus amylovorus,HCP28S3_G8,Contig,1866,1,1,313,130.2,1,1,1,0,1,C_CYTO
GCF_009184665.1,Lactobacillus kefiranofaciens subsp. kefiranofaciens,LKK75,Complete Genome,2013,1,1,314,126.0,1,1,0,0,1,C_CYTO
GCF_009762745.1,Lactiplantibacillus plantarum,8P-A3,Complete Genome,3011,1,1,397,831.9,1,1,1,1,1,A_TM
GCF_025194615.1,Lactobacillus amylovorus,CIRM-BIA 669,Contig,1917,1,1,313,134.3,1,1,1,0,1,C_CYTO
GCF_002276565.1,Lactobacillus kefiranofaciens,KR,Contig,1931,1,1,314,126.0,1,1,0,0,1,C_CYTO
GCF_003589725.1,Lactiplantibacillus plantarum,ZFM55,Complete Genome,3081,1,1,397,831.9,1,1,1,1,1,A_TM
GCF_049241955.1,Lactiplantibacillus plantarum,BLP3,Complete Genome,3225,1,1,397,831.9,1,1,1,1,1,A_TM
GCF_036245455.1,Lactobacillus amylovorus subsp. amylovorus,YK10,Contig,1649,1,1,313,132.9,1,1,1,0,1,C_CYTO
GCF_013155145.1,Lactiplantibacillus plantarum,CNEI-KCA4,Complete Genome,3054,1,1,397,831.9,1,1,1,1,1,A_TM
GCF_040039785.1,Lactobacillus kefiranofaciens,-,Chromosome,1993,1,1,314,126.0,1,1,0,0,1,C_CYTO
GCF_059621345.1,Lactiplantibacillus plantarum,COC6726,Complete Genome,3068,1,1,397,831.9,1,1,1,1,1,A_TM
GCF_057815115.1,Lactiplantibacillus plantarum,MOIA PANSUNG_MP49,Complete Genome,3218,1,1,397,831.9,1,1,1,1,1,A_TM
GCF_001672035.1,Lactiplantibacillus plantarum,NCU116,Complete Genome,3078,1,1,397,865.1,1,1,1,1,1,A_TM
GCF_026153115.1,Lactiplantibacillus plantarum,L55,Complete Genome,3069,1,1,397,831.9,1,1,1,1,1,A_TM
GCF_001484005.1,Lactiplantibacillus plantarum,LZ95,Complete Genome,3008,1,1,397,831.9,1,1,1,1,1,A_TM
GCF_052692365.1,Lactiplantibacillus plantarum,MTY101,Complete Genome,3110,1,1,397,831.9,1,1,1,1,1,A_TM
GCF_023973045.1,Lactiplantibacillus plantarum,Z.6-1,Complete Genome,3015,1,1,397,831.9,1,1,1,1,1,A_TM
GCF_051557165.1,Lactiplantibacillus plantarum,NX87,Complete Genome,3169,1,1,397,833.4,1,1,1,1,1,A_TM
GCF_055234055.1,Lactiplantibacillus plantarum,GL4,Complete Genome,3033,1,1,397,831.9,1,1,1,1,1,A_TM
GCF_018351295.1,Lactiplantibacillus plantarum,ATCC 202195,Complete Genome,3054,1,1,397,831.9,1,1,1,1,1,A_TM
GCF_057365125.1,Lactiplantibacillus plantarum,LAB-GS-CSR1,Complete Genome,2976,1,1,397,831.9,1,1,1,1,1,A_TM
GCF_035338015.1,Lactiplantibacillus plantarum,CYLB561,Complete Genome,3137,1,1,397,833.4,1,1,1,1,1,A_TM
GCF_041531555.1,Lactiplantibacillus plantarum,G2Lp,Complete Genome,3142,1,1,397,831.9,1,1,1,1,1,A_TM
GCF_000931425.2,Lactiplantibacillus plantarum,B21,Complete Genome,3001,1,1,397,833.4,1,1,1,1,1,A_TM
GCF_010092485.1,Lactiplantibacillus plantarum,CACC 558,Complete Genome,3048,1,1,397,831.9,1,1,1,1,1,A_TM
GCF_017742875.1,Lactiplantibacillus plantarum,LRCC5314,Complete Genome,2959,1,1,397,831.9,1,1,1,1,1,A_TM
GCF_002576835.1,Lactiplantibacillus plantarum,PC520,Complete Genome,3115,1,1,397,828.2,1,1,1,1,1,A_TM
GCF_030297695.1,Lactiplantibacillus plantarum,IYO2065,Complete Genome,2998,1,1,397,831.9,1,1,1,1,1,A_TM
GCF_027557615.1,Lactiplantibacillus plantarum,FLPL05,Complete Genome,2985,1,1,397,833.4,1,1,1,1,1,A_TM
GCF_060336945.1,Lactiplantibacillus plantarum,CMUB-N14,Complete Genome,3049,1,1,397,831.9,1,1,1,1,1,A_TM
GCF_004103495.1,Lactiplantibacillus plantarum,SRCM103472,Complete Genome,2981,1,1,397,831.9,1,1,1,1,1,A_TM
GCF_013367715.1,Lactiplantibacillus plantarum,Heal19,Complete Genome,3054,1,1,397,865.1,1,1,1,1,1,A_TM
GCF_004103515.1,Lactiplantibacillus plantarum,SRCM103473,Complete Genome,3003,1,1,397,831.9,1,1,1,1,1,A_TM
GCF_026013765.1,Lactiplantibacillus plantarum,E2,Complete Genome,3154,1,1,397,831.9,1,1,1,1,1,A_TM
GCF_025144505.1,Lactiplantibacillus plantarum,HMX2,Complete Genome,2989,1,1,397,831.9,1,1,1,1,1,A_TM
GCF_058134625.1,Lactiplantibacillus plantarum,UCPH LP12,Complete Genome,3081,1,1,397,865.1,1,1,1,1,1,A_TM
GCF_059946885.1,Lactiplantibacillus plantarum,DLP413,Complete Genome,3015,1,1,397,831.9,1,1,1,1,1,A_TM
GCF_031348585.1,Lactiplantibacillus plantarum,KCKM 0597,Complete Genome,2925,1,1,397,831.9,1,1,1,1,1,A_TM
GCF_029542245.1,Lactiplantibacillus plantarum,EN6,Complete Genome,2968,1,1,397,831.9,1,1,1,1,1,A_TM
GCF_040745055.1,Lactiplantibacillus plantarum,CMTB-TF1,Complete Genome,3011,1,1,397,831.9,1,1,1,1,1,A_TM
GCF_041344935.1,Lactiplantibacillus plantarum,HD02,Complete Genome,3033,1,1,397,831.9,1,1,1,1,1,A_TM
GCF_031432955.1,Lactiplantibacillus plantarum,KCKM 0112,Complete Genome,3036,1,1,397,833.4,1,1,1,1,1,A_TM
GCF_031877725.1,Lactiplantibacillus plantarum,SYBC-SM3,Complete Genome,2974,1,1,397,865.1,1,1,1,1,1,A_TM
GCF_036259715.1,Lactiplantibacillus plantarum,VHProbi M25,Complete Genome,3038,1,1,397,831.9,1,1,1,1,1,A_TM
GCF_002948215.1,Lactiplantibacillus plantarum,KC28,Complete Genome,2988,1,1,397,831.9,1,1,1,1,1,A_TM
GCF_023348385.1,Lactiplantibacillus plantarum,LPC904,Complete Genome,2992,1,1,397,831.9,1,1,1,1,1,A_TM
GCF_047277305.1,Lactiplantibacillus plantarum,ZJ316PV,Complete Genome,2946,1,1,397,831.9,1,1,1,1,1,A_TM
GCF_037414405.1,Lactiplantibacillus plantarum,CUDS1073,Complete Genome,2963,1,1,397,833.4,1,1,1,1,1,A_TM
GCF_016838645.1,Lactiplantibacillus plantarum,KM2,Complete Genome,3102,1,1,397,833.4,1,1,1,1,1,A_TM
GCF_058091815.1,Lactiplantibacillus plantarum,DPUL-F232,Complete Genome,3000,1,1,397,828.2,1,1,1,1,1,A_TM
GCF_002109425.1,Lactiplantibacillus plantarum,LP2,Complete Genome,2951,1,1,397,828.2,1,1,1,1,1,A_TM
GCF_004319665.1,Lactiplantibacillus plantarum,IRG1,Complete Genome,3072,1,1,397,833.4,1,1,1,1,1,A_TM
GCF_029590535.1,Lactiplantibacillus plantarum,ZFM518,Complete Genome,3027,1,1,397,831.9,1,1,1,1,1,A_TM
GCF_056821015.1,Lactiplantibacillus plantarum,HP-B1718,Complete Genome,3003,1,1,397,828.2,1,1,1,1,1,A_TM
GCF_004101505.1,Lactiplantibacillus plantarum,SRCM103357,Complete Genome,3154,1,1,397,833.4,1,1,1,1,1,A_TM
GCF_003627335.1,Lactiplantibacillus plantarum,ZFM9,Complete Genome,3108,1,1,397,831.9,1,1,1,1,1,A_TM
GCF_059488785.1,Lactiplantibacillus plantarum,BH3-1,Complete Genome,3027,1,1,397,831.9,1,1,1,1,1,A_TM
GCF_002173655.1,Lactiplantibacillus plantarum,SRCM102022,Complete Genome,3042,1,1,397,865.1,1,1,1,1,1,A_TM
GCF_049188355.1,Lactiplantibacillus plantarum,CQ01-107,Complete Genome,3054,1,1,397,833.4,1,1,1,1,1,A_TM
GCF_029854235.1,Lactiplantibacillus plantarum,MA2,Complete Genome,2989,1,1,397,831.9,1,1,1,1,1,A_TM
GCF_003097595.1,Lactiplantibacillus plantarum,LQ80,Complete Genome,3152,1,1,397,865.1,1,1,1,1,1,A_TM
GCF_058134825.1,Lactiplantibacillus plantarum,UCPH LP13,Complete Genome,3234,1,1,397,831.9,1,1,1,1,1,A_TM
GCF_038743365.1,Lactiplantibacillus plantarum,HOM2217,Complete Genome,2997,1,1,397,828.2,1,1,1,1,1,A_TM
GCF_002286275.1,Lactiplantibacillus plantarum,LP3,Complete Genome,3014,1,1,397,833.4,1,1,1,1,1,A_TM
GCF_024970125.1,Lactiplantibacillus plantarum,SRCM210579,Complete Genome,2990,1,1,397,831.9,1,1,1,1,1,A_TM
GCF_023207995.1,Lactiplantibacillus plantarum,LP-F1,Complete Genome,3004,1,1,397,828.2,1,1,1,1,1,A_TM
GCF_058066585.1,Lactiplantibacillus plantarum,NR1-7,Complete Genome,3182,1,1,397,831.9,1,1,1,1,1,A_TM
GCF_030297735.1,Lactiplantibacillus plantarum,AWA2045,Complete Genome,2995,1,1,397,831.9,1,1,1,1,1,A_TM
GCF_057895855.1,Lactiplantibacillus plantarum,J2K-1229,Complete Genome,3067,1,1,397,831.9,1,1,1,1,1,A_TM
GCF_017351995.1,Lactiplantibacillus plantarum,AR195,Complete Genome,3064,1,1,397,833.4,1,1,1,1,1,A_TM
GCF_001596095.1,Lactiplantibacillus plantarum,JBE245,Complete Genome,2969,1,1,397,831.9,1,1,1,1,1,A_TM
GCF_051123805.1,Lactiplantibacillus plantarum,Z43,Complete Genome,2954,1,1,391,718.3,1,1,1,1,1,B_SP
GCF_009913635.1,Lactiplantibacillus plantarum,SRCM100440,Complete Genome,2908,1,1,397,831.9,1,1,1,1,1,A_TM
GCF_009913855.1,Lactiplantibacillus plantarum,SRCM101518,Complete Genome,3111,1,1,397,833.4,1,1,1,1,1,A_TM
GCF_041222805.1,Lactiplantibacillus plantarum,BD-LP,Complete Genome,2981,1,1,397,833.4,1,1,1,1,1,A_TM
GCF_024442115.1,Lactiplantibacillus plantarum,LpYC41,Complete Genome,3007,1,1,397,833.4,1,1,1,1,1,A_TM
GCF_001990145.1,Lactiplantibacillus plantarum,RI-113,Complete Genome,3164,1,1,397,830.1,1,1,1,1,1,A_TM
GCF_032818175.1,Lactiplantibacillus plantarum,Ep-M17,Complete Genome,3066,1,1,397,831.9,1,1,1,1,1,A_TM
GCF_024970145.1,Lactiplantibacillus plantarum,SRCM210580,Complete Genome,2992,1,1,397,831.9,1,1,1,1,1,A_TM
GCF_057736635.1,Lactiplantibacillus plantarum,LA-4,Complete Genome,3023,1,1,397,833.4,1,1,1,1,1,A_TM
GCF_017301935.1,Lactiplantibacillus plantarum,12,Complete Genome,2987,1,1,397,828.2,1,1,1,1,1,A_TM
GCF_057073535.1,Lactiplantibacillus plantarum,HO4,Complete Genome,3016,1,1,397,831.9,1,1,1,1,1,A_TM
GCF_004028335.1,Lactiplantibacillus plantarum,12_3,Complete Genome,3093,1,1,391,718.3,1,1,1,1,1,B_SP
GCF_057400295.1,Lactiplantibacillus plantarum,WYP,Complete Genome,3050,1,1,397,865.1,1,1,1,1,1,A_TM
GCF_007833595.1,Lactiplantibacillus plantarum,Y44,Complete Genome,2985,1,1,397,828.2,1,1,1,1,1,A_TM
GCF_057400285.1,Lactiplantibacillus plantarum,XHQ-007,Complete Genome,3048,1,1,397,865.1,1,1,1,1,1,A_TM
GCF_003692595.1,Lactiplantibacillus plantarum,KACC 92189,Complete Genome,3077,1,1,397,833.4,1,1,1,0,1,A_TM
GCF_030463605.1,Lactiplantibacillus plantarum,HC-2,Complete Genome,3082,1,1,397,831.9,1,1,1,1,1,A_TM
GCF_037113575.1,Lactiplantibacillus plantarum,IMB19,Complete Genome,2946,1,1,397,831.9,1,1,1,1,1,A_TM
GCF_028768485.1,Lactiplantibacillus plantarum,SMB758,Complete Genome,2971,1,1,397,831.9,1,1,1,1,1,A_TM
GCF_058134455.1,Lactiplantibacillus plantarum,UCPH LP9,Complete Genome,2963,1,1,397,831.9,1,1,1,1,1,A_TM
GCF_040356725.1,Lactiplantibacillus plantarum,FNZ042,Complete Genome,2957,1,1,397,831.9,1,1,1,1,1,A_TM
GCF_009913975.1,Lactiplantibacillus plantarum,SRCM102737,Complete Genome,3063,1,1,397,831.9,1,1,1,1,1,A_TM
GCF_056618465.1,Lactiplantibacillus plantarum,BIM B-404D,Complete Genome,3136,1,1,397,833.4,1,1,1,1,1,A_TM
GCF_059873945.1,Lactiplantibacillus plantarum,2-2,Complete Genome,2861,0,1,397,831.9,1,1,1,1,1,E_no_dlt
GCF_033024555.1,Lactiplantibacillus plantarum,MDBL 269,Complete Genome,2953,1,1,397,831.9,1,1,1,1,1,A_TM
GCF_038024955.1,Lactiplantibacillus plantarum,LP140,Complete Genome,3040,1,1,397,831.9,1,1,1,1,1,A_TM
GCF_029854335.1,Lactiplantibacillus plantarum,MY04,Complete Genome,3031,1,1,397,831.9,1,1,1,1,1,A_TM
GCF_052063245.1,Lactiplantibacillus plantarum,MY-2,Complete Genome,3003,1,1,397,831.5,1,1,1,1,1,A_TM
GCF_049190885.1,Lactiplantibacillus plantarum,LPJBC5,Complete Genome,2898,1,1,397,831.9,1,1,1,1,1,A_TM
GCF_014840995.1,Lactiplantibacillus plantarum,PMO08,Complete Genome,3012,1,1,397,831.9,1,1,1,1,1,A_TM
GCF_019399915.1,Lactiplantibacillus plantarum,41P,Complete Genome,2965,1,1,391,718.3,1,1,1,1,1,B_SP
GCF_001880185.2,Lactiplantibacillus plantarum,MF1298,Complete Genome,3219,1,1,397,831.9,1,1,1,1,1,A_TM
GCF_032921125.1,Lactiplantibacillus plantarum,MSJK0068,Complete Genome,2941,1,1,397,831.9,1,1,1,1,1,A_TM
GCF_030758995.1,Lactiplantibacillus plantarum,RS20D,Complete Genome,3115,1,1,397,865.1,1,1,1,1,1,A_TM
GCF_041927215.1,Lactiplantibacillus plantarum,YH001,Complete Genome,2964,1,1,397,830.4,1,1,1,1,1,A_TM
GCF_013458335.1,Lactiplantibacillus plantarum,HC-2,Complete Genome,3077,1,1,397,831.9,1,1,1,1,1,A_TM
GCF_012974545.1,Lactiplantibacillus plantarum,AMT74419,Complete Genome,2932,1,1,397,831.9,1,1,1,1,1,A_TM
GCF_013694305.1,Lactiplantibacillus plantarum,CNEI-KCA5,Complete Genome,2966,1,1,397,831.9,1,1,1,1,1,A_TM
GCF_027558615.1,Lactiplantibacillus plantarum,VHProbi E15,Complete Genome,2956,1,1,397,831.9,1,1,1,1,1,A_TM
GCF_003999275.1,Lactiplantibacillus plantarum,FBL-3a,Complete Genome,2905,1,1,397,831.9,1,1,1,1,1,A_TM
GCF_038096155.1,Lactiplantibacillus plantarum,L75,Complete Genome,3076,1,1,397,831.9,1,1,1,1,1,A_TM
GCF_041297935.1,Lactiplantibacillus plantarum,PM8,Complete Genome,2973,1,1,397,833.4,1,1,1,1,1,A_TM
GCF_003428355.1,Lactiplantibacillus plantarum,IDCC3501,Complete Genome,2950,1,1,397,831.9,1,1,1,1,1,A_TM
GCF_037997095.1,Lactiplantibacillus plantarum,GBCC_F0227,Complete Genome,3099,1,1,397,833.4,1,1,1,1,1,A_TM
GCF_037100195.1,Lactiplantibacillus plantarum,DS1902,Complete Genome,2929,1,1,397,833.4,1,1,1,1,1,A_TM
GCF_059878255.1,Lactiplantibacillus plantarum,1-4,Complete Genome,2865,1,1,397,831.9,1,1,1,1,1,A_TM
GCF_021279005.2,Lactiplantibacillus plantarum,022AE,Complete Genome,2913,1,1,397,829.2,1,1,1,1,1,A_TM
GCF_059621365.1,Lactiplantibacillus plantarum,JNU827,Complete Genome,2923,1,1,397,831.9,1,1,1,1,1,A_TM
GCF_024396815.1,Lactiplantibacillus plantarum,HOM3204,Complete Genome,2991,1,1,397,831.9,1,1,1,1,1,A_TM
GCF_037414365.1,Lactiplantibacillus plantarum,CUDS1902,Complete Genome,2933,1,1,397,833.4,1,1,1,1,1,A_TM
GCF_025402835.1,Lactiplantibacillus plantarum,MGEL20154,Complete Genome,2957,1,1,397,831.9,1,1,1,1,1,A_TM
GCF_047649195.1,Lactiplantibacillus plantarum,V2,Complete Genome,2942,1,1,397,829.2,1,1,1,1,1,A_TM
GCF_058134425.1,Lactiplantibacillus plantarum,UFLA CH54,Complete Genome,3083,1,1,397,831.9,1,1,1,1,1,A_TM
GCF_059873625.1,Lactiplantibacillus plantarum,2-10,Complete Genome,2851,1,1,397,831.9,1,1,1,1,1,A_TM
GCF_059995415.1,Lactiplantibacillus plantarum,HME1,Complete Genome,3108,1,1,397,833.4,1,1,1,1,1,A_TM
GCF_036321605.1,Lactiplantibacillus plantarum,CGMCC 15358,Complete Genome,2988,1,1,397,831.9,1,1,1,1,1,A_TM
GCF_046109905.1,Lactiplantibacillus plantarum,TCI227,Complete Genome,2940,1,1,397,829.2,1,1,1,1,1,A_TM
GCF_009619495.1,Lactiplantibacillus plantarum,TMW 1.1308,Complete Genome,2982,1,1,397,831.9,1,1,1,1,1,A_TM
GCF_001278015.1,Lactiplantibacillus plantarum,5-2,Complete Genome,2958,1,1,397,833.4,1,1,1,1,1,A_TM
GCF_057457675.1,Lactiplantibacillus plantarum,HME4,Complete Genome,2938,1,1,397,831.9,1,1,1,1,1,A_TM
GCF_050920835.1,Lactiplantibacillus plantarum,NCU0011190,Complete Genome,3026,1,1,397,830.8,1,1,1,1,1,A_TM
GCF_046244405.1,Lactiplantibacillus plantarum,LP8,Complete Genome,3044,1,1,397,831.9,1,1,1,1,1,A_TM
GCF_009914095.1,Lactiplantibacillus plantarum,SRCM101167,Complete Genome,3070,1,1,397,831.9,1,1,1,1,1,A_TM
GCF_059684965.1,Lactiplantibacillus plantarum,SLpl048,Complete Genome,2942,1,1,397,831.9,1,1,1,1,1,A_TM
GCF_003143915.1,Lactiplantibacillus plantarum,HAC01,Complete Genome,2932,1,1,397,829.2,1,1,1,1,1,A_TM
GCF_019425695.1,Lactiplantibacillus plantarum,DW12,Complete Genome,2892,1,1,397,831.9,1,1,1,1,1,A_TM
GCF_002895245.1,Lactiplantibacillus plantarum,LM1004,Complete Genome,2924,1,1,397,831.9,1,1,1,1,1,A_TM
GCF_031583165.1,Lactiplantibacillus plantarum,JGS49,Complete Genome,3053,1,1,397,828.2,1,1,1,1,1,A_TM
GCF_040822455.1,Lactiplantibacillus plantarum,BR2-12,Complete Genome,3026,1,1,397,865.1,1,1,1,1,1,A_TM
GCF_003597615.1,Lactiplantibacillus plantarum,ATG-K8,Complete Genome,2947,1,1,397,829.2,1,1,1,1,1,A_TM
GCF_058134635.1,Lactiplantibacillus plantarum,UFLA CH8,Complete Genome,3080,1,1,397,831.9,1,1,1,1,1,A_TM
GCF_009913615.1,Lactiplantibacillus plantarum,SRCM100438,Complete Genome,2906,1,1,397,831.9,1,1,1,1,1,A_TM
GCF_052373675.1,Lactiplantibacillus plantarum,HQ04,Complete Genome,2945,1,1,397,831.9,1,1,1,1,1,A_TM
GCF_030503695.1,Lactiplantibacillus plantarum,BC299,Complete Genome,3082,1,1,397,831.9,1,1,1,1,1,A_TM
GCF_003269405.1,Lactiplantibacillus plantarum,SK151,Complete Genome,2916,1,1,397,831.9,1,1,1,1,1,A_TM
GCF_046843265.1,Lactiplantibacillus plantarum,KM119,Complete Genome,3235,1,1,397,833.4,1,1,1,1,1,A_TM
GCF_057418535.1,Lactiplantibacillus plantarum,AR307,Complete Genome,3067,1,1,397,831.9,1,1,1,1,1,A_TM
GCF_023370155.1,Lactiplantibacillus plantarum,JB-1,Complete Genome,3001,1,1,397,831.9,1,1,1,1,1,A_TM
GCF_045010365.1,Lactiplantibacillus plantarum,BR-12,Complete Genome,2942,1,1,391,718.3,1,1,1,1,1,B_SP
GCF_001659745.1,Lactiplantibacillus plantarum,LZ206,Complete Genome,2908,0,1,333,655.0,1,1,1,1,1,E_no_dlt
GCF_024970165.1,Lactiplantibacillus plantarum,SRCM210797,Complete Genome,2909,1,1,397,831.9,1,1,1,1,1,A_TM
GCF_054484395.1,Lactiplantibacillus plantarum,GR0585,Complete Genome,3054,1,1,397,833.4,1,1,1,1,1,A_TM
GCF_014084065.1,Lactiplantibacillus plantarum,BCC9546,Complete Genome,3008,1,1,397,833.4,1,1,1,1,1,A_TM
GCF_002943545.1,Lactiplantibacillus plantarum,X7021,Complete Genome,3062,1,1,391,718.3,1,1,1,1,1,B_SP
GCF_021559675.1,Lactiplantibacillus plantarum,P9,Complete Genome,3043,1,1,397,831.9,1,1,1,1,1,A_TM
GCF_036898925.1,Lactiplantibacillus plantarum,2359,Complete Genome,2959,1,1,397,831.9,1,1,1,1,1,A_TM
GCF_024137985.1,Lactiplantibacillus plantarum,3-1,Complete Genome,3153,1,1,397,831.9,1,1,1,1,1,A_TM
GCF_058134895.1,Lactiplantibacillus plantarum,UFLA CH93,Complete Genome,3092,1,1,397,831.9,1,1,1,1,1,A_TM
GCF_049942725.1,Lactiplantibacillus plantarum,KU210152,Complete Genome,3105,1,1,397,831.9,1,1,1,1,1,A_TM
GCF_059874025.1,Lactiplantibacillus plantarum,1-11a,Complete Genome,2887,1,1,397,831.9,1,1,1,1,1,A_TM
GCF_982553985.1,Lactiplantibacillus plantarum,-,Complete Genome,2938,1,1,391,718.3,1,1,1,1,1,B_SP
GCF_004101645.1,Lactiplantibacillus plantarum,SRCM103426,Complete Genome,3082,1,1,397,863.2,1,1,1,1,1,A_TM
GCF_016894405.1,Lactiplantibacillus plantarum,Lp900,Complete Genome,3032,1,1,397,831.9,1,1,1,1,1,A_TM
GCF_003597595.1,Lactiplantibacillus plantarum,ATG-K6,Complete Genome,2946,1,1,397,829.2,1,1,1,1,1,A_TM
GCF_045348015.1,Lactiplantibacillus plantarum,NML21,Complete Genome,2974,1,1,391,718.3,1,1,1,1,1,B_SP
GCF_059620905.1,Lactiplantibacillus plantarum,AMS-19,Complete Genome,3033,1,1,397,833.4,1,1,1,1,1,A_TM
GCF_004337615.1,Lactiplantibacillus plantarum,EM,Complete Genome,3204,1,1,397,831.9,1,1,1,1,1,A_TM
GCF_059873965.1,Lactiplantibacillus plantarum,1-12,Complete Genome,2865,1,1,397,831.9,1,1,1,1,1,A_TM
GCF_003352125.1,Lactiplantibacillus plantarum,b-2,Complete Genome,2908,1,1,391,718.3,1,1,1,1,1,B_SP
GCF_003627355.1,Lactiplantibacillus plantarum,ZFM4,Complete Genome,2978,1,1,397,831.9,1,1,1,1,1,A_TM
GCF_050563485.1,Lactiplantibacillus plantarum,BIM B-492D,Complete Genome,2843,1,1,397,831.9,1,1,1,1,1,A_TM
GCF_059873545.1,Lactiplantibacillus plantarum,2-13,Complete Genome,2863,1,1,397,831.9,1,1,1,1,1,A_TM
GCF_964084915.1,Lactiplantibacillus plantarum,-,Complete Genome,2930,1,1,397,831.9,1,1,1,1,1,A_TM
GCF_058437055.1,Lactiplantibacillus plantarum,KUFM11,Complete Genome,3017,1,1,397,831.9,1,1,1,1,1,A_TM
GCF_003286955.1,Lactiplantibacillus plantarum,DSR_M2,Complete Genome,2961,1,1,397,829.7,1,1,1,1,1,A_TM
GCF_033802805.1,Lactiplantibacillus plantarum,SN21-2,Complete Genome,2908,1,1,397,831.9,1,1,1,1,1,A_TM
GCF_029543005.1,Lactiplantibacillus plantarum,KF511,Complete Genome,2936,1,1,397,831.9,1,1,1,1,1,A_TM
GCF_047041085.1,Lactiplantibacillus plantarum,G2,Complete Genome,2914,1,1,397,831.9,1,1,1,1,1,A_TM
GCF_052692615.1,Lactiplantibacillus plantarum,K4,Complete Genome,2900,1,1,397,833.4,1,1,1,1,1,A_TM
GCF_057073525.1,Lactiplantibacillus plantarum,H05,Complete Genome,2964,1,1,397,831.9,1,1,1,1,1,A_TM
GCF_059873635.1,Lactiplantibacillus plantarum,2-11,Complete Genome,2857,1,1,397,831.9,1,1,1,0,1,A_TM
GCF_059878315.1,Lactiplantibacillus plantarum,1-1,Complete Genome,2862,1,1,397,831.9,1,1,1,1,1,A_TM
GCF_026689375.1,Lactiplantibacillus plantarum,BC015,Complete Genome,3106,1,1,397,831.9,1,1,1,1,1,A_TM
GCF_054113425.1,Lactiplantibacillus plantarum,RLP74,Complete Genome,2922,1,1,397,831.9,1,1,1,1,1,A_TM
GCF_026016545.1,Lactiplantibacillus plantarum,VHProbi P06,Complete Genome,3105,1,1,397,831.9,1,1,1,1,1,A_TM
GCF_023348465.1,Lactiplantibacillus plantarum,LPIMC513,Complete Genome,2937,1,1,397,831.9,1,1,1,1,1,A_TM
GCF_029906425.1,Lactiplantibacillus plantarum,HOM3201,Complete Genome,3045,1,1,397,831.9,1,1,1,1,1,A_TM
GCF_009913695.1,Lactiplantibacillus plantarum,SRCM101105,Complete Genome,3003,1,1,397,831.9,1,1,1,1,1,A_TM
GCF_002749655.1,Lactiplantibacillus plantarum,ATCC 8014,Complete Genome,2962,1,1,397,831.9,1,1,1,1,1,A_TM
GCF_059874085.1,Lactiplantibacillus plantarum,1-10,Complete Genome,2862,1,1,397,831.9,1,1,1,1,1,A_TM
GCF_982553825.1,Lactiplantibacillus plantarum,-,Complete Genome,3044,1,1,397,831.9,1,1,1,1,1,A_TM
GCF_045348195.1,Lactiplantibacillus plantarum,TCI999,Complete Genome,2906,1,1,397,829.2,1,1,1,1,1,A_TM
GCF_056270385.1,Lactiplantibacillus plantarum,ZX030,Complete Genome,2918,1,1,397,831.9,1,1,1,1,1,A_TM
GCF_009720585.1,Lactiplantibacillus plantarum,KCCP11226,Complete Genome,3085,1,1,397,827.7,1,1,1,1,1,A_TM
GCF_002117285.1,Lactiplantibacillus plantarum,TMW 1.708,Complete Genome,2924,1,1,397,833.4,1,1,1,1,1,A_TM
GCF_047495545.1,Lactiplantibacillus plantarum,OBM7,Complete Genome,2940,1,1,397,829.2,1,1,1,1,1,A_TM
GCF_052438955.1,Lactiplantibacillus plantarum,HJ4,Complete Genome,3035,1,1,397,829.7,1,1,1,1,1,A_TM
GCF_015377525.1,Lactiplantibacillus plantarum,TK-P2A,Complete Genome,2925,1,1,397,831.9,1,1,1,1,1,A_TM
GCF_059873325.1,Lactiplantibacillus plantarum,2-23,Complete Genome,2863,1,1,397,831.9,1,1,1,1,1,A_TM
GCF_044095195.1,Lactiplantibacillus plantarum,AFY-10,Complete Genome,2922,1,1,397,831.9,1,1,1,1,1,A_TM
GCF_040790905.1,Lactiplantibacillus plantarum,AUSA004,Complete Genome,2940,1,1,397,829.2,1,1,1,1,1,A_TM
GCF_059873205.1,Lactiplantibacillus plantarum,2-28,Complete Genome,2873,1,1,397,831.9,1,1,1,1,1,A_TM
GCF_024137845.1,Lactiplantibacillus plantarum,DM083,Complete Genome,2926,1,1,397,831.9,1,1,1,1,1,A_TM
GCF_001296095.1,Lactiplantibacillus plantarum,ZS2058,Complete Genome,2893,1,1,397,865.1,1,1,1,1,1,A_TM
GCF_048568895.1,Lactiplantibacillus plantarum,6Y-15,Complete Genome,2929,1,1,397,831.9,1,1,1,1,1,A_TM
GCF_965286275.1,Lactiplantibacillus plantarum,E-78076,Complete Genome,2837,1,1,397,831.9,1,1,1,1,1,A_TM
GCF_004101325.1,Lactiplantibacillus plantarum,SRCM103311,Complete Genome,3068,1,1,397,863.2,1,1,1,1,1,A_TM
GCF_059873905.1,Lactiplantibacillus plantarum,2-3,Complete Genome,2862,1,1,397,831.9,1,1,1,1,1,A_TM
GCF_024732385.1,Lactiplantibacillus plantarum,Q180,Complete Genome,2924,1,1,397,831.9,1,1,1,1,1,A_TM
GCF_048541615.1,Lactiplantibacillus plantarum,ZG308,Complete Genome,3053,1,1,397,831.9,1,1,1,1,1,A_TM
GCF_040268325.1,Lactiplantibacillus plantarum,TCI837,Complete Genome,2924,1,1,397,831.9,1,1,1,1,1,A_TM
GCF_026183415.1,Lactiplantibacillus plantarum,BRD_L15,Complete Genome,2952,1,1,397,829.2,1,1,1,1,1,A_TM
GCF_004141895.1,Lactiplantibacillus plantarum,SRCM103303,Complete Genome,2954,1,1,397,836.1,1,1,1,1,1,A_TM
GCF_054568115.1,Lactiplantibacillus plantarum,PMC105,Complete Genome,2944,1,1,397,831.9,1,1,1,1,1,A_TM
GCF_042691645.1,Lactiplantibacillus plantarum,LP01,Complete Genome,2955,1,1,397,829.2,1,1,1,1,1,A_TM
GCF_057418565.1,Lactiplantibacillus plantarum,AR326,Complete Genome,3077,1,1,397,831.9,1,1,1,1,1,A_TM
GCF_001660025.1,Lactiplantibacillus plantarum,LZ227,Complete Genome,3069,1,1,397,828.3,1,1,1,1,1,A_TM
GCF_050106605.1,Lactiplantibacillus plantarum,GZ,Complete Genome,2935,1,1,397,831.9,1,1,1,1,1,A_TM
GCF_002109405.1,Lactiplantibacillus plantarum,JBE490,Complete Genome,2890,1,1,397,863.2,1,1,1,1,1,A_TM
GCF_002024845.1,Lactiplantibacillus plantarum,CLP0611,Complete Genome,2936,1,1,397,829.2,1,1,1,1,1,A_TM
GCF_047224495.1,Lactiplantibacillus plantarum,LP06,Complete Genome,3019,1,1,397,829.1,1,1,1,1,1,A_TM
GCF_040271445.1,Lactiplantibacillus plantarum,SCZH-7,Complete Genome,3000,1,1,397,833.4,1,1,1,1,1,A_TM
GCF_059878295.1,Lactiplantibacillus plantarum,1-2,Complete Genome,2898,1,1,397,831.9,1,1,1,1,1,A_TM
GCF_002205775.2,Lactiplantibacillus plantarum,LPL-1,Complete Genome,2926,1,1,391,718.3,1,1,1,1,1,B_SP
GCF_964200455.1,Lactiplantibacillus plantarum,CIRM-BIA777,Complete Genome,3102,1,1,391,718.3,1,1,1,1,1,B_SP
GCF_052232885.1,Lactiplantibacillus plantarum,HP-B1280,Complete Genome,2922,1,1,397,831.9,1,1,1,1,1,A_TM
GCF_059874145.1,Lactiplantibacillus plantarum,1-7,Complete Genome,2886,1,1,397,831.9,1,1,1,0,1,A_TM
GCF_048009075.1,Lactiplantibacillus plantarum,C2,Complete Genome,2727,1,1,397,836.1,1,1,1,1,1,A_TM
GCF_006770505.1,Lactiplantibacillus plantarum,LLY-606,Complete Genome,2975,1,1,397,831.9,1,1,1,1,1,A_TM
GCF_009913675.1,Lactiplantibacillus plantarum,SRCM100995,Complete Genome,3112,1,1,397,831.9,1,1,1,1,1,A_TM
GCF_036321505.1,Lactiplantibacillus plantarum,CGMCC 14177,Complete Genome,3020,1,1,397,831.9,1,1,1,1,1,A_TM
GCF_004087995.1,Lactiplantibacillus plantarum,SRCM103295,Complete Genome,3053,1,1,391,718.3,1,1,1,1,1,B_SP
GCF_059874185.1,Lactiplantibacillus plantarum,1-6,Complete Genome,2895,1,1,397,831.9,1,1,1,1,1,A_TM
GCF_003586485.1,Lactiplantibacillus plantarum,DR7,Complete Genome,2937,1,1,397,829.2,1,1,1,1,1,A_TM
GCF_033546835.1,Lactiplantibacillus plantarum,beLP1,Complete Genome,2868,1,1,397,831.9,1,1,1,1,1,A_TM
GCF_022558425.1,Lactiplantibacillus plantarum,ST,Complete Genome,2985,1,1,397,830.1,1,1,1,1,1,A_TM
GCF_057418625.1,Lactiplantibacillus plantarum,AR501,Complete Genome,3039,1,1,397,831.9,1,1,1,1,1,A_TM
GCF_032463565.1,Lactiplantibacillus plantarum,P46,Complete Genome,2943,1,1,397,833.4,1,1,1,1,1,A_TM
GCF_009759845.1,Lactiplantibacillus plantarum,123-17,Complete Genome,2913,1,1,397,831.9,1,1,1,1,1,A_TM
GCF_032463585.1,Lactiplantibacillus plantarum,P47,Complete Genome,2945,1,1,397,833.4,1,1,1,1,1,A_TM
GCF_012109355.1,Lactiplantibacillus plantarum,SPC-SNU 72-2,Complete Genome,2947,1,1,397,831.9,1,1,1,1,1,A_TM
GCF_032602185.1,Lactiplantibacillus plantarum,IS-10506,Complete Genome,2946,1,1,397,829.2,1,1,1,1,1,A_TM
GCF_051217015.1,Lactiplantibacillus plantarum,PL-02,Complete Genome,3078,1,1,397,831.0,1,1,1,1,1,A_TM
GCF_004141875.1,Lactiplantibacillus plantarum,SRCM103300,Complete Genome,3029,1,1,397,863.2,1,1,1,1,1,A_TM
GCF_009913835.1,Lactiplantibacillus plantarum,SRCM101222,Complete Genome,3050,1,1,397,833.4,1,1,1,1,1,A_TM
GCF_059873845.1,Lactiplantibacillus plantarum,2-4,Complete Genome,2894,1,1,397,831.9,1,1,1,1,1,A_TM
GCF_053849045.1,Lactiplantibacillus plantarum,HYH-11,Complete Genome,3027,1,1,397,831.9,1,1,1,1,1,A_TM
GCF_030297715.1,Lactiplantibacillus plantarum,AWA2013,Complete Genome,3078,1,1,397,833.4,1,1,1,1,1,A_TM
GCF_041344945.1,Lactiplantibacillus plantarum,MD159,Complete Genome,3018,1,1,397,831.9,1,1,1,1,1,A_TM
GCF_051860185.1,Lactiplantibacillus plantarum,0111,Complete Genome,3079,1,1,397,831.9,1,1,1,1,1,A_TM
GCF_058134385.1,Lactiplantibacillus plantarum,UCPH LP2,Complete Genome,2887,1,1,397,831.9,1,1,1,1,1,A_TM
GCF_040448705.1,Lactiplantibacillus plantarum,Z45,Complete Genome,3146,1,1,397,865.1,1,1,1,1,1,A_TM
GCF_006770485.1,Lactiplantibacillus plantarum,pc-26,Complete Genome,2989,1,1,397,833.4,1,1,1,1,1,A_TM
GCF_059873725.1,Lactiplantibacillus plantarum,2-8,Complete Genome,2883,1,1,397,831.9,1,1,1,1,1,A_TM
GCF_011304595.2,Lactiplantibacillus plantarum,LS/07,Complete Genome,3052,1,1,397,836.1,1,1,1,1,1,A_TM
GCF_050613265.1,Lactiplantibacillus plantarum,A45,Complete Genome,2892,1,1,397,833.4,1,1,1,1,1,A_TM
GCF_019076805.1,Lactiplantibacillus plantarum,XJ25,Complete Genome,2874,1,1,397,829.7,1,1,1,1,1,A_TM
GCF_058134875.1,Lactiplantibacillus plantarum,UCPH LP11,Complete Genome,2939,1,1,397,827.7,1,1,1,1,1,A_TM
GCF_052037465.1,Lactiplantibacillus plantarum,ZR79,Complete Genome,2764,1,1,397,831.9,1,1,1,1,1,A_TM
GCF_058134485.1,Lactiplantibacillus plantarum,UCPH LP3,Complete Genome,2892,1,1,397,831.9,1,1,1,1,1,A_TM
GCF_013305265.1,Lactiplantibacillus plantarum,TCI507,Complete Genome,2959,1,1,397,831.9,1,1,1,1,1,A_TM
GCF_057418615.1,Lactiplantibacillus plantarum,AR495,Complete Genome,3164,1,1,397,831.9,1,1,1,1,1,A_TM
GCF_002117305.1,Lactiplantibacillus plantarum,TMW 1.1623,Complete Genome,3016,1,1,397,831.9,1,1,1,1,1,A_TM
GCF_965286625.1,Lactiplantibacillus plantarum,IBB-BR9,Complete Genome,3176,1,1,397,831.9,1,1,1,1,1,A_TM
GCF_049942745.1,Lactiplantibacillus plantarum,KU15149,Complete Genome,2986,1,1,397,831.9,1,1,1,1,1,A_TM
GCF_002906875.1,Lactiplantibacillus plantarum subsp. plantarum,LB1-2,Complete Genome,3261,1,1,397,829.7,1,1,1,1,1,A_TM
GCF_051918085.1,Lactiplantibacillus plantarum,HL-PL05,Complete Genome,3057,1,1,397,831.9,1,1,1,1,1,A_TM
GCF_002117245.1,Lactiplantibacillus plantarum,TMW 1.25,Complete Genome,3035,1,1,397,831.9,1,1,1,1,1,A_TM
GCF_002868755.1,Lactiplantibacillus plantarum,KC3,Complete Genome,2950,1,1,397,831.9,1,1,1,1,1,A_TM
GCF_003813125.1,Lactiplantibacillus plantarum,LMT1-48,Complete Genome,3008,1,1,397,831.9,1,1,1,1,1,A_TM
GCF_036287535.1,Lactiplantibacillus plantarum,Lap,Complete Genome,2845,1,1,397,833.4,1,1,1,1,1,A_TM
GCF_004101545.1,Lactiplantibacillus plantarum,SRCM103361,Complete Genome,2963,1,1,397,831.9,1,1,1,1,1,A_TM
GCF_016066915.1,Lactiplantibacillus plantarum,PC518,Complete Genome,3143,1,1,397,831.9,1,1,1,1,1,A_TM
GCF_019211765.1,Lactiplantibacillus plantarum subsp. plantarum,GR1184,Complete Genome,2987,1,1,397,833.4,1,1,1,1,1,A_TM
GCF_024181685.1,Lactiplantibacillus plantarum,P9,Complete Genome,2937,1,1,397,831.9,1,1,1,1,1,A_TM
GCF_001331925.2,Lactiplantibacillus plantarum,WLPL04,Complete Genome,2851,1,1,397,831.9,1,1,1,1,1,A_TM
GCF_964065245.1,Lactiplantibacillus plantarum,-,Complete Genome,3010,1,1,397,831.9,1,1,1,1,1,A_TM
GCF_022810685.1,Lactiplantibacillus plantarum,SCB0151,Complete Genome,2926,1,1,397,831.9,1,1,1,1,1,A_TM
GCF_004101625.1,Lactiplantibacillus plantarum,SRCM103418,Complete Genome,2951,1,1,397,833.4,1,1,1,1,1,A_TM
GCF_019321805.1,Lactiplantibacillus plantarum,L75a,Complete Genome,3024,0,1,397,831.9,1,1,1,1,1,E_no_dlt
GCF_052386115.1,Lactiplantibacillus plantarum,CYLB2739,Complete Genome,2900,1,1,397,836.1,1,1,1,1,1,A_TM
GCF_000148815.2,Lactiplantibacillus plantarum ST-III,ST-III,Complete Genome,2996,1,1,397,828.2,1,1,1,1,1,A_TM
GCF_058134545.1,Lactiplantibacillus plantarum,UCPH LP10,Complete Genome,3006,1,1,397,827.7,1,1,1,1,1,A_TM
GCF_056490545.1,Lactiplantibacillus plantarum,L-1224,Complete Genome,2841,1,1,397,833.4,1,1,1,1,1,A_TM
GCF_016775685.1,Lactiplantibacillus plantarum,S58,Complete Genome,2953,1,1,391,718.3,1,1,1,1,1,B_SP
GCF_016598735.1,Lactiplantibacillus plantarum,PC518,Complete Genome,3174,1,1,397,831.9,1,1,1,1,1,A_TM
GCF_016415605.1,Lactiplantibacillus plantarum,SHY 21-2,Complete Genome,2979,1,1,397,836.1,1,1,1,1,1,A_TM
GCF_029854315.1,Lactiplantibacillus plantarum,WLPL01,Complete Genome,2928,1,1,397,831.9,1,1,1,1,1,A_TM
GCF_031596315.1,Lactiplantibacillus plantarum,VHProbi SY,Complete Genome,2895,1,1,397,831.9,1,1,1,1,1,A_TM
GCF_045271585.1,Lactiplantibacillus plantarum,MRD5401,Chromosome,3003,1,1,397,865.1,1,1,1,1,1,A_TM
GCF_046529735.1,Lactiplantibacillus plantarum subsp. plantarum,BSe,Complete Genome,2934,1,1,397,831.9,1,1,1,1,1,A_TM
GCF_054031125.1,Lactiplantibacillus plantarum,ZZM01,Complete Genome,2915,1,1,397,831.9,1,1,1,1,1,A_TM
GCF_057073965.1,Lactiplantibacillus plantarum,SC27,Complete Genome,3054,1,1,397,831.9,1,1,1,1,1,A_TM
GCF_028201575.1,Lactiplantibacillus plantarum,P6,Complete Genome,2878,1,1,397,836.1,1,1,1,1,1,A_TM
GCF_001715615.1,Lactiplantibacillus plantarum,LY-78,Complete Genome,2805,1,1,397,831.9,1,1,1,1,1,A_TM
GCF_040112745.1,Lactiplantibacillus plantarum,O24,Complete Genome,2991,1,1,397,831.9,1,1,1,1,1,A_TM
GCF_028463965.1,Lactiplantibacillus plantarum,MWLp-12,Complete Genome,2977,1,1,397,831.9,1,1,1,1,1,A_TM
GCF_030480525.1,Lactiplantibacillus plantarum,CM4,Chromosome,2877,1,1,397,833.4,1,1,1,1,1,A_TM
GCF_011022295.1,Lactiplantibacillus plantarum,X7022,Complete Genome,2896,1,1,397,830.4,1,1,1,1,1,A_TM
GCF_004141755.1,Lactiplantibacillus plantarum,SRCM103297,Complete Genome,2983,1,1,397,831.9,1,1,1,1,1,A_TM
GCF_029637825.1,Lactiplantibacillus plantarum,SPC-SNU-72-1,Complete Genome,3042,1,1,397,831.9,1,1,1,1,1,A_TM
GCF_054695985.1,Lactiplantibacillus plantarum,5S-5,Complete Genome,2976,1,1,397,831.9,1,1,1,1,1,A_TM
GCF_002117265.1,Lactiplantibacillus plantarum,TMW 1.277,Complete Genome,3065,1,1,397,831.9,1,1,1,1,1,A_TM
GCF_009759825.1,Lactiplantibacillus plantarum,83-18,Complete Genome,3040,1,1,397,865.1,1,1,1,1,1,A_TM
GCF_001874125.1,Lactiplantibacillus plantarum,C410L1,Complete Genome,3038,1,1,397,831.9,1,1,1,1,1,A_TM
GCF_037992995.1,Lactiplantibacillus plantarum,SBS-CC-2127,Chromosome,2721,1,1,397,829.2,1,1,1,1,1,A_TM
GCF_048008025.1,Lactiplantibacillus plantarum,LP4,Complete Genome,2755,1,1,397,831.9,1,1,1,1,1,A_TM
GCF_005576935.1,Lactiplantibacillus plantarum subsp. plantarum,SKO-001,Complete Genome,3110,1,1,397,833.4,1,1,1,1,1,A_TM
GCF_003325395.1,Lactiplantibacillus plantarum,nF1,Complete Genome,2895,1,1,397,831.9,1,1,1,1,1,A_TM
GCF_051903995.1,Lactiplantibacillus plantarum,Hi188,Complete Genome,3083,1,1,397,831.9,1,1,1,1,1,A_TM
GCF_040790815.1,Lactiplantibacillus plantarum,AUSA002,Complete Genome,2806,1,1,397,833.4,1,1,1,1,1,A_TM
GCF_001302645.1,Lactiplantibacillus plantarum,HFC8,Complete Genome,2964,1,1,397,865.1,1,1,1,1,1,A_TM
GCF_019469465.1,Lactiplantibacillus plantarum,MSD1,Complete Genome,2773,1,1,397,831.9,1,1,1,1,1,A_TM
GCF_023347215.1,Lactiplantibacillus plantarum,VHProbi V38,Complete Genome,2905,1,1,397,831.9,1,1,1,1,1,A_TM
GCF_044758965.1,Lactiplantibacillus plantarum,HY705,Chromosome,2951,1,1,397,833.4,1,1,1,1,1,A_TM
GCF_000412205.1,Lactiplantibacillus plantarum 16,16,Complete Genome,3039,1,1,397,831.9,1,1,1,1,1,A_TM
GCF_024181705.1,Lactiplantibacillus plantarum,Lp-6,Complete Genome,3088,1,1,397,865.1,1,1,1,1,1,A_TM
GCF_056725865.1,Lactiplantibacillus plantarum,D10,Complete Genome,3043,1,1,397,836.1,1,1,1,1,1,A_TM
GCF_041725645.1,Lactiplantibacillus plantarum,JY067,Complete Genome,2985,1,1,397,831.9,1,1,1,1,1,A_TM
GCF_002220815.1,Lactiplantibacillus plantarum,GB-LP1,Complete Genome,2712,1,1,397,830.0,1,1,1,1,1,A_TM
GCF_036416335.1,Lactiplantibacillus plantarum,IMAUJBP3,Complete Genome,2920,1,1,397,836.1,1,1,1,1,1,A_TM
GCF_004101605.1,Lactiplantibacillus plantarum,SRCM103362,Complete Genome,2737,1,1,397,831.9,1,1,1,1,1,A_TM
GCF_023278325.1,Lactiplantibacillus plantarum,MNCW_1,Complete Genome,2949,1,1,397,831.9,1,1,1,1,1,A_TM
GCF_051712885.1,Lactiplantibacillus plantarum,JCM 1149,Scaffold,3101,1,1,397,831.9,1,1,1,1,1,A_TM
GCF_059031825.1,Lactiplantibacillus plantarum,NC-034,Complete Genome,2926,1,1,397,831.9,1,1,1,1,1,A_TM
GCF_058134845.1,Lactiplantibacillus plantarum,UCPH LP5,Complete Genome,2892,1,1,397,831.9,1,1,1,1,1,A_TM
GCF_009937825.1,Lactiplantibacillus plantarum,SRCM101511,Complete Genome,2950,1,1,397,831.9,1,1,1,1,1,A_TM
GCF_003597635.1,Lactiplantibacillus plantarum,ATG-K2,Complete Genome,2789,1,1,391,707.9,1,1,1,1,1,B_SP
GCF_050037425.1,Lactiplantibacillus plantarum,ATG-K20,Chromosome,2821,1,1,397,829.3,1,1,1,1,1,A_TM
GCF_041080595.1,Lactiplantibacillus plantarum,NS2301M,Complete Genome,2940,1,1,397,831.9,1,1,1,1,1,A_TM
GCF_034333585.1,Lactiplantibacillus plantarum,cqf-43,Complete Genome,2867,1,1,397,831.9,1,1,1,1,1,A_TM
GCF_030644445.1,Lactiplantibacillus plantarum,NAB1,Contig,3203,1,1,397,831.9,1,1,1,1,1,A_TM
GCF_046097075.1,Lactiplantibacillus plantarum,LP104,Complete Genome,2877,1,1,397,828.3,1,1,1,1,1,A_TM
GCF_965286415.1,Lactiplantibacillus plantarum,2MM1,Complete Genome,2851,1,1,397,829.7,1,1,1,1,1,A_TM
GCF_027920405.1,Lactiplantibacillus plantarum,ZW59,Complete Genome,2858,1,1,397,831.9,1,1,1,1,1,A_TM
GCF_034426955.1,Lactiplantibacillus plantarum,J50,Complete Genome,2972,1,1,397,831.9,1,1,1,1,1,A_TM
GCF_015689055.1,Lactiplantibacillus plantarum,MK55,Chromosome,2822,1,1,397,831.9,1,1,1,1,1,A_TM
GCF_027474465.1,Lactiplantibacillus plantarum,LL441,Complete Genome,2844,1,1,397,865.1,1,1,1,1,1,A_TM
GCF_049177195.1,Lactiplantibacillus plantarum,W43,Complete Genome,2751,1,1,397,865.1,1,1,1,1,1,A_TM
GCF_003577505.1,Lactiplantibacillus plantarum,C29,Scaffold,3167,1,1,397,833.4,1,1,1,1,1,A_TM
GCF_965286495.1,Lactiplantibacillus plantarum,HF-IBB-082,Complete Genome,2958,1,1,397,831.9,1,1,1,1,1,A_TM
GCF_021559915.1,Lactiplantibacillus plantarum,A8,Complete Genome,2917,1,1,397,831.9,1,1,1,1,1,A_TM
GCF_040435965.1,Lactiplantibacillus plantarum,GX17,Complete Genome,2689,1,1,397,836.1,1,1,1,1,1,A_TM
GCF_004028295.1,Lactiplantibacillus plantarum,YW11,Complete Genome,2857,1,1,397,831.9,1,1,1,1,1,A_TM
GCF_001436855.1,Lactiplantibacillus plantarum,DSM 13273,Scaffold,3189,1,1,397,831.9,1,1,1,1,1,A_TM
GCF_003999605.1,Lactiplantibacillus plantarum,Q7,Complete Genome,2690,1,1,397,836.1,1,1,1,1,1,A_TM
GCF_020131335.1,Lactiplantibacillus plantarum,DSM 8862,Contig,3265,1,1,397,833.4,1,1,1,1,1,A_TM
GCF_046353035.1,Lactiplantibacillus plantarum,LpWF-F9a,Scaffold,3169,1,1,397,863.3,1,1,1,1,1,A_TM
GCF_056858315.1,Lactiplantibacillus plantarum,Pm001,Complete Genome,2739,1,1,397,831.9,1,1,1,1,1,A_TM
GCF_047223445.1,Lactiplantibacillus plantarum,LP45,Complete Genome,2703,1,1,397,836.1,1,1,1,1,1,A_TM
GCF_002174195.1,Lactiplantibacillus plantarum subsp. plantarum,-,Complete Genome,2905,1,1,397,831.9,1,1,1,1,1,A_TM
GCF_017576965.1,Lactiplantibacillus plantarum,KLDS1.0386,Complete Genome,2969,1,1,397,831.9,1,1,1,1,1,A_TM
GCF_004028315.1,Lactiplantibacillus plantarum,13_3,Complete Genome,2856,1,1,397,836.1,1,1,1,1,1,A_TM
GCF_059642805.1,Lactiplantibacillus plantarum subsp. plantarum,SLpl116,Complete Genome,2907,1,1,397,831.9,1,1,1,1,1,A_TM
GCF_982566385.1,Lactiplantibacillus plantarum,-,Contig,3099,1,1,397,831.9,1,1,1,1,1,A_TM
GCF_055233895.1,Lactiplantibacillus pentosus,GL2,Complete Genome,3401,1,1,397,740.7,1,1,1,1,1,A_TM
GCF_053570545.1,Lactiplantibacillus plantarum,FM-LP-BC17,Complete Genome,2944,1,1,397,865.1,1,1,1,1,1,A_TM
GCF_019211785.1,Lactiplantibacillus plantarum subsp. plantarum,GR1187,Complete Genome,3009,1,1,397,833.4,1,1,1,1,1,A_TM
GCF_018588605.2,Lactiplantibacillus plantarum subsp. plantarum,M19,Complete Genome,3155,1,1,397,831.9,1,1,1,1,1,A_TM
GCF_004328745.1,Lactiplantibacillus plantarum,NCIMB700965.EF.A,Complete Genome,2836,0,1,397,830.8,1,1,1,1,1,E_no_dlt
GCF_045159745.1,Lactiplantibacillus plantarum,WHH1701,Complete Genome,2953,1,1,397,831.9,1,1,1,1,1,A_TM
GCF_050707955.1,Lactiplantibacillus plantarum,VHProbi O19,Complete Genome,2689,1,1,397,836.1,1,1,1,1,1,A_TM
GCF_046353105.1,Lactiplantibacillus plantarum,LpWF-LongReadAssembly,Contig,3166,1,1,397,863.3,1,1,1,1,1,A_TM
GCF_030489685.1,Lactiplantibacillus pentosus,LB-2,Complete Genome,3253,1,1,391,729.2,1,1,1,0,1,B_SP
GCF_051990715.1,Lactiplantibacillus plantarum subsp. plantarum,SST-9961,Complete Genome,2993,1,1,384,122.4,1,1,0,1,1,B_SP
GCF_003611015.1,Lactiplantibacillus plantarum,NCIMB 700965,Complete Genome,2850,0,1,397,830.8,1,1,1,1,1,E_no_dlt
GCF_001272315.2,Lactiplantibacillus plantarum subsp. plantarum,CGMCC 1.557,Complete Genome,2963,1,1,397,831.9,1,1,1,1,1,A_TM
GCF_001581895.1,Lactiplantibacillus plantarum,Zhang-LL,Complete Genome,2655,1,1,397,836.1,1,1,1,1,1,A_TM
GCF_018588615.2,Lactiplantibacillus plantarum subsp. plantarum,M17,Complete Genome,2975,1,1,397,831.9,1,1,1,1,1,A_TM
GCF_058134575.1,Lactiplantibacillus plantarum,UCPH LP4,Complete Genome,2918,1,1,397,831.9,1,1,1,1,1,A_TM
GCF_023972895.1,Lactiplantibacillus pentosus,KW1,Complete Genome,3292,1,1,397,740.7,1,1,1,1,1,A_TM
GCF_002211885.1,Lactiplantibacillus pentosus,SLC13,Complete Genome,3093,1,1,391,729.7,1,1,1,1,1,B_SP
GCF_030480505.1,Lactiplantibacillus plantarum,CM3,Chromosome,3197,1,1,397,833.4,1,1,1,1,1,A_TM
GCF_000466905.3,Lactiplantibacillus plantarum 2025,2025,Complete Genome,3131,1,1,397,831.9,1,1,1,1,1,A_TM
GCF_000023085.1,Lactiplantibacillus plantarum JDM1,JDM1,Complete Genome,2911,1,1,397,831.9,1,1,1,1,1,A_TM
GCF_018588665.2,Lactiplantibacillus plantarum subsp. plantarum,M8,Complete Genome,2977,1,1,397,831.9,1,1,1,1,1,A_TM
GCF_013256965.1,Lactiplantibacillus plantarum subsp. plantarum,G1,Complete Genome,2942,1,1,397,829.2,1,1,1,1,1,A_TM
GCF_058134505.1,Lactiplantibacillus plantarum,UCPH LP1,Complete Genome,2819,1,1,397,831.9,1,1,1,1,1,A_TM
GCF_026222675.1,Lactiplantibacillus pentosus,OHF 23,Complete Genome,3160,1,1,391,729.2,1,1,1,0,1,B_SP
GCF_004354685.1,Lactiplantibacillus pentosus,ATCC 8041,Scaffold,3205,1,1,391,729.2,1,1,1,0,1,B_SP
GCF_030480565.1,Lactiplantibacillus plantarum,CM1,Chromosome,2935,1,1,397,833.4,1,1,1,1,1,A_TM
GCF_029910155.1,Lactiplantibacillus plantarum,GK502,Chromosome,2949,1,1,397,831.9,1,1,1,1,1,A_TM
GCF_048814805.1,Lactiplantibacillus plantarum,N3,Chromosome,2939,1,1,397,831.9,1,1,1,1,1,A_TM
GCF_037099865.1,Lactiplantibacillus plantarum subsp. plantarum,DS0815,Complete Genome,2984,1,1,397,865.1,1,1,1,1,1,A_TM
GCF_000338115.2,Lactiplantibacillus plantarum ZJ316,ZJ316,Complete Genome,2978,1,1,397,831.9,1,1,1,1,1,A_TM
GCF_031876755.1,Lactiplantibacillus plantarum,SYBC-SM2,Complete Genome,2422,1,1,391,818.6,1,1,1,1,1,B_SP
GCF_050407965.1,Lactiplantibacillus pentosus,TBRC 20328,Complete Genome,3169,1,1,397,740.7,1,1,1,1,1,A_TM
GCF_032190675.1,Lactiplantibacillus pentosus,7.8.46,Contig,3389,1,1,397,740.7,1,1,1,1,1,A_TM
GCF_058725405.1,Lactiplantibacillus plantarum,uatensis,Chromosome,2758,1,1,397,831.9,1,1,1,1,1,A_TM
GCF_003045645.1,Lactiplantibacillus plantarum,AS-10,Chromosome,2750,1,1,397,831.0,1,1,1,1,1,A_TM
GCF_003045725.1,Lactiplantibacillus plantarum,AS-6,Chromosome,2796,1,1,397,831.0,1,1,1,1,1,A_TM
GCF_000604105.1,Lactiplantibacillus plantarum DOMLa,DOMLa,Complete Genome,2915,1,1,397,831.9,1,1,1,1,1,A_TM
GCF_040084715.1,Lactiplantibacillus plantarum,BGI-N6,Chromosome,2948,1,1,397,828.2,1,1,1,1,1,A_TM
GCF_021650875.1,Lactiplantibacillus plantarum subsp. plantarum,GR1186,Complete Genome,2991,1,1,397,833.4,1,1,1,1,1,A_TM
GCF_049518355.1,Lactiplantibacillus pentosus,KY4-L4,Contig,3336,1,1,397,740.7,1,1,1,1,1,A_TM
GCF_030578355.1,Lactiplantibacillus pentosus,LNP1-39,Contig,3227,1,1,391,727.8,1,1,1,1,1,B_SP
GCF_000762955.1,Lactiplantibacillus plantarum CMPG5300,CMPG5300,Chromosome,3225,1,1,397,865.1,1,1,1,1,1,A_TM
GCF_030646455.1,Lactiplantibacillus plantarum,HA9,Chromosome,3086,1,1,397,831.9,1,1,1,1,1,A_TM
GCF_965286635.1,Lactiplantibacillus plantarum,UH033_10,Chromosome,3128,1,1,397,833.4,1,1,1,1,1,A_TM
GCF_050110895.1,Lactiplantibacillus plantarum,68zh,Chromosome,2879,1,1,397,828.3,1,1,1,1,1,A_TM
GCF_046267855.1,Lactiplantibacillus plantarum,NBC99,Chromosome,2873,1,1,397,833.4,1,1,1,1,1,A_TM
GCF_000203855.3,Lactiplantibacillus plantarum WCFS1,WCFS1,Complete Genome,3049,1,1,397,865.1,1,1,1,1,1,A_TM
GCF_022936825.1,Lactiplantibacillus pentosus,O11,Scaffold,3478,1,1,391,729.2,1,1,1,1,1,B_SP
GCF_007991835.1,Lactiplantibacillus pentosus,NBRC 106467,Contig,3192,1,1,391,729.2,1,1,1,0,1,B_SP
GCF_050037215.1,Lactiplantibacillus plantarum,ATG-V2,Chromosome,2852,1,1,397,831.9,1,1,1,1,1,A_TM
GCF_059683765.1,Lactiplantibacillus plantarum,SGF5-M1,Contig,3190,1,1,397,831.9,1,1,1,1,1,A_TM
GCF_001720285.1,Lactiplantibacillus plantarum,JSA22,Contig,3152,1,1,397,831.9,1,1,1,1,1,A_TM
GCF_003429585.1,Lactiplantibacillus plantarum subsp. plantarum,E1,Chromosome,2882,1,1,397,831.9,1,1,1,1,1,A_TM
GCF_050036925.1,Lactiplantibacillus plantarum,ATG-V8,Chromosome,3020,1,1,397,831.9,1,1,1,1,1,A_TM
GCF_003045665.1,Lactiplantibacillus plantarum,AS-8,Chromosome,2910,1,1,397,831.9,1,1,1,1,1,A_TM
GCF_017742275.1,Lactiplantibacillus pentosus,06B0048,Scaffold,3243,1,1,391,729.7,1,1,1,1,1,B_SP
GCF_003045705.1,Lactiplantibacillus plantarum,AS-9,Chromosome,2822,1,1,397,831.9,1,1,1,1,1,A_TM
GCF_046353015.1,Lactiplantibacillus plantarum,LpDm48,Scaffold,3368,1,1,397,833.4,1,1,1,1,1,A_TM
GCF_032190735.1,Lactiplantibacillus pentosus,1.8.18,Contig,3324,1,1,397,740.7,1,1,1,1,1,A_TM
GCF_031461015.1,Lactiplantibacillus plantarum,KCKM 0594,Contig,2979,1,1,397,831.9,1,1,1,1,1,A_TM
GCF_007989145.1,Lactiplantibacillus plantarum subsp. plantarum,NBRC 15891,Contig,2944,1,1,397,831.9,1,1,1,1,1,A_TM
GCF_052044035.1,Lactiplantibacillus plantarum,DRC2402,Contig,3115,1,1,397,831.9,1,1,1,1,1,A_TM
GCF_965286025.1,Lactiplantibacillus plantarum,PUR-C47-01,Chromosome,3001,1,1,397,831.9,1,1,1,1,1,A_TM
GCF_027675785.1,Lactiplantibacillus pentosus,UN03-35,Scaffold,3267,1,1,397,740.7,1,1,1,1,1,A_TM
GCF_000143745.1,Lactiplantibacillus plantarum subsp. plantarum ATCC 14917 = JCM 1149 = CGMCC 1.2437,ATCC 14917,Scaffold,2951,1,1,397,831.9,1,1,1,1,1,A_TM
GCF_046353045.1,Lactiplantibacillus plantarum,LpWF-D11,Scaffold,3147,1,1,397,863.3,1,1,1,1,1,A_TM
GCF_977020045.1,Lactiplantibacillus pentosus,-,Contig,3409,1,1,397,740.7,1,1,1,1,1,A_TM
GCF_054456775.1,Lactiplantibacillus plantarum,dfa1,Contig,3089,1,1,397,831.9,1,1,1,1,1,A_TM
GCF_984574405.1,Lactiplantibacillus plantarum,-,Contig,3187,1,1,397,865.1,1,1,1,1,1,A_TM
GCF_029623555.1,Lactiplantibacillus plantarum,CCHR2,Contig,3038,1,1,397,831.9,1,1,1,1,1,A_TM
GCF_001434175.1,Lactiplantibacillus plantarum subsp. plantarum ATCC 14917 = JCM 1149 = CGMCC 1.2437,CGMCC 1.2437,Scaffold,2952,1,1,397,831.9,1,1,1,1,1,A_TM
GCF_009295675.1,Lactiplantibacillus pentosus,krglsrbmofpi2,Scaffold,3227,1,1,397,740.7,1,1,1,1,1,A_TM
GCF_058244225.1,Lactiplantibacillus pentosus,XL,Contig,3170,1,1,397,740.7,1,1,1,1,1,A_TM
GCF_965286555.1,Lactiplantibacillus plantarum,10MM0,Contig,2914,1,1,397,833.4,1,1,1,1,1,A_TM
GCF_977020025.1,Lactiplantibacillus pentosus,-,Contig,3352,1,1,391,729.2,1,1,1,1,1,B_SP
GCF_040719475.1,Lactiplantibacillus plantarum,GMNL-661,Contig,3026,1,1,397,831.9,1,1,1,1,1,A_TM
GCF_019879165.1,Lactiplantibacillus plantarum,LRCC5310,Contig,3061,1,1,397,831.9,1,1,1,1,1,A_TM
GCF_046353025.1,Lactiplantibacillus plantarum,LpDm13,Scaffold,3151,1,1,397,863.3,1,1,1,1,1,A_TM
GCF_054655035.1,Lactiplantibacillus plantarum,SE1,Contig,3134,1,1,397,833.4,1,1,1,1,1,A_TM
GCF_049523835.1,Lactiplantibacillus pentosus,HS3-L5,Contig,3411,1,1,391,727.8,1,1,1,1,1,B_SP
GCF_902386645.1,Lactiplantibacillus plantarum,-,Contig,3085,1,1,397,831.9,1,1,1,1,1,A_TM
GCF_053813565.1,Lactiplantibacillus pentosus,ST01,Complete Genome,3327,1,1,397,740.7,1,1,1,1,1,A_TM
GCF_049523795.1,Lactiplantibacillus pentosus,HS3-L6,Contig,3398,1,1,391,727.8,1,1,1,1,1,B_SP
GCF_056847305.1,Lactiplantibacillus pentosus,A22,Complete Genome,3131,1,1,397,741.1,1,1,1,1,1,A_TM
GCF_052044075.1,Lactiplantibacillus plantarum,DSR330,Contig,2987,1,1,397,831.9,1,1,1,1,1,A_TM
GCF_028656165.1,Lactiplantibacillus plantarum,24-7,Contig,2916,1,1,397,831.9,1,1,1,1,1,A_TM
GCF_052044095.1,Lactiplantibacillus plantarum,DRC2312,Contig,3116,1,1,397,831.9,1,1,1,1,1,A_TM
GCF_046036855.1,Lactiplantibacillus plantarum,BALOs9,Contig,2932,1,1,397,831.9,1,1,1,1,1,A_TM
GCF_049517975.1,Lactiplantibacillus pentosus,KY5-L7,Contig,3456,1,1,397,740.7,1,1,1,1,1,A_TM
GCF_003627295.1,Lactiplantibacillus pentosus,ZFM222,Complete Genome,3151,1,1,397,741.1,1,1,1,1,1,A_TM
GCF_018993345.1,Lactiplantibacillus pentosus,3.8.24,Contig,3286,1,1,397,740.7,1,1,1,1,1,A_TM
GCF_040969965.1,Lactiplantibacillus pentosus,PCZ4,Complete Genome,3159,1,1,397,739.2,1,1,1,1,1,A_TM
GCF_054343575.1,Lactiplantibacillus pentosus,KMU32,Complete Genome,3247,1,1,391,727.2,1,1,1,1,1,B_SP
GCF_964063425.1,Lactiplantibacillus pentosus,-,Complete Genome,3413,1,1,397,741.1,1,1,1,1,1,A_TM
GCF_982235615.1,Lactiplantibacillus plantarum,-,Contig,3048,1,1,397,831.9,1,1,1,1,1,A_TM
GCF_023823145.1,Lactiplantibacillus pentosus,9D3,Complete Genome,3324,1,1,397,740.7,1,1,1,1,1,A_TM
GCF_060062925.1,Lactiplantibacillus pentosus,CROT01,Contig,3196,1,1,397,740.7,1,1,1,1,1,A_TM
GCF_022701335.1,Lactiplantibacillus pentosus,KZ0310,Chromosome,3341,1,1,397,737.3,1,1,1,1,1,A_TM
GCF_016804305.1,Lactiplantibacillus pentosus,MS031,Chromosome,3286,1,1,397,737.3,1,1,1,1,1,A_TM
GCF_018991355.1,Lactiplantibacillus pentosus,1.8.6,Contig,3258,1,1,397,740.7,1,1,1,1,1,A_TM
GCF_054129855.1,Lactiplantibacillus pentosus,CLP10,Complete Genome,3087,1,1,397,741.1,1,1,1,1,1,A_TM
GCF_003627375.1,Lactiplantibacillus pentosus,ZFM94,Complete Genome,3136,1,1,397,741.1,1,1,1,1,1,A_TM
GCF_002850015.1,Lactiplantibacillus pentosus,BGM48,Complete Genome,3204,1,1,397,740.7,1,1,1,1,1,A_TM
GCF_046353005.1,Lactiplantibacillus plantarum,LpR3P51-LongReadAssembly,Contig,3145,1,1,397,863.3,1,1,1,1,1,A_TM
GCF_977020005.1,Lactiplantibacillus pentosus,-,Contig,3401,1,1,391,729.7,1,1,1,1,1,B_SP
GCF_977020075.1,Lactiplantibacillus pentosus,-,Contig,3192,1,1,391,729.7,1,1,1,1,1,B_SP
GCF_018993965.2,Lactiplantibacillus pentosus,LA0445,Scaffold,3385,1,1,397,740.7,1,1,1,1,1,A_TM
GCF_003702605.1,Lactiplantibacillus pentosus,IG11,Scaffold,3389,1,1,397,741.6,1,1,1,1,1,A_TM
GCF_025398935.1,Lactiplantibacillus pentosus,68-1,Complete Genome,3089,1,1,397,740.7,1,1,1,1,1,A_TM
GCF_029542285.1,Lactiplantibacillus pentosus,EP3,Chromosome,3104,1,1,397,738.9,1,1,1,1,1,A_TM
GCF_050858995.1,Lactiplantibacillus pentosus,LTJ12,Complete Genome,3063,1,1,391,729.7,1,1,1,1,1,B_SP
GCF_003641185.1,Lactiplantibacillus pentosus,DSM 20314,Complete Genome,3202,1,1,391,729.2,1,1,1,0,1,B_SP
GCF_001188985.1,Lactiplantibacillus pentosus,FL0421,Scaffold,3267,1,1,391,729.2,1,1,1,1,1,B_SP
GCF_018993585.2,Lactiplantibacillus pentosus,MU0445,Scaffold,3386,1,1,397,740.7,1,1,1,1,1,A_TM
GCF_043593105.1,Lactiplantibacillus pentosus,14.8.42,Contig,3436,1,1,397,740.7,1,1,1,1,1,A_TM
GCF_018993625.1,Lactiplantibacillus pentosus,14.2.16,Contig,3362,1,1,397,740.7,1,1,1,1,1,A_TM
GCF_001433755.1,Lactiplantibacillus pentosus DSM 20314,DSM 20314,Scaffold,3233,1,1,391,729.2,1,1,1,0,1,B_SP
GCF_032190695.1,Lactiplantibacillus pentosus,1.8.9,Contig,3226,1,1,397,740.7,1,1,1,1,1,A_TM
GCF_032190575.1,Lactiplantibacillus pentosus,7.2.15,Contig,3353,1,1,397,740.7,1,1,1,1,1,A_TM
GCF_030480485.1,Lactiplantibacillus pentosus,LB-1,Complete Genome,3334,1,1,391,729.2,1,1,1,0,1,B_SP
GCF_049523775.1,Lactiplantibacillus pentosus,KY4-L1,Contig,3323,1,1,397,740.7,1,1,1,1,1,A_TM
GCF_049518335.1,Lactiplantibacillus pentosus,KY4-L5,Contig,3319,1,1,397,740.7,1,1,1,1,1,A_TM
GCF_049518235.1,Lactiplantibacillus pentosus,KY4-L10,Contig,3330,1,1,397,740.7,1,1,1,1,1,A_TM
GCF_018993275.1,Lactiplantibacillus pentosus,7.8.11,Contig,3414,1,1,397,740.7,1,1,1,1,1,A_TM
GCF_009812415.1,Lactiplantibacillus pentosus,DZ35,Contig,3472,1,1,391,726.1,1,1,1,1,1,B_SP
GCF_018069575.1,Lactiplantibacillus pentosus,B8,Contig,3362,1,1,391,726.1,1,1,1,1,1,B_SP
GCF_032190655.1,Lactiplantibacillus pentosus,14.8.42,Contig,3436,1,1,397,740.7,1,1,1,1,1,A_TM
GCF_049544935.1,Lactiplantibacillus pentosus,YF1,Complete Genome,3065,1,1,397,740.7,1,1,1,1,1,A_TM
GCF_030549395.1,Lactiplantibacillus pentosus,B652,Scaffold,3277,1,1,391,727.9,1,1,1,1,1,B_SP
GCF_977020055.1,Lactiplantibacillus pentosus,-,Contig,3332,1,1,397,739.2,1,1,1,1,1,A_TM
GCF_020532005.1,Lactiplantibacillus pentosus,GPS1-6,Contig,3477,1,1,397,740.7,1,1,1,1,1,A_TM
GCF_002993435.1,Lactiplantibacillus pentosus,IG5,Scaffold,3326,1,1,397,739.2,1,1,1,1,1,A_TM
GCF_027676485.1,Lactiplantibacillus pentosus,UN03-143,Scaffold,3268,1,1,397,740.7,1,1,1,1,1,A_TM
GCF_977020035.1,Lactiplantibacillus pentosus,-,Contig,3356,1,1,391,729.7,1,1,1,1,1,B_SP
GCF_027675885.1,Lactiplantibacillus pentosus,UN03-28,Scaffold,3266,1,1,397,740.7,1,1,1,1,1,A_TM
GCF_032195525.1,Lactiplantibacillus pentosus,7.8.2,Chromosome,3305,1,1,391,726.3,1,1,1,1,1,B_SP
GCF_049517935.1,Lactiplantibacillus pentosus,KY5-L8,Contig,3321,1,1,397,740.7,1,1,1,1,1,A_TM
GCF_058134235.1,Lactiplantibacillus pentosus,CR01,Contig,3152,1,1,391,729.7,1,1,1,1,1,B_SP
GCF_055654265.1,Lactiplantibacillus pentosus,Q11,Contig,3427,1,1,397,741.1,1,1,1,1,1,A_TM
GCF_002993395.1,Lactiplantibacillus pentosus,IG7,Scaffold,3376,1,1,391,728.3,1,1,1,1,1,B_SP
GCF_025190395.1,Lactiplantibacillus pentosus,CIRM-BIA 2170,Contig,3465,1,1,397,739.2,1,1,1,1,1,A_TM
GCF_018993525.1,Lactiplantibacillus pentosus,14.8.42,Contig,3415,1,1,397,740.7,1,1,1,1,1,A_TM
GCF_049523935.1,Lactiplantibacillus pentosus,HS3-L2,Contig,3343,1,1,391,727.8,1,1,1,1,1,B_SP
GCF_050511075.1,Lactiplantibacillus pentosus,S9C1,Contig,3285,1,1,397,738.9,1,1,1,1,1,A_TM
GCF_039612585.1,Lactiplantibacillus pentosus,XB7,Contig,3233,1,1,391,726.3,1,1,1,1,1,B_SP
GCF_025188445.1,Lactiplantibacillus pentosus,CIRM-BIA 886,Contig,3454,1,1,397,739.3,1,1,1,1,1,A_TM
GCF_028464285.1,Lactiplantibacillus pentosus,YQ001,Contig,3111,1,1,391,726.3,1,1,1,1,1,B_SP
GCF_002993485.1,Lactiplantibacillus pentosus,IG6,Scaffold,3472,1,1,397,739.2,1,1,1,1,1,A_TM
GCF_029228745.1,Lactiplantibacillus pentosus,P2000,Contig,3380,1,1,397,737.3,1,1,1,1,1,A_TM
GCF_049518295.1,Lactiplantibacillus pentosus,KY4-L7,Contig,3318,1,1,397,740.7,1,1,1,1,1,A_TM
GCF_039612645.1,Lactiplantibacillus pentosus,B7,Contig,3263,1,1,391,726.3,1,1,1,1,1,B_SP
GCF_029813085.1,Lactiplantibacillus pentosus,K0802,Contig,3256,1,1,397,740.7,1,1,1,1,1,A_TM
GCF_053454675.1,Lactiplantibacillus pentosus,SD1S6L2,Contig,3452,1,1,397,740.7,1,1,1,1,1,A_TM
GCF_029391915.1,Lactiplantibacillus paraplantarum,RX-8,Complete Genome,2851,1,1,397,811.2,1,1,1,1,1,A_TM
GCF_049523915.1,Lactiplantibacillus pentosus,HS3-L3,Contig,3393,1,1,391,727.8,1,1,1,1,1,B_SP
GCF_049518035.1,Lactiplantibacillus pentosus,KY5-L6,Contig,3379,1,1,397,740.7,1,1,1,1,1,A_TM
GCF_025190285.1,Lactiplantibacillus pentosus,CIRM-BIA 2172,Contig,3142,1,1,397,740.7,1,1,1,1,1,A_TM
GCF_018403455.1,Lactiplantibacillus pentosus,AWA1501,Contig,3279,1,1,397,740.7,1,1,1,1,1,A_TM
GCF_018982875.1,Lactiplantibacillus pentosus,O17,Scaffold,3418,1,1,391,729.2,1,1,1,1,1,B_SP
GCF_049524035.1,Lactiplantibacillus pentosus,HS3-L1,Contig,3308,1,1,391,727.8,1,1,1,1,1,B_SP
GCF_982235465.1,Lactiplantibacillus paraplantarum,-,Contig,3143,1,1,397,810.7,1,1,1,1,1,A_TM
GCF_018991345.1,Lactiplantibacillus pentosus,1.2.13,Contig,3270,1,1,397,740.7,1,1,1,1,1,A_TM
GCF_018993945.1,Lactiplantibacillus pentosus,1.8.9,Contig,3210,1,1,397,740.7,1,1,1,1,1,A_TM
GCF_018993485.1,Lactiplantibacillus pentosus,7.2.23,Contig,3330,1,1,397,740.7,1,1,1,1,1,A_TM
GCF_049523895.1,Lactiplantibacillus pentosus,HS3-L4,Contig,3294,1,1,391,727.8,1,1,1,1,1,B_SP
GCF_049518175.1,Lactiplantibacillus pentosus,KY5-L2,Contig,3379,1,1,397,740.7,1,1,1,1,1,A_TM
GCF_049518055.1,Lactiplantibacillus pentosus,KY5-L5,Contig,3354,1,1,397,740.7,1,1,1,1,1,A_TM
GCF_025190245.1,Lactiplantibacillus pentosus,CIRM-BIA 2178,Contig,3312,1,1,397,740.7,1,1,1,1,1,A_TM
GCF_049518115.1,Lactiplantibacillus pentosus,KY5-L3,Contig,3436,1,1,397,740.7,1,1,1,1,1,A_TM
GCF_018993495.1,Lactiplantibacillus pentosus,3.2.37,Contig,3279,1,1,397,740.7,1,1,1,1,1,A_TM
GCF_049518215.1,Lactiplantibacillus pentosus,KY5-L1,Contig,3352,1,1,397,740.7,1,1,1,1,1,A_TM
GCF_000758145.1,Lactiplantibacillus paraplantarum,L-ZS9,Scaffold,2847,1,1,397,811.2,1,1,1,1,1,A_TM
GCF_049517915.1,Lactiplantibacillus pentosus,KY5-L9,Contig,3357,1,1,397,740.7,1,1,1,1,1,A_TM
GCF_059995385.1,Lactiplantibacillus paraplantarum,IZITR_13,Complete Genome,3002,1,1,397,811.2,1,1,1,1,1,A_TM
GCF_900092635.1,Lactiplantibacillus pentosus MP-10,-,Contig,3379,1,1,397,737.3,1,1,1,1,1,A_TM
GCF_049517695.1,Lactiplantibacillus pentosus,NG3-L3,Contig,3429,1,1,397,740.7,1,1,1,1,1,A_TM
GCF_049518095.1,Lactiplantibacillus pentosus,KY5-L4,Contig,3143,1,1,391,727.5,1,1,1,1,1,B_SP
GCF_047779755.1,Lactiplantibacillus pentosus,P7,Contig,3292,1,1,397,737.3,1,1,1,1,1,A_TM
GCF_049517795.1,Lactiplantibacillus pentosus,KY6-L10,Contig,3238,1,1,397,740.7,1,1,1,1,1,A_TM
GCF_037283745.1,Lactiplantibacillus paraplantarum,A1453,Contig,3049,1,1,397,810.7,1,1,1,1,1,A_TM
GCF_018993725.1,Lactiplantibacillus pentosus,3.2.36,Contig,3322,1,1,397,740.7,1,1,1,1,1,A_TM
GCF_020181715.1,Lactiplantibacillus pentosus,L33,Scaffold,3426,1,1,397,740.7,1,1,1,1,1,A_TM
GCF_018991535.1,Lactiplantibacillus pentosus,7.8.2,Contig,3302,1,1,391,726.3,1,1,1,1,1,B_SP
GCF_022936785.1,Lactiplantibacillus pentosus,O12,Scaffold,3440,1,1,397,740.7,1,1,1,1,1,A_TM
GCF_003702625.1,Lactiplantibacillus pentosus,IG8,Scaffold,3387,1,1,397,741.6,1,1,1,1,1,A_TM
GCF_049517815.1,Lactiplantibacillus pentosus,KY6-L4,Contig,3337,1,1,397,740.7,1,1,1,1,1,A_TM
GCF_000469115.1,Lactiplantibacillus paraplantarum,AY01,Contig,3067,1,1,397,810.7,1,1,1,1,1,A_TM
GCF_003609655.1,Lactiplantibacillus paraplantarum,Lp109,Scaffold,3110,1,1,397,810.7,1,1,1,1,1,A_TM
GCF_049517855.1,Lactiplantibacillus pentosus,KY5-L10,Contig,3408,1,1,397,740.7,1,1,1,1,1,A_TM
GCF_018991365.1,Lactiplantibacillus pentosus,1.2.7,Contig,3272,1,1,397,740.7,1,1,1,1,1,A_TM
GCF_018991285.1,Lactiplantibacillus pentosus,1.2.11,Contig,3257,1,1,397,740.7,1,1,1,1,1,A_TM
GCF_977019975.1,Lactiplantibacillus pentosus,-,Contig,3332,1,1,391,729.7,1,1,1,0,1,B_SP
GCF_053748715.1,Lactiplantibacillus pentosus,PL0028,Contig,3228,1,1,397,740.7,1,1,1,1,1,A_TM
GCF_018993445.1,Lactiplantibacillus pentosus,7.2.15,Contig,3292,1,1,397,740.7,1,1,1,1,1,A_TM
GCF_002158925.1,Lacticaseibacillus rhamnosus,4B15,Complete Genome,2662,1,1,386,200.7,1,1,1,1,1,B_SP
GCF_002751855.1,Lactiplantibacillus pentosus,RI-031,Contig,3226,1,1,391,729.2,1,1,1,0,1,B_SP
GCF_925286315.1,Lactiplantibacillus paraplantarum,-,Contig,3258,1,1,397,812.7,1,1,1,1,1,A_TM
GCF_049517755.1,Lactiplantibacillus pentosus,NG3-L10,Contig,3495,1,1,397,740.7,1,1,1,1,1,A_TM
GCF_018991465.1,Lactiplantibacillus pentosus,7.8.46,Contig,3356,1,1,397,740.7,1,1,1,1,1,A_TM
GCF_002993425.1,Lactiplantibacillus pentosus,IG3,Scaffold,3485,1,1,397,739.2,1,1,1,1,1,A_TM
GCF_018993635.1,Lactiplantibacillus pentosus,1.8.18,Contig,3318,1,1,397,740.7,1,1,1,1,1,A_TM
GCF_053748595.1,Lactiplantibacillus pentosus,PL0050,Contig,3226,1,1,397,740.7,1,1,1,1,1,A_TM
GCF_030480385.1,Lacticaseibacillus rhamnosus,MCC 0256,Complete Genome,2647,1,1,386,200.7,1,1,1,1,1,B_SP
GCF_022936805.1,Lactiplantibacillus pentosus,O19,Scaffold,3196,1,1,397,741.1,1,1,1,1,1,A_TM
GCF_040235135.2,Lacticaseibacillus rhamnosus,BIM B-189,Complete Genome,2627,1,1,386,197.3,1,1,1,1,1,B_SP
GCF_003702565.1,Lactiplantibacillus pentosus,IG12,Scaffold,3389,1,1,397,741.6,1,1,1,1,1,A_TM
GCF_038447725.1,Lactiplantibacillus pentosus,S3T60C,Contig,3602,1,1,397,740.7,1,1,1,1,1,A_TM
GCF_018991375.1,Lactiplantibacillus pentosus,7.2.11,Contig,3338,1,1,397,740.7,1,1,1,1,1,A_TM
GCF_044142985.1,Lactiplantibacillus pentosus,S2-VN,Contig,3300,1,1,391,729.2,1,1,1,1,1,B_SP
GCF_965614495.1,Lacticaseibacillus rhamnosus,E-052741,Complete Genome,2635,1,1,386,200.7,1,1,1,1,1,B_SP
GCF_008831425.1,Lacticaseibacillus rhamnosus,BIO6870,Complete Genome,2663,1,1,386,200.7,1,1,1,1,1,B_SP
GCF_018993665.1,Lactiplantibacillus pentosus,7.2.20,Contig,3380,1,1,397,740.7,1,1,1,1,1,A_TM
GCF_003702665.1,Lactiplantibacillus pentosus,IG9,Scaffold,3381,1,1,397,741.6,1,1,1,1,1,A_TM
GCF_019967935.1,Lacticaseibacillus rhamnosus,CAU 1365,Complete Genome,2635,1,1,386,199.8,1,1,1,1,1,B_SP
GCF_002993385.1,Lactiplantibacillus pentosus,IG4,Scaffold,3357,1,1,397,739.2,1,1,1,1,1,A_TM
GCF_035334605.1,Lacticaseibacillus rhamnosus,S262-4W,Complete Genome,2650,1,1,386,200.7,1,1,1,1,1,B_SP
GCF_025190265.1,Lactiplantibacillus pentosus,CIRM-BIA 2179,Contig,3216,1,1,397,739.2,1,1,1,1,1,A_TM
GCF_002993465.1,Lactiplantibacillus pentosus,IG2,Scaffold,3622,1,1,397,741.1,1,1,1,1,1,A_TM
GCF_018991425.1,Lactiplantibacillus pentosus,14.2.3,Contig,3323,1,1,397,740.7,1,1,1,1,1,A_TM
GCF_977019985.1,Lactiplantibacillus pentosus,-,Contig,3516,1,1,397,740.7,1,1,1,1,1,A_TM
GCF_018991565.1,Lactiplantibacillus pentosus,3.8.45,Contig,3314,1,1,397,740.7,1,1,1,1,1,A_TM
GCF_048629445.1,Lacticaseibacillus rhamnosus,TS4,Complete Genome,2633,1,1,386,199.8,1,1,1,1,1,B_SP
GCF_025190375.1,Lactiplantibacillus pentosus,CIRM-BIA 2177,Contig,3109,1,1,397,740.7,1,1,1,1,1,A_TM
GCF_026427555.1,Lacticaseibacillus rhamnosus,VHProbi F20,Complete Genome,2664,1,1,386,200.7,1,1,1,1,1,B_SP
GCF_025190465.1,Lactiplantibacillus pentosus,CIRM-BIA 2168,Contig,3384,1,1,391,729.7,1,1,1,0,1,B_SP
GCF_025190345.1,Lactiplantibacillus pentosus,CIRM-BIA 2171,Contig,3334,0,1,391,727.9,1,1,1,1,1,E_no_dlt
GCF_021384425.1,Lactiplantibacillus pentosus,1.2.48,Contig,3326,1,1,397,740.7,1,1,1,1,1,A_TM
GCF_051388335.1,Lactiplantibacillus pentosus,RS15-3,Contig,3372,1,1,391,726.1,1,1,1,1,1,B_SP
GCF_003702635.1,Lactiplantibacillus pentosus,IG10,Scaffold,3356,1,1,397,741.1,1,1,1,1,1,A_TM
GCF_033977045.1,Lacticaseibacillus rhamnosus,LR6,Complete Genome,2633,1,1,386,200.7,1,1,1,1,1,B_SP
GCF_025190445.1,Lactiplantibacillus pentosus,CIRM-BIA 1490,Contig,3355,1,1,391,729.2,1,1,1,1,1,B_SP
GCF_038592875.1,Lactiplantibacillus paraplantarum,lb01,Complete Genome,2956,1,1,397,810.7,1,1,1,1,1,A_TM
GCF_041379775.1,Lacticaseibacillus rhamnosus,YGRT11,Complete Genome,2645,1,1,386,200.7,1,1,1,1,1,B_SP
GCF_051098045.1,Lactiplantibacillus paraplantarum,IBB3436,Complete Genome,2999,1,1,397,813.4,1,1,1,1,1,A_TM
GCF_977020015.1,Lactiplantibacillus pentosus,-,Contig,3264,1,1,391,729.7,1,1,1,1,1,B_SP
GCF_977019995.1,Lactiplantibacillus pentosus,-,Contig,3317,1,1,391,729.7,1,1,1,1,1,B_SP
GCF_049523715.1,Lactiplantibacillus pentosus,KY4-L2,Contig,3474,1,1,397,740.7,1,1,1,1,1,A_TM
GCF_052567965.1,Lacticaseibacillus rhamnosus,HL-JO04,Complete Genome,2614,1,1,386,200.7,1,1,1,1,1,B_SP
GCF_025190425.1,Lactiplantibacillus pentosus,CIRM-BIA 2169,Contig,3322,1,1,391,729.7,1,1,1,1,1,B_SP
GCF_007991915.1,Lactiplantibacillus paraplantarum,NBRC 107151,Contig,3136,1,1,397,810.7,1,1,1,1,1,A_TM
GCF_029543065.1,Lacticaseibacillus rhamnosus,A5,Complete Genome,2596,1,1,386,199.8,1,1,1,1,1,B_SP
GCF_001435655.1,Lactiplantibacillus paraplantarum DSM 10667,DSM 10667,Scaffold,3189,1,1,397,810.7,1,1,1,1,1,A_TM
GCF_025122375.1,Lactiplantibacillus pentosus,LBAE A2,Contig,3252,1,1,397,740.7,1,1,1,1,1,A_TM
GCF_025190365.1,Lactiplantibacillus pentosus,CIRM-BIA 660,Contig,3224,1,1,391,729.2,1,1,1,0,1,B_SP
GCF_025190325.1,Lactiplantibacillus pentosus,CIRM-BIA 2173,Contig,3290,1,1,397,740.7,1,1,1,1,1,A_TM
GCF_035928125.1,Lacticaseibacillus rhamnosus,VHProbi V77,Complete Genome,2573,1,1,386,199.8,1,1,1,1,1,B_SP
GCF_021869545.1,Lactiplantibacillus paraplantarum,KCCM 11826P,Complete Genome,2977,1,1,397,810.7,1,1,1,1,1,A_TM
GCF_041147075.1,Lactiplantibacillus paraplantarum,LA1049,Scaffold,3044,1,1,397,810.7,1,1,1,1,1,A_TM
GCF_048629795.1,Lacticaseibacillus rhamnosus,HI1,Complete Genome,2642,1,1,386,199.8,1,1,1,1,1,B_SP
GCF_040705215.1,Lactiplantibacillus paraplantarum,CIRM-BIA 1870,Scaffold,2927,1,1,397,814.0,1,1,1,1,1,A_TM
GCF_025190295.1,Lactiplantibacillus pentosus,CIRM-BIA 2174,Contig,3290,1,1,397,740.7,1,1,1,1,1,A_TM
GCF_003641145.1,Lactiplantibacillus paraplantarum,DSM 10667,Complete Genome,3043,1,1,397,810.7,1,1,1,1,1,A_TM
GCF_018286375.1,Lacticaseibacillus rhamnosus,AS,Complete Genome,2554,1,1,386,198.4,1,1,1,1,1,B_SP
GCF_025129205.1,Lactiplantibacillus pentosus,1524,Contig,3238,1,1,391,727.7,1,1,1,1,1,B_SP
GCF_003045685.1,Lactiplantibacillus paraplantarum,AS-7,Chromosome,2743,1,1,397,810.7,1,1,1,1,1,A_TM
GCF_002897175.1,Lactiplantibacillus paraplantarum,D2-1,Scaffold,3289,1,1,397,810.7,1,1,1,1,1,A_TM
GCF_030262435.1,Lactiplantibacillus paraplantarum,BPF2,Scaffold,3245,1,1,397,810.7,1,1,1,1,1,A_TM
GCF_041228125.1,Lacticaseibacillus rhamnosus,NS2301G1,Complete Genome,2749,1,1,386,198.4,1,1,1,1,1,B_SP
GCF_029025825.1,Lactiplantibacillus paraplantarum,FL-8,Complete Genome,2929,1,1,397,813.9,1,1,1,1,1,A_TM
GCF_056618485.1,Lactiplantibacillus paraplantarum,BIM B-551D,Complete Genome,2934,1,1,397,811.2,1,1,1,1,1,A_TM
GCF_024610975.1,Lacticaseibacillus rhamnosus,VHProbi M14,Complete Genome,2619,1,1,386,199.9,1,1,1,1,1,B_SP
GCF_013113675.1,Lactiplantibacillus paraplantarum,CK401,Complete Genome,2972,1,1,397,810.7,1,1,1,1,1,A_TM
GCF_982235705.1,Lactiplantibacillus paraplantarum,-,Contig,3109,1,1,397,810.7,1,1,1,1,1,A_TM
GCF_031593775.1,Lacticaseibacillus rhamnosus,VHProbi M12,Complete Genome,2763,1,1,386,201.7,1,1,1,1,1,B_SP
GCF_053852195.1,Lacticaseibacillus rhamnosus,HP-B1083,Complete Genome,2758,1,1,386,201.7,1,1,1,1,1,B_SP
GCF_032465895.1,Lacticaseibacillus rhamnosus,LMG 23327,Complete Genome,2666,1,1,386,199.7,1,1,1,1,1,B_SP
GCF_001443645.1,Lactiplantibacillus paraplantarum,L-ZS9,Complete Genome,2822,1,1,397,811.2,1,1,1,1,1,A_TM
GCF_025950315.1,Lactiplantibacillus paraplantarum,SRCM210393,Contig,3047,1,1,397,811.2,1,1,1,1,1,A_TM
GCF_000011045.1,Lacticaseibacillus rhamnosus GG,ATCC 53103,Complete Genome,2654,1,1,386,200.7,1,1,1,1,1,B_SP
GCF_025515415.1,Lactiplantibacillus paraplantarum,SRCM210917,Contig,3100,1,1,397,810.7,1,1,1,1,1,A_TM
GCF_003346405.1,Lactiplantibacillus paraplantarum,KMB_599,Contig,2896,1,1,397,811.2,1,1,1,1,1,A_TM
GCF_902381635.1,Lacticaseibacillus rhamnosus,-,Complete Genome,2662,1,1,386,200.7,1,1,1,1,1,B_SP
GCF_050706795.1,Lacticaseibacillus rhamnosus,VHProbi O07,Complete Genome,2605,1,1,386,199.7,1,1,1,1,1,B_SP
GCF_045256955.1,Lacticaseibacillus rhamnosus,484,Complete Genome,2651,1,1,386,200.7,1,1,1,1,1,B_SP
GCF_048588285.1,Lactiplantibacillus paraplantarum,SDN1.2,Contig,2913,1,1,397,811.2,1,1,1,1,1,A_TM
GCF_980645145.1,Lactiplantibacillus paraplantarum,-,Contig,2927,1,1,397,810.7,1,1,1,1,1,A_TM
GCF_009429065.1,Lacticaseibacillus rhamnosus,IDCC 3201,Chromosome,2615,1,1,386,199.9,1,1,1,1,1,B_SP
GCF_980653705.1,Lactiplantibacillus paraplantarum,-,Contig,3141,1,1,397,811.2,1,1,1,1,1,A_TM
GCF_032465975.1,Lacticaseibacillus rhamnosus,LMG 23550,Complete Genome,2798,1,1,386,199.8,1,1,1,1,1,B_SP
GCF_032248855.1,Lacticaseibacillus rhamnosus,DS0508,Complete Genome,2657,1,1,386,200.7,1,1,1,1,1,B_SP
GCF_016653515.1,Lacticaseibacillus rhamnosus,KF7,Complete Genome,2825,1,1,386,199.9,1,1,1,1,1,B_SP
GCF_032465995.1,Lacticaseibacillus rhamnosus,LMG 10768,Complete Genome,2636,1,1,386,200.2,1,1,1,1,1,B_SP
GCF_051549825.1,Lacticaseibacillus rhamnosus,MG20180718,Complete Genome,2649,1,1,386,200.7,1,1,1,1,1,B_SP
GCF_025212025.1,Lactiplantibacillus paraplantarum,CIRM-BIA 1870,Contig,2912,1,1,397,814.0,1,1,1,1,1,A_TM
GCF_045061055.1,Lacticaseibacillus rhamnosus,MRD080,Complete Genome,2661,1,1,386,200.7,1,1,1,1,1,B_SP
GCF_049810295.1,Lacticaseibacillus rhamnosus GG,GG,Chromosome,2652,1,1,386,200.7,1,1,1,1,1,B_SP
GCF_041107695.1,Lactiplantibacillus paraplantarum,BPF2,Scaffold,3245,1,1,397,810.7,1,1,1,1,1,A_TM
GCF_015377485.1,Lacticaseibacillus rhamnosus,TK-F8B,Complete Genome,2701,1,1,386,200.7,1,1,1,1,1,B_SP
GCF_008727835.1,Lacticaseibacillus rhamnosus,hsryfm 1301,Complete Genome,2707,1,1,386,199.8,1,1,1,1,1,B_SP
GCF_031202655.1,Lacticaseibacillus rhamnosus,Fmb14,Complete Genome,2692,1,1,386,199.8,1,1,1,1,1,B_SP
GCF_030034775.1,Lacticaseibacillus rhamnosus,k32,Complete Genome,2667,1,1,386,200.3,1,1,1,1,1,B_SP
GCF_900636965.1,Lacticaseibacillus rhamnosus,NCTC13764,Complete Genome,2634,1,1,386,199.8,1,1,1,1,1,B_SP
GCF_018228745.1,Lacticaseibacillus rhamnosus,X253,Complete Genome,2626,1,1,386,199.8,1,1,1,1,1,B_SP
GCF_056490465.1,Lacticaseibacillus rhamnosus,BIONCL3,Contig,2638,1,1,386,199.9,1,1,1,1,1,B_SP
GCF_001988935.1,Lacticaseibacillus rhamnosus,BFE5264,Complete Genome,2732,1,1,386,200.7,1,1,1,1,1,B_SP
GCF_017795605.1,Lacticaseibacillus rhamnosus,LDTM7511,Complete Genome,2641,1,1,386,200.7,1,1,1,1,1,B_SP
GCF_004010975.1,Lacticaseibacillus rhamnosus,LR-B1,Complete Genome,2652,1,1,386,200.7,1,1,1,1,1,B_SP
GCF_054131685.1,Lacticaseibacillus rhamnosus,SHA113,Complete Genome,2643,1,1,386,199.8,1,1,1,1,1,B_SP
GCF_054720645.1,Lacticaseibacillus rhamnosus L34,L34,Complete Genome,2674,1,1,386,200.0,1,1,1,1,1,B_SP
GCF_900070175.1,Lacticaseibacillus rhamnosus,BPL5,Complete Genome,2697,1,1,386,199.8,1,1,1,1,1,B_SP
GCF_036583945.1,Lacticaseibacillus rhamnosus,CP-1,Complete Genome,2631,1,1,386,199.8,1,1,1,1,1,B_SP
GCF_044283575.1,Lacticaseibacillus rhamnosus,OF44,Chromosome,2638,1,1,386,200.0,1,1,1,1,1,B_SP
GCF_058219035.1,Lacticaseibacillus rhamnosus,CU262,Complete Genome,2649,1,1,386,200.7,1,1,1,1,1,B_SP
GCF_048015625.1,Lacticaseibacillus rhamnosus,B3421,Complete Genome,2668,1,1,386,200.7,1,1,1,1,1,B_SP
GCF_054953045.1,Lacticaseibacillus rhamnosus,B34-0-2,Complete Genome,2666,1,1,386,200.7,1,1,1,1,1,B_SP
GCF_978043435.1,Lacticaseibacillus rhamnosus,-,Contig,2662,1,1,386,199.8,1,1,1,1,1,B_SP
GCF_051200805.1,Lacticaseibacillus rhamnosus,OBM8,Complete Genome,2631,1,1,386,199.8,1,1,1,1,1,B_SP
GCF_024158105.2,Lacticaseibacillus rhamnosus,DM054,Complete Genome,2659,1,1,386,200.7,1,1,1,1,1,B_SP
GCF_057619915.1,Lacticaseibacillus rhamnosus,B7-1-12,Complete Genome,2661,1,1,386,200.7,1,1,1,1,1,B_SP
GCF_051131585.1,Lacticaseibacillus rhamnosus,UO.H3007,Chromosome,2630,1,1,386,200.7,1,1,1,1,1,B_SP
GCF_029011275.1,Lacticaseibacillus rhamnosus,VSI43,Complete Genome,2660,1,1,386,199.8,1,1,1,1,1,B_SP
GCF_022220485.1,Lacticaseibacillus rhamnosus,VHProbi Y39,Complete Genome,2633,1,1,386,199.8,1,1,1,1,1,B_SP
GCF_023913535.1,Lacticaseibacillus rhamnosus,P118,Complete Genome,2626,1,1,386,199.8,1,1,1,1,1,B_SP
GCF_048629435.1,Lacticaseibacillus rhamnosus,TB3,Complete Genome,2634,1,1,386,199.8,1,1,1,1,1,B_SP
GCF_055523615.1,Lacticaseibacillus rhamnosus,MRD-LC202130,Complete Genome,2646,1,1,386,200.7,1,1,1,1,1,B_SP
GCF_039654095.1,Lacticaseibacillus rhamnosus,S22825,Complete Genome,2708,1,1,386,199.9,1,1,1,1,1,B_SP
GCF_028322725.1,Lacticaseibacillus rhamnosus,1001095st1_F3_1001254B_151014,Scaffold,2591,1,1,386,199.7,1,1,1,1,1,B_SP
GCF_003061565.1,Lacticaseibacillus rhamnosus,DS17_11,Contig,2632,1,1,386,199.8,1,1,1,1,1,B_SP
GCF_029010255.1,Lacticaseibacillus rhamnosus,VSI33,Complete Genome,2616,1,1,386,199.8,1,1,1,1,1,B_SP
GCF_009720565.1,Lacticaseibacillus rhamnosus,BIO5326,Complete Genome,2630,1,1,386,199.8,1,1,1,1,1,B_SP
GCF_002960215.1,Lacticaseibacillus rhamnosus,SCT-10-10-60,Complete Genome,2624,1,1,386,199.8,1,1,1,1,1,B_SP
GCF_002861765.1,Lactobacillus crispatus,UMB0803,Scaffold,1863,1,1,313,127.7,1,1,0,0,1,C_CYTO
GCF_001541515.1,Lactobacillus crispatus,VMC5,Scaffold,2175,1,1,313,127.7,1,1,0,0,1,C_CYTO
GCF_040801795.1,Lacticaseibacillus rhamnosus,MG4644,Complete Genome,2626,1,1,386,200.7,1,1,1,1,1,B_SP
GCF_059437655.1,Lactobacillus crispatus,MOTIF01048,Scaffold,2218,1,1,313,127.7,1,1,0,0,1,C_CYTO
GCF_059437615.1,Lactobacillus crispatus,MOTIF01230,Scaffold,2211,1,1,313,127.7,1,1,0,0,1,C_CYTO
GCF_022455895.1,Lactobacillus crispatus,JKR_P1_15_G02_S687_001-bin_1,Scaffold,1788,1,1,313,127.7,1,1,0,0,1,C_CYTO
GCF_047778005.1,Lacticaseibacillus rhamnosus,MRD-YKTA,Complete Genome,2645,1,1,386,200.7,1,1,1,1,1,B_SP
GCF_059437395.1,Lactobacillus crispatus,MOTIF01241,Scaffold,2165,1,1,313,127.7,1,1,0,0,1,C_CYTO
GCF_022456175.1,Lactobacillus crispatus,F4_1630_1235_1_MRS7_S268-bin_1-SPLIT,Scaffold,1866,0,0,,,0,0,0,0,1,E_no_dlt
GCF_022455155.1,Lactobacillus crispatus,CM_E08_S829-bin_1,Scaffold,2067,1,1,313,127.7,1,1,0,0,1,C_CYTO
GCF_030490305.1,Lacticaseibacillus rhamnosus,DM163,Complete Genome,2658,1,1,386,199.8,1,1,1,1,1,B_SP
GCF_059437995.1,Lactobacillus crispatus,MOTIF01029,Scaffold,2147,1,1,313,127.7,1,1,0,0,1,C_CYTO
GCF_030218605.1,Lactobacillus crispatus,UMB0052,Contig,2103,1,1,313,127.7,1,1,0,0,1,C_CYTO
GCF_022456695.1,Lactobacillus crispatus,0421_295_1_2_MRS7_S445-bin_1,Scaffold,1868,1,1,313,127.7,1,1,0,0,0,C_CYTO
GCF_022455035.1,Lactobacillus crispatus,CM_F08_S830-bin_1,Scaffold,1872,1,1,313,127.7,1,1,0,0,1,C_CYTO
GCF_016161925.1,Lactobacillus crispatus,LB70,Contig,1914,1,1,313,121.2,1,1,0,0,1,C_CYTO
GCF_038001785.1,Lactobacillus crispatus,LB93,Contig,2113,1,1,313,127.7,1,1,0,0,1,C_CYTO
GCF_001541505.1,Lactobacillus crispatus,VMC6,Contig,2249,1,1,313,127.7,1,1,0,0,1,C_CYTO
GCF_004361445.1,Lactobacillus crispatus,RL27,Scaffold,2572,1,1,313,127.7,1,1,0,0,1,C_CYTO
GCF_022455955.1,Lactobacillus crispatus,JKR_P1_07_G01_S679_001-bin_1,Scaffold,1905,1,1,313,127.7,1,1,0,0,1,C_CYTO
GCF_027160595.1,Lactobacillus crispatus,C0115A2,Contig,2114,1,1,313,127.7,1,1,0,0,1,C_CYTO
GCF_016162125.1,Lactobacillus crispatus,LB62,Contig,2094,1,1,313,127.7,1,1,0,0,1,C_CYTO
GCF_059437875.1,Lactobacillus crispatus,MOTIF01033,Scaffold,2223,1,1,313,127.7,1,1,0,0,1,C_CYTO
GCF_027584215.1,Lactobacillus crispatus,C0086F8,Contig,2218,1,1,313,127.7,1,1,0,0,1,C_CYTO
GCF_016093195.1,Lactobacillus crispatus,C0176A1,Contig,2055,1,1,313,127.7,1,1,0,0,1,C_CYTO
GCF_027160865.1,Lactobacillus crispatus,C0114A2,Contig,2129,1,1,313,127.7,1,1,0,0,1,C_CYTO
GCF_001563615.1,Lactobacillus crispatus,PSS7772C,Scaffold,2343,1,1,313,127.4,1,1,0,0,1,C_CYTO
GCF_027160585.1,Lactobacillus crispatus,C0115A1,Contig,2121,1,1,313,127.7,1,1,0,0,1,C_CYTO
GCF_022456835.1,Lactobacillus crispatus,0421_295_1_1_MRS6_S407-bin_1,Scaffold,1839,1,1,313,127.7,1,1,0,0,0,C_CYTO
GCF_027153665.1,Lactobacillus crispatus,C0174C1,Contig,2256,1,1,313,127.7,1,1,0,0,1,C_CYTO
GCF_022456035.1,Lactobacillus crispatus,JKR_P1_01_A01_S673_001-bin_1,Scaffold,1743,1,1,313,127.7,1,1,0,0,1,C_CYTO
GCF_027583895.1,Lactobacillus crispatus,C0103E5,Contig,2168,1,1,313,127.7,1,1,0,0,1,C_CYTO
GCF_027153945.1,Lactobacillus crispatus,C0051A5,Contig,2056,1,1,313,127.7,1,1,0,0,1,C_CYTO
GCF_027161125.1,Lactobacillus crispatus,C0112A2,Contig,2123,1,1,313,127.7,1,1,0,0,1,C_CYTO
GCF_027583915.1,Lactobacillus crispatus,C0103D4,Contig,2165,1,1,313,127.7,1,1,0,0,1,C_CYTO
GCF_027160825.1,Lactobacillus crispatus,C0114A3,Contig,2112,1,1,313,127.7,1,1,0,0,1,C_CYTO
GCF_038001505.1,Lactobacillus crispatus,LB135,Contig,2030,1,1,313,127.7,1,1,0,0,1,C_CYTO
GCF_038001685.1,Lactobacillus crispatus,LB98,Contig,2467,1,1,313,127.7,1,1,0,0,1,C_CYTO
GCF_038001665.1,Lactobacillus crispatus,LB100,Contig,2336,1,1,313,127.7,1,1,0,0,1,C_CYTO
GCF_027154295.1,Lactobacillus crispatus,C0168C1,Contig,2072,1,1,313,127.7,1,1,0,0,1,C_CYTO
GCF_027153785.1,Lactobacillus crispatus,C0051D5,Contig,2149,1,1,313,127.7,1,1,0,0,1,C_CYTO
GCF_038001725.1,Lactobacillus crispatus,LB96,Contig,2191,1,1,313,127.7,1,1,0,0,1,C_CYTO
GCF_004361545.1,Lactobacillus crispatus,RL16,Contig,2554,1,1,313,127.7,1,1,0,0,1,C_CYTO
GCF_022455935.1,Lactobacillus crispatus,JKR_P1_08_H01_S680_001-bin_1,Scaffold,1930,1,1,313,127.7,1,1,0,0,1,C_CYTO
GCF_022455185.1,Lactobacillus crispatus,CM_E09_S837-bin_2,Scaffold,1857,1,1,313,127.7,1,1,0,0,1,C_CYTO
GCF_027160845.1,Lactobacillus crispatus,C0114A1,Contig,2126,1,1,313,127.7,1,1,0,0,1,C_CYTO
GCF_027161165.1,Lactobacillus crispatus,C0112A1,Contig,2107,1,1,313,127.7,1,1,0,0,1,C_CYTO
GCF_004361575.1,Lactobacillus crispatus,RL09,Scaffold,2180,1,1,313,127.7,1,1,0,0,1,C_CYTO
GCF_038001595.1,Lactobacillus crispatus,LB102,Contig,2208,1,1,313,127.7,1,1,0,0,1,C_CYTO
GCF_027160215.1,Lactobacillus crispatus,C0020A2,Contig,2129,1,1,313,127.7,1,1,0,0,1,C_CYTO
GCF_038001625.1,Lactobacillus crispatus,LB99,Contig,2476,1,1,313,127.7,1,1,0,0,1,C_CYTO
GCF_027153565.1,Lactobacillus crispatus,C0175A5,Contig,2144,1,1,313,127.7,1,1,0,0,1,C_CYTO
GCF_027160165.1,Lactobacillus crispatus,C0020A3,Contig,2113,1,1,313,127.7,1,1,0,0,1,C_CYTO
GCF_027153815.1,Lactobacillus crispatus,C0051A1,Contig,2063,1,1,313,127.7,1,1,0,0,1,C_CYTO
GCF_027153805.1,Lactobacillus crispatus,C0174A1,Contig,2138,1,1,313,127.7,1,1,0,0,1,C_CYTO
GCF_027153545.1,Lactobacillus crispatus,C0175C1,Contig,2052,1,1,313,127.7,1,1,0,0,1,C_CYTO
GCF_027160225.1,Lactobacillus crispatus,C0020A1,Contig,2129,1,1,313,127.7,1,1,0,0,1,C_CYTO
GCF_027161085.1,Lactobacillus crispatus,C0112A5,Contig,2118,1,1,313,127.7,1,1,0,0,1,C_CYTO
GCF_027152885.1,Lactobacillus crispatus,C0006A1,Contig,2021,1,1,313,127.7,1,1,0,0,1,C_CYTO
GCF_038001845.1,Lactobacillus crispatus,LB90,Contig,2284,1,1,313,127.7,1,1,0,0,1,C_CYTO
GCF_027153845.1,Lactobacillus crispatus,C0051A4,Contig,2050,1,1,313,127.7,1,1,0,0,1,C_CYTO
GCF_027153505.1,Lactobacillus crispatus,C0176A3,Contig,2054,1,1,313,127.7,1,1,0,0,1,C_CYTO
GCF_027153685.1,Lactobacillus crispatus,C0174A4,Contig,2136,1,1,313,127.7,1,1,0,0,1,C_CYTO
GCF_027153715.1,Lactobacillus crispatus,C0174A5,Contig,2135,1,1,313,127.7,1,1,0,0,1,C_CYTO
GCF_027153425.1,Lactobacillus crispatus,C0177A2,Contig,2136,1,1,313,127.7,1,1,0,0,1,C_CYTO
GCF_022455395.1,Lactobacillus crispatus,CM_D02_S780-bin_1,Scaffold,1735,1,1,313,127.7,1,1,0,0,1,C_CYTO
GCF_027159065.1,Lactobacillus crispatus,C0123B3,Contig,1976,1,1,313,127.7,1,1,0,0,1,C_CYTO
GCF_027154285.1,Lactobacillus crispatus,C0168C2,Contig,2070,1,1,313,127.7,1,1,0,0,1,C_CYTO
GCF_027152845.1,Lactobacillus crispatus,C0006A3,Contig,2016,1,1,313,127.7,1,1,0,0,1,C_CYTO
GCF_022455635.1,Lactobacillus crispatus,CM_B01_S770-bin_1,Scaffold,1879,1,1,313,127.7,1,1,0,0,1,C_CYTO
GCF_027161115.1,Lactobacillus crispatus,C0112A3,Contig,2082,1,1,313,127.7,1,1,0,0,1,C_CYTO
GCF_056682575.1,Lactobacillus crispatus,AL 13.2,Contig,2159,1,1,313,127.7,1,1,0,0,1,C_CYTO
GCF_022456215.1,Lactobacillus crispatus,F4_1630_1235_1_CBA14_S224-bin_1-SPLIT,Scaffold,1754,0,0,,,0,0,0,0,1,E_no_dlt
GCF_027160085.1,Lactobacillus crispatus,C0020A4,Contig,2062,1,1,313,125.4,1,1,0,0,1,C_CYTO
GCF_022454735.1,Lactobacillus crispatus,DZD_CM_02_S770-bin_1,Scaffold,1805,1,1,313,127.7,1,1,0,0,1,C_CYTO
GCF_004361245.1,Lactobacillus crispatus,RL15,Scaffold,2317,1,1,313,127.7,1,1,0,0,1,C_CYTO
GCF_030225085.1,Lactobacillus crispatus,UMB0932,Contig,2279,1,1,313,127.7,1,1,0,0,1,C_CYTO
GCF_001541585.1,Lactobacillus crispatus,VMC8,Contig,2235,1,1,313,130.4,1,1,1,0,1,C_CYTO
GCF_055450935.1,Lactobacillus crispatus,C0249C4,Contig,2185,1,1,313,127.7,1,1,0,0,1,C_CYTO
GCF_004361315.1,Lactobacillus crispatus,RL08,Contig,2288,1,1,313,127.7,1,1,0,0,1,C_CYTO
GCF_027153745.1,Lactobacillus crispatus,C0174A3,Contig,2137,1,1,313,127.7,1,1,0,0,1,C_CYTO
GCF_022454835.1,Lactobacillus crispatus,CM_H03_S792-bin_1,Contig,1802,1,1,313,127.7,1,1,0,0,1,C_CYTO
GCF_027156705.1,Lactobacillus crispatus,C0052B1,Contig,2378,1,1,313,127.7,1,1,0,0,1,C_CYTO
GCF_055450955.1,Lactobacillus crispatus,C0249C3,Contig,2185,1,1,313,127.7,1,1,0,0,1,C_CYTO
GCF_022455065.1,Lactobacillus crispatus,CM_F04_S798-bin_1,Scaffold,1684,1,1,313,127.7,1,1,0,0,1,C_CYTO
GCF_022455455.1,Lactobacillus crispatus,CM_C01_S771-bin_1,Scaffold,1725,1,1,313,127.7,1,1,0,0,1,C_CYTO
GCF_027160095.1,Lactobacillus crispatus,C0020A5,Contig,2066,1,1,313,127.7,1,1,0,0,1,C_CYTO
GCF_004361565.1,Lactobacillus crispatus,RL10,Scaffold,2241,1,1,313,127.7,1,1,0,0,1,C_CYTO
GCF_030373605.1,Lactobacillus crispatus,140_Shaedl_plusK,Contig,1872,1,1,313,127.0,1,1,0,0,1,C_CYTO
GCF_027159085.1,Lactobacillus crispatus,C0123B2,Contig,1979,1,1,313,127.7,1,1,0,0,1,C_CYTO
GCF_030869985.1,Lactobacillus crispatus,c4Ub_89_M,Contig,2116,1,1,313,127.7,1,1,0,0,1,C_CYTO
GCF_004361215.1,Lactobacillus crispatus,RL17,Contig,2306,1,1,313,127.7,1,1,0,0,1,C_CYTO
GCF_022455175.1,Lactobacillus crispatus,CM_E04_S797-bin_1,Scaffold,1709,1,1,313,127.7,1,1,0,0,1,C_CYTO
GCF_027152825.1,Lactobacillus crispatus,C0006A2,Contig,2016,1,1,313,127.7,1,1,0,0,1,C_CYTO
GCF_027161105.1,Lactobacillus crispatus,C0112A4,Contig,2111,1,1,313,127.7,1,1,0,0,1,C_CYTO
GCF_022454865.1,Lactobacillus crispatus,CM_H02_S784-bin_1,Scaffold,1749,1,1,313,127.7,1,1,0,0,1,C_CYTO
GCF_022454375.1,Lactobacillus crispatus,DZD_CM_22_S790-bin_1,Scaffold,1776,1,1,313,127.7,1,1,0,0,1,C_CYTO
GCF_022456295.1,Lactobacillus crispatus,CM_C04_S795-bin_1,Scaffold,1790,1,1,313,127.7,1,1,0,0,1,C_CYTO
GCF_022455315.1,Lactobacillus crispatus,CM_D07_S820-bin_2,Scaffold,1817,1,1,313,127.7,1,1,0,0,1,C_CYTO
GCF_022455555.1,Lactobacillus crispatus,CM_B07_S818-bin_1,Scaffold,1780,1,1,313,127.7,1,1,0,0,1,C_CYTO
GCF_022455515.1,Lactobacillus crispatus,CM_B09_S834-bin_1,Scaffold,1765,1,1,313,127.7,1,1,0,0,1,C_CYTO
GCF_022454495.1,Lactobacillus crispatus,DZD_CM_19_S787-bin_1,Scaffold,1694,1,1,313,127.7,1,1,0,0,1,C_CYTO
GCF_022454515.1,Lactobacillus crispatus,DZD_CM_17_S785-bin_1,Contig,1701,1,1,313,127.7,1,1,0,0,1,C_CYTO
GCF_022454765.1,Lactobacillus crispatus,CM_H09_S840-bin_1,Scaffold,1767,1,1,313,127.7,1,1,0,0,1,C_CYTO
GCF_027156725.1,Lactobacillus crispatus,C0052B2,Contig,2380,1,1,313,127.7,1,1,0,0,1,C_CYTO
GCF_030218935.1,Lactobacillus crispatus,UMB0013,Contig,2025,1,0,,,0,0,0,0,1,D_dltE_absent
GCF_016162065.1,Lactobacillus crispatus,LB63,Contig,2031,1,1,313,127.7,1,1,0,0,1,C_CYTO
GCF_022455735.1,Lactobacillus crispatus,CM_A04_S793-bin_1,Scaffold,1826,1,1,313,127.7,1,1,0,0,1,C_CYTO
GCF_022454475.1,Lactobacillus crispatus,DZD_CM_16_S784-bin_1,Contig,1779,1,1,313,127.7,1,1,0,0,1,C_CYTO
GCF_022456935.1,Lactobacillus crispatus,CM2261_MRS3_S774-bin_1,Scaffold,1747,1,1,313,127.7,1,1,0,0,0,C_CYTO
GCF_027154125.1,Lactobacillus crispatus,C0171A1,Contig,2367,1,1,313,127.7,1,1,0,0,1,C_CYTO
GCF_022454535.1,Lactobacillus crispatus,DZD_CM_15_S783-bin_1,Scaffold,1852,1,1,313,127.7,1,1,0,0,1,C_CYTO
GCF_027153255.1,Lactobacillus crispatus,C0049A1,Contig,2134,1,1,313,127.7,1,1,0,0,1,C_CYTO
GCF_004361095.1,Lactobacillus crispatus,RL31,Contig,2416,1,1,313,127.7,1,1,0,0,1,C_CYTO
GCF_022454755.1,Lactobacillus crispatus,DZD_CM_01_S769-bin_1,Scaffold,1835,1,1,313,127.7,1,1,0,0,1,C_CYTO
GCF_055450975.1,Lactobacillus crispatus,C0249C2,Contig,2181,1,1,313,127.7,1,1,0,0,1,C_CYTO
GCF_022454615.1,Lactobacillus crispatus,DZD_CM_04_S772-bin_1,Scaffold,1694,1,1,313,127.7,1,1,0,0,1,C_CYTO
GCF_040267755.1,Lactobacillus gasseri,TCI943,Complete Genome,1914,1,1,308,128.8,1,1,0,0,1,C_CYTO
GCF_022455475.1,Lactobacillus crispatus,CM_C05_S803-bin_1,Scaffold,1813,1,1,313,127.7,1,1,0,0,1,C_CYTO
GCF_027160555.1,Lactobacillus crispatus,C0115A4,Contig,2112,1,1,313,127.7,1,1,0,0,1,C_CYTO
GCF_004361075.1,Lactobacillus crispatus,RL32,Contig,2349,1,1,313,127.7,1,1,0,0,1,C_CYTO
GCF_040050875.1,Lactobacillus gasseri,JCM 1131,Complete Genome,1656,1,0,,,0,0,0,0,0,D_dltE_absent
GCF_017840575.1,Lactobacillus gasseri,HL70,Complete Genome,2024,1,1,308,130.5,1,1,1,0,1,C_CYTO
GCF_022454565.1,Lactobacillus crispatus,DZD_CM_13_S781-bin_1,Scaffold,1780,1,1,313,127.7,1,1,0,0,1,C_CYTO
GCF_053471245.1,Lactobacillus gasseri ATCC 33323 = JCM 1131,DSM 20243,Contig,1687,1,1,308,130.7,1,1,1,0,1,C_CYTO
GCF_020991185.1,Lactobacillus gasseri,Lg1266,Complete Genome,1637,1,1,308,130.7,1,1,1,0,1,C_CYTO
GCF_038001565.1,Lactobacillus crispatus,LB129,Contig,2086,1,1,313,127.7,1,1,0,0,1,C_CYTO
GCF_030216545.1,Lactobacillus crispatus,UMB6887,Contig,2301,1,1,313,127.7,1,1,0,0,1,C_CYTO
GCF_022454015.1,Lactobacillus crispatus,Mitchell_12_29_17_F06_S622-bin_1,Scaffold,1737,1,1,313,127.7,1,1,0,0,1,C_CYTO
GCF_028864305.1,Lactobacillus gasseri,A15-1-18,Scaffold,1748,1,1,308,130.7,1,1,1,0,1,C_CYTO
GCF_037100225.1,Lactobacillus gasseri,DS2831,Complete Genome,1935,1,1,308,130.5,1,1,1,0,1,C_CYTO
GCF_046837765.1,Lactobacillus gasseri,LG-145,Complete Genome,1876,1,1,308,130.5,1,1,1,0,1,C_CYTO
GCF_022456705.1,Lactobacillus crispatus,0422_293_1_1_MRS10_S408-bin_1,Scaffold,1829,1,1,313,127.7,1,1,0,0,1,C_CYTO
GCF_050706785.1,Lactobacillus gasseri,VHProbi E09,Complete Genome,1684,1,1,308,130.7,1,1,1,0,1,C_CYTO
GCF_964656015.1,Lactobacillus gasseri,-,Contig,1687,1,1,308,131.9,1,1,1,0,1,C_CYTO
GCF_027153385.1,Lactobacillus crispatus,C0028A1,Contig,2221,1,1,313,127.7,1,1,0,0,1,C_CYTO
GCF_978044255.1,Lactobacillus gasseri,-,Contig,1658,1,1,308,130.7,1,1,1,0,1,C_CYTO
GCF_040883535.1,Lactobacillus gasseri,AM-LG-29,Contig,1709,1,1,308,130.7,1,1,1,0,1,C_CYTO
GCF_978041915.1,Lactobacillus gasseri,-,Contig,1697,1,1,308,127.4,1,1,0,0,1,C_CYTO
GCF_022454695.1,Lactobacillus crispatus,DZD_CM_03_S771-bin_1,Scaffold,1737,1,1,313,127.7,1,1,0,0,1,C_CYTO
GCF_037996545.1,Lactobacillus gasseri,ATA-LTC-Lg030199,Scaffold,1681,1,1,308,130.7,1,1,1,0,1,C_CYTO
GCF_017599225.1,Lactobacillus crispatus,Lc-G22,Contig,2202,1,1,313,127.7,1,1,0,0,1,C_CYTO
GCF_022455575.1,Lactobacillus crispatus,CM_B04_S794-bin_1,Scaffold,1887,1,1,313,127.7,1,1,0,0,1,C_CYTO
GCF_000439915.2,Lactobacillus gasseri 2016,2016,Complete Genome,1717,1,1,308,130.7,1,1,1,0,1,C_CYTO
GCF_054484075.1,Lactobacillus gasseri,UMB7580,Scaffold,1684,1,1,308,130.7,1,1,1,0,1,C_CYTO
GCF_002158885.1,Lactobacillus gasseri,4M13,Complete Genome,1938,1,1,308,130.5,1,1,1,0,1,C_CYTO
GCF_028872155.1,Lactobacillus gasseri,LM1065,Contig,2087,1,1,308,130.5,1,1,1,0,1,C_CYTO
GCF_052221245.1,Lactobacillus crispatus,T1_770/4,Contig,2210,1,1,313,127.7,1,1,0,0,1,C_CYTO
GCF_040700245.1,Lactobacillus gasseri,41_07,Scaffold,1687,1,1,308,130.7,1,1,1,0,1,C_CYTO
GCF_057524205.1,Lactobacillus gasseri,LG5,Contig,1702,1,1,308,129.3,1,1,0,0,1,C_CYTO
GCF_008868535.1,Lactobacillus gasseri,BIO6369,Contig,1754,1,1,308,130.7,1,1,1,0,1,C_CYTO
GCF_000014425.1,Lactobacillus gasseri ATCC 33323 = JCM 1131,ATCC 33323,Complete Genome,1678,1,1,308,130.7,1,1,1,0,1,C_CYTO
GCF_029010235.1,Lactobacillus gasseri,VSI47,Complete Genome,1870,1,1,308,130.7,1,1,1,0,1,C_CYTO
GCF_030217485.1,Lactobacillus gasseri,UMB1303,Contig,1743,1,1,308,130.7,1,1,1,0,1,C_CYTO
GCF_037414355.1,Lactobacillus gasseri,CUDS2831,Complete Genome,1889,1,1,308,130.5,1,1,1,0,1,C_CYTO
GCF_040819595.1,Lactobacillus gasseri,MG4644,Complete Genome,1841,1,1,308,131.8,1,1,1,0,1,C_CYTO
GCF_027681485.1,Lactobacillus gasseri,AF59-17pH5T,Scaffold,1715,1,1,308,130.7,1,1,1,0,1,C_CYTO
GCF_022642475.1,Lactobacillus gasseri,L5,Chromosome,1623,1,1,308,130.7,1,1,1,0,1,C_CYTO
GCF_059769305.1,Lactobacillus gasseri,Lg1194,Complete Genome,1883,1,1,308,131.9,1,1,1,0,1,C_CYTO
GCF_038149705.1,Lactobacillus gasseri,1673,Contig,1641,1,1,308,130.7,1,1,1,0,1,C_CYTO
GCF_049205295.1,Lactobacillus gasseri,IATA081,Contig,1787,1,1,308,130.7,1,1,1,0,1,C_CYTO
GCF_053471265.1,Lactobacillus gasseri,Lg2,Contig,1731,1,1,308,129.3,1,1,0,0,1,C_CYTO
GCF_017638885.1,Lactobacillus gasseri,HL20,Complete Genome,1807,1,1,308,130.7,1,1,1,0,1,C_CYTO
GCF_054484035.1,Lactobacillus gasseri,UMB8101,Scaffold,1641,1,1,308,130.7,1,1,1,0,1,C_CYTO
GCF_040925175.1,Lactobacillus gasseri,1001285st1_G5_RTP21277_210401,Scaffold,1764,1,0,,,0,0,0,0,1,D_dltE_absent
GCF_040428245.1,Lactobacillus gasseri,194_F1_d,Contig,1857,1,1,308,131.9,1,1,1,0,1,C_CYTO
GCF_049060445.1,Lactobacillus gasseri,Q9001,Contig,1726,1,1,308,130.7,1,1,1,0,1,C_CYTO
GCF_005844525.1,Lactobacillus gasseri,1001175st1_D8,Scaffold,1722,1,1,308,130.7,1,1,1,0,1,C_CYTO
GCF_030218505.1,Lactobacillus gasseri,UMB0613,Contig,1656,1,1,308,130.7,1,1,1,0,1,C_CYTO
GCF_029011785.1,Lactobacillus gasseri,VSI07,Complete Genome,1627,1,1,308,130.7,1,1,1,0,1,C_CYTO
GCF_047975875.1,Lactobacillus gasseri,P0528,Contig,1767,1,1,308,130.7,1,1,1,0,1,C_CYTO
GCF_003307315.1,Lactobacillus gasseri,JCM 1025,Contig,1717,1,1,308,129.3,1,1,0,0,1,C_CYTO
GCF_048452505.1,Lactobacillus gasseri,BH7-4g,Contig,1716,1,1,308,129.3,1,1,0,0,1,C_CYTO
GCF_052221265.1,Lactobacillus gasseri,A1_770/7,Contig,1655,1,1,308,130.7,1,1,1,0,1,C_CYTO
GCF_030215285.1,Lactobacillus gasseri,UMB7762,Scaffold,1641,1,1,308,130.7,1,1,1,0,1,C_CYTO
GCF_039757915.1,Lactobacillus gasseri,1001285st1_A2_1001285H_161024,Scaffold,1844,1,1,308,131.8,1,1,1,0,1,C_CYTO
GCF_003315575.1,Lactobacillus gasseri,JG141,Contig,1955,1,1,308,130.5,1,1,1,0,1,C_CYTO
GCF_007786195.1,Lactobacillus gasseri,UMB3077,Scaffold,1733,1,1,308,130.7,1,1,1,0,1,C_CYTO
GCF_033804425.1,Lactobacillus gasseri,UMB3277,Contig,1638,1,1,308,130.7,1,1,1,0,1,C_CYTO
GCF_978042235.1,Lactobacillus gasseri,-,Contig,1669,1,1,308,129.3,1,1,0,0,1,C_CYTO
GCF_007785965.2,Lactobacillus gasseri,UMB1196,Scaffold,1753,1,1,308,130.7,1,1,1,0,1,C_CYTO
GCF_053471225.1,Lactobacillus gasseri,Lg3,Contig,1621,1,1,308,130.7,1,1,1,0,1,C_CYTO
GCF_015550315.1,Lactobacillus gasseri,1001175B_160314_D8,Scaffold,1724,1,1,308,130.7,1,1,1,0,1,C_CYTO
GCF_044007195.1,Lactobacillus gasseri,UMB9087,Scaffold,1633,1,1,308,130.7,1,1,1,0,1,C_CYTO
GCF_057524265.1,Lactobacillus gasseri,LG11,Contig,1752,1,1,308,131.9,1,1,1,0,1,C_CYTO
GCF_030876865.1,Lactobacillus gasseri,L7,Scaffold,1695,1,1,308,130.7,1,1,1,0,1,C_CYTO
GCF_054516195.1,Lactobacillus gasseri,UMB7582,Scaffold,1848,1,1,308,130.7,1,1,1,0,1,C_CYTO
GCF_925297925.1,Lactobacillus gasseri,-,Contig,1696,1,1,308,131.7,1,1,1,0,1,C_CYTO
GCF_040925225.1,Lactobacillus gasseri,1001285st1_E1_RTP21277_210401,Scaffold,1727,1,0,,,0,0,0,0,1,D_dltE_absent
GCF_001066235.1,Lactobacillus gasseri,770_LJOH,Scaffold,1656,1,1,308,130.7,1,1,1,0,1,C_CYTO
GCF_055451575.1,Lactobacillus gasseri,C0210A2,Contig,1743,1,1,308,131.9,1,1,1,0,1,C_CYTO
GCF_978042075.1,Lactobacillus gasseri,-,Contig,1815,1,1,308,129.3,1,1,0,0,1,C_CYTO
GCF_055451135.1,Lactobacillus gasseri,C0248F2,Contig,1769,1,1,308,131.9,1,1,1,0,1,C_CYTO
GCF_040925245.1,Lactobacillus gasseri,1001285st1_A1_RTP21277_210401,Scaffold,1869,1,0,,,0,0,0,0,1,D_dltE_absent
GCF_002863445.1,Lactobacillus gasseri,UMB0670,Scaffold,1799,1,1,308,131.9,1,1,1,0,1,C_CYTO
GCF_053668975.1,Lactobacillus gasseri,UMB8696,Scaffold,1761,1,1,308,130.7,1,1,1,0,1,C_CYTO
GCF_048889985.1,Lactobacillus gasseri,K9,Contig,1712,1,1,308,130.7,1,1,1,0,1,C_CYTO
GCF_014654855.1,Lactobacillus gasseri,BC12,Contig,1851,1,1,308,131.8,1,1,1,0,1,C_CYTO
GCF_055451555.1,Lactobacillus gasseri,C0210A1,Contig,1744,1,1,308,131.9,1,1,1,0,1,C_CYTO
GCF_055450255.1,Lactobacillus gasseri,C0254E3,Contig,1823,1,1,308,131.9,1,1,1,0,1,C_CYTO
GCF_054484455.1,Lactobacillus gasseri,UMB7583,Scaffold,1721,1,1,308,130.7,1,1,1,0,0,C_CYTO
GCF_978043165.1,Lactobacillus gasseri,-,Contig,1874,1,1,308,131.9,1,1,1,0,1,C_CYTO
GCF_040925165.1,Lactobacillus gasseri,1001217st1_D2_RTP21277_210401,Scaffold,1767,1,0,,,0,0,0,0,1,D_dltE_absent
GCF_052221305.1,Lactobacillus gasseri,B1_772/3,Contig,1728,1,1,308,130.7,1,1,1,0,1,C_CYTO
GCF_019192945.1,Lactobacillus gasseri CECT 5714,CECT 5714,Contig,1815,1,1,308,130.7,1,1,1,0,1,C_CYTO
GCF_027681405.1,Lactobacillus gasseri,AF60-5pH5,Scaffold,1770,1,1,308,127.8,1,1,0,0,1,C_CYTO
GCF_978042265.1,Lactobacillus gasseri,-,Contig,1665,1,1,308,130.7,1,1,1,0,1,C_CYTO
GCF_055451115.1,Lactobacillus gasseri,C0248F5,Contig,1770,1,1,308,131.9,1,1,1,0,1,C_CYTO
GCF_055450235.1,Lactobacillus gasseri,C0254E4,Contig,1825,1,1,308,131.9,1,1,1,0,1,C_CYTO
GCF_004114755.1,Lactobacillus helveticus,IDCC3801,Complete Genome,1906,1,1,314,125.6,1,1,0,0,1,C_CYTO
GCF_054484195.1,Lactobacillus gasseri,UMB8027,Scaffold,1862,1,1,308,130.7,1,1,1,0,1,C_CYTO
GCF_978042325.1,Lactobacillus gasseri,-,Contig,1845,1,1,308,131.8,1,1,1,0,1,C_CYTO
GCF_053668945.1,Lactobacillus gasseri,UMB8699,Scaffold,1781,1,1,308,130.7,1,1,1,0,1,C_CYTO
GCF_051107075.1,Lactobacillus gasseri,MCC 0232,Contig,1667,1,1,308,130.7,1,1,1,0,1,C_CYTO
GCF_018408455.1,Lactobacillus helveticus,JCM1004,Complete Genome,1927,1,1,314,127.0,1,1,0,0,1,C_CYTO
GCF_978044295.1,Lactobacillus gasseri,-,Contig,1653,1,1,308,130.7,1,1,1,0,1,C_CYTO
GCF_055451195.1,Lactobacillus gasseri,C0248E4,Contig,1770,1,1,308,131.9,1,1,1,0,1,C_CYTO
GCF_051995165.1,Lactobacillus helveticus,AD031,Complete Genome,1897,1,1,314,125.6,1,1,0,0,1,C_CYTO
GCF_978042755.1,Lactobacillus gasseri,-,Contig,1751,1,1,308,131.9,1,1,1,0,1,C_CYTO
GCF_000525715.1,Lactobacillus helveticus H9,H9,Complete Genome,1603,1,1,314,127.0,1,1,0,0,1,C_CYTO
GCF_040925185.1,Lactobacillus gasseri,1001285st1_G3_RTP21277_210401,Scaffold,1771,1,0,,,0,0,0,0,1,D_dltE_absent
GCF_032432735.1,Lactobacillus gasseri,UMB1644,Contig,1729,1,1,308,131.9,1,1,1,0,1,C_CYTO
GCF_001006025.1,Lactobacillus helveticus,MB2-1,Complete Genome,1851,1,1,314,127.0,1,1,0,0,1,C_CYTO
GCF_984568965.1,Lactobacillus gasseri,-,Contig,1896,1,1,308,131.9,1,1,1,0,1,C_CYTO
GCF_030224655.1,Lactobacillus gasseri,UMB2499,Contig,1881,1,1,308,131.9,1,1,1,0,1,C_CYTO
GCF_009901645.1,Lactobacillus helveticus,DLBSA201,Scaffold,1907,1,1,314,125.6,1,1,0,0,1,C_CYTO
GCF_032377135.1,Lactobacillus gasseri,UMB1549,Contig,1884,1,1,308,131.9,1,1,1,0,1,C_CYTO
GCF_019456025.1,Lactobacillus helveticus,TMW 12281,Contig,1675,1,1,314,124.9,1,1,0,0,1,C_CYTO
GCF_978043635.1,Lactobacillus gasseri,-,Contig,1845,1,1,308,130.7,1,1,1,0,1,C_CYTO
GCF_978043145.1,Lactobacillus gasseri,-,Contig,1855,1,1,308,130.7,1,1,1,0,1,C_CYTO
GCF_019443925.1,Lactobacillus helveticus,LH2020,Complete Genome,1695,1,1,314,127.0,1,1,0,0,1,C_CYTO
GCF_006981945.1,Lactobacillus gasseri,7171,Contig,1869,1,1,308,131.9,1,1,1,0,1,C_CYTO
GCF_000961015.1,Lactobacillus helveticus,KLDS1.8701,Complete Genome,1768,1,1,314,127.0,1,1,0,0,1,C_CYTO
GCF_003955865.1,Lactobacillus helveticus,LH5,Complete Genome,1923,1,1,314,125.6,1,1,0,0,1,C_CYTO
GCF_046109915.1,Lactobacillus helveticus,TCI357,Complete Genome,1867,1,1,314,125.6,1,1,0,0,1,C_CYTO
GCF_013280975.1,Lactobacillus helveticus,IMAU50064,Scaffold,1870,1,1,314,126.7,1,1,0,0,1,C_CYTO
GCF_001895375.1,Lactobacillus helveticus,AJT,Contig,1751,1,1,314,127.0,1,1,0,0,1,C_CYTO
GCF_001546525.1,Lactobacillus gasseri,PSS7772D,Scaffold,1806,1,1,308,131.9,1,1,1,0,1,C_CYTO
GCF_003061845.1,Lactobacillus helveticus,DS12_8,Contig,1955,1,1,314,125.6,1,1,0,0,1,C_CYTO
GCF_001063065.1,Lactobacillus gasseri,249_LKEF,Contig,1652,1,1,308,130.7,1,1,1,0,1,C_CYTO
GCF_013280925.1,Lactobacillus helveticus,IMAU50091,Scaffold,1898,1,1,314,126.7,1,1,0,0,1,C_CYTO
GCF_013281075.1,Lactobacillus helveticus,IMAU50011,Scaffold,1909,1,1,314,126.7,1,1,0,0,1,C_CYTO
GCF_001308285.1,Lactobacillus helveticus,CAUH18,Complete Genome,1899,1,1,314,126.8,1,1,0,0,1,C_CYTO
GCF_039566265.1,Lactobacillus helveticus,U04,Contig,1849,1,1,314,126.8,1,1,0,0,1,C_CYTO
GCF_978043335.1,Lactobacillus gasseri,-,Contig,1806,1,1,308,130.7,1,1,1,0,1,C_CYTO
GCF_039757855.1,Lactobacillus gasseri,1001285st1_G2_1001285I_161205,Scaffold,1848,1,1,308,131.8,1,1,1,0,1,C_CYTO
GCF_001746265.1,Lactobacillus helveticus,D75,Complete Genome,1727,1,1,314,127.0,1,1,0,0,1,C_CYTO
GCF_000015385.1,Lactobacillus helveticus DPC 4571,DPC 4571,Complete Genome,1753,1,1,314,127.0,1,1,0,0,1,C_CYTO
GCF_054658515.1,Lactobacillus gasseri,VLG3,Scaffold,1841,1,1,308,131.9,1,1,1,0,1,C_CYTO
GCF_013281575.1,Lactobacillus helveticus,IMAU30005,Scaffold,1894,1,1,314,126.6,1,1,0,0,1,C_CYTO
GCF_013281695.1,Lactobacillus helveticus,IMAU20035,Scaffold,2007,1,1,314,126.8,1,1,0,0,1,C_CYTO
GCF_029823695.1,Lactobacillus helveticus DSM 20075 = CGMCC 1.1877,DSM 20075,Scaffold,1730,1,1,314,127.0,1,1,0,0,1,C_CYTO
GCF_013280715.1,Lactobacillus helveticus,IMAU60227,Scaffold,1897,1,1,314,126.7,1,1,0,0,1,C_CYTO
GCF_025129275.1,Lactobacillus helveticus,1073,Contig,1911,1,1,314,127.1,1,1,0,0,1,C_CYTO
GCF_900248185.1,Lactobacillus helveticus,-,Contig,1897,1,1,314,127.0,1,1,0,0,1,C_CYTO
GCF_000177035.2,Lactobacillus gasseri SV-16A-US,SV-16A-US,Scaffold,1880,1,1,308,130.7,1,1,1,0,1,C_CYTO
GCF_002849955.1,Lactobacillus helveticus,FAM22155,Complete Genome,1830,1,1,314,127.0,1,1,0,0,1,C_CYTO
GCF_055451095.1,Lactobacillus gasseri,C0248G1,Contig,1773,1,1,308,131.9,1,1,1,0,1,C_CYTO
GCF_040822695.1,Lactobacillus helveticus,ATA-LTC-Lh 10.05.2010,Scaffold,1887,1,1,314,125.6,1,1,0,0,1,C_CYTO
GCF_013281265.1,Lactobacillus helveticus,IMAU30078,Scaffold,1814,1,1,314,127.2,1,1,0,0,1,C_CYTO
GCF_978043135.1,Lactobacillus gasseri,-,Contig,1888,1,1,308,130.7,1,1,1,0,1,C_CYTO
GCF_032432775.1,Lactobacillus gasseri,UMB1579,Contig,1880,1,1,308,131.9,1,1,1,0,1,C_CYTO
GCF_022811585.1,Lactobacillus helveticus,SCB0641,Complete Genome,1901,1,1,314,125.6,1,1,0,0,1,C_CYTO
GCF_001572815.1,Lactobacillus helveticus,Lh 23,Contig,1954,1,1,314,127.0,1,1,0,0,1,C_CYTO
GCF_019455825.1,Lactobacillus helveticus,LBGT 162,Contig,1689,1,1,314,128.0,1,1,0,0,1,C_CYTO
GCF_003203955.1,Lactobacillus helveticus,FAM19188,Scaffold,1909,1,1,314,127.0,1,1,0,0,1,C_CYTO
GCF_013281055.1,Lactobacillus helveticus,IMAU40093,Scaffold,1690,1,1,314,127.0,1,1,0,0,1,C_CYTO
GCF_007826985.1,Lactobacillus gasseri,UMB1399,Scaffold,1791,1,1,308,131.9,1,1,1,0,1,C_CYTO
GCF_034045235.1,Lactobacillus helveticus,KF4,Scaffold,1879,1,1,314,124.9,1,1,0,0,1,C_CYTO
GCF_059692395.1,Lactobacillus helveticus,HP-B1137,Complete Genome,1863,1,1,314,125.6,1,1,0,0,1,C_CYTO
GCF_978044305.1,Lactobacillus gasseri,-,Contig,1944,1,1,308,131.9,1,1,1,0,1,C_CYTO
GCF_013281355.1,Lactobacillus helveticus,IMAU30046,Scaffold,1928,1,1,314,126.7,1,1,0,0,1,C_CYTO
GCF_013281555.1,Lactobacillus helveticus,IMAU30003,Scaffold,1760,1,1,314,127.1,1,1,0,0,1,C_CYTO
GCF_025191245.1,Lactobacillus helveticus,CIRM-BIA 106,Contig,1834,1,1,314,127.0,1,1,0,0,1,C_CYTO
GCF_033803965.1,Lactobacillus gasseri,UMB6820,Contig,1815,1,1,308,131.9,1,1,1,0,1,C_CYTO
GCF_013281715.1,Lactobacillus helveticus,IMAU10049,Scaffold,1987,1,1,314,126.8,1,1,0,0,1,C_CYTO
GCF_003203975.1,Lactobacillus helveticus,FAM8102,Contig,1977,1,1,314,127.0,1,1,0,0,1,C_CYTO
GCF_000176995.2,Lactobacillus gasseri SJ-9E-US,SJ-9E-US,Scaffold,1636,1,1,308,130.7,1,1,1,0,1,C_CYTO
GCF_013281795.1,Lactobacillus helveticus,IMAU10029,Scaffold,1953,1,1,314,126.8,1,1,0,0,1,C_CYTO
GCF_013280825.1,Lactobacillus helveticus,IMAU60204,Scaffold,1676,1,1,314,128.3,1,1,0,0,1,C_CYTO
GCF_013280915.1,Lactobacillus helveticus,IMAU50151,Scaffold,1973,1,1,314,126.9,1,1,0,0,1,C_CYTO
GCF_013280675.1,Lactobacillus helveticus,IMAU80622,Scaffold,1947,1,1,314,126.7,1,1,0,0,1,C_CYTO
GCF_013281605.1,Lactobacillus helveticus,IMAU20067,Scaffold,1784,1,1,314,127.0,1,1,0,0,1,C_CYTO
GCF_013281165.1,Lactobacillus helveticus,IMAU30143,Scaffold,1829,1,1,314,127.6,1,1,0,0,1,C_CYTO
GCF_007785975.1,Lactobacillus gasseri,UMB2965,Contig,1670,1,1,308,130.7,1,1,1,0,1,C_CYTO
GCF_043842715.1,Lactobacillus helveticus,Lh11961,Scaffold,1964,1,1,314,127.0,1,1,0,0,1,C_CYTO
GCF_056711445.1,Lactobacillus helveticus,611,Contig,1759,1,0,,,1,0,0,0,1,D_dltE_absent
GCF_000422165.1,Lactobacillus helveticus CNRZ32,CNRZ32,Complete Genome,1883,1,1,314,127.0,1,1,0,0,1,C_CYTO
GCF_001702095.1,Lactobacillus helveticus,D76,Complete Genome,1732,1,1,314,127.0,1,1,0,0,1,C_CYTO
GCF_003204025.1,Lactobacillus helveticus,FAM14275,Contig,1976,1,1,314,127.0,1,1,0,0,1,C_CYTO
GCF_003203795.1,Lactobacillus helveticus,FAM22076,Scaffold,1751,1,1,314,127.0,1,1,0,0,1,C_CYTO
GCF_013280775.1,Lactobacillus helveticus,IMAU60211,Scaffold,1640,1,1,314,128.3,1,1,0,0,1,C_CYTO
GCF_040239445.1,Lactobacillus helveticus,LTC 226,Scaffold,1903,1,1,314,125.6,1,1,0,0,1,C_CYTO
GCF_015709185.1,Lactobacillus helveticus,TK-J7A,Complete Genome,1900,1,1,314,125.6,1,1,0,0,1,C_CYTO
GCF_021229065.1,Lactobacillus helveticus,NBIMCC 8269 (179),Scaffold,1643,1,0,,,1,0,0,0,1,D_dltE_absent
GCF_000160855.1,Lactobacillus helveticus DSM 20075 = CGMCC 1.1877,DSM 20075,Scaffold,1683,1,1,314,127.0,1,1,0,0,1,C_CYTO
GCF_011392295.1,Lactobacillus helveticus,UC3147,Contig,1745,1,1,314,127.0,1,1,0,0,1,C_CYTO
GCF_043842695.1,Lactobacillus helveticus,Lh21463,Contig,1733,0,1,314,127.0,1,1,0,0,1,E_no_dlt
GCF_015698085.1,Lactobacillus helveticus,W-6,Contig,1853,1,1,314,126.1,1,1,0,0,1,C_CYTO
GCF_025191405.1,Lactobacillus helveticus,CIRM-BIA 2187,Contig,1832,1,1,314,127.0,1,1,0,0,1,C_CYTO
GCF_045159805.1,Lactobacillus helveticus,WHH2580,Complete Genome,1896,1,1,314,127.5,1,1,0,0,1,C_CYTO
GCF_003203805.1,Lactobacillus helveticus,FAM13019,Scaffold,1830,1,1,314,127.0,1,1,0,0,1,C_CYTO
GCF_013281585.1,Lactobacillus helveticus,IMAU30002,Scaffold,1866,1,1,314,123.6,1,1,0,0,1,C_CYTO
GCF_011392325.1,Lactobacillus helveticus,UC1285,Scaffold,1705,1,1,314,127.0,1,1,0,0,1,C_CYTO
GCF_019456005.1,Lactobacillus helveticus,TMW 12285,Contig,1686,1,1,314,124.9,1,1,0,0,1,C_CYTO
GCF_025191155.1,Lactobacillus helveticus,CIRM-BIA 2188,Contig,1666,1,1,314,124.4,1,1,0,0,1,C_CYTO
GCF_025191485.1,Lactobacillus helveticus,CIRM-BIA 2150,Contig,1810,1,1,314,127.0,1,1,0,0,1,C_CYTO
GCF_025191205.1,Lactobacillus helveticus,CIRM-BIA 112,Contig,1901,1,1,314,127.0,1,1,0,0,1,C_CYTO
GCF_000493555.1,Lactobacillus helveticus CIRM-BIA 104,CIRM-BIA 104,Scaffold,1924,1,1,314,127.0,1,1,0,0,1,C_CYTO
GCF_003610975.1,Lactobacillus helveticus,LH99,Complete Genome,1761,1,0,,,1,0,0,0,1,D_dltE_absent
GCF_003203815.1,Lactobacillus helveticus,FAM22157,Contig,1688,1,1,314,127.0,1,1,0,0,1,C_CYTO
GCF_013281495.1,Lactobacillus helveticus,IMAU30025,Scaffold,1801,1,1,314,127.5,1,1,0,0,1,C_CYTO
GCF_037888945.1,Lactobacillus helveticus,LH10,Complete Genome,1673,1,1,314,127.0,1,1,0,0,1,C_CYTO
GCF_053471185.1,Lactobacillus jensenii,LMG6414,Contig,1447,1,1,311,110.0,1,1,0,0,1,C_CYTO
GCF_978043665.1,Lactobacillus jensenii,-,Contig,1511,1,1,311,110.0,1,1,0,0,1,C_CYTO
GCF_051059265.1,Lactobacillus helveticus,KM7,Complete Genome,1897,1,1,314,125.6,1,1,0,0,1,C_CYTO
GCF_013281285.1,Lactobacillus helveticus,IMAU30077,Scaffold,1892,1,1,314,126.7,1,1,0,0,1,C_CYTO
GCF_027160745.1,Lactobacillus jensenii,C0114B3,Contig,1466,1,1,311,110.0,1,1,0,0,1,C_CYTO
GCF_025122455.1,Lactobacillus helveticus,CIRM-BIA 2223,Contig,1776,1,1,314,127.0,1,1,0,0,1,C_CYTO
GCF_013280615.1,Lactobacillus helveticus,IMAU70168,Scaffold,1738,1,1,314,125.6,1,1,0,0,1,C_CYTO
GCF_978044015.1,Lactobacillus jensenii,-,Contig,1484,1,1,311,110.0,1,1,0,0,1,C_CYTO
GCF_951863445.1,Lactobacillus jensenii,-,Scaffold,1816,1,1,311,110.0,1,1,0,0,1,C_CYTO
GCF_015698125.1,Lactobacillus helveticus,LMG 22465,Contig,1929,1,1,314,126.1,1,1,0,0,1,C_CYTO
GCF_040428125.1,Lactobacillus jensenii,188_Q3c,Contig,1589,1,1,311,110.0,1,1,0,0,1,C_CYTO
GCF_059769245.1,Lactobacillus jensenii,Lje194,Complete Genome,1564,1,1,311,110.0,1,1,0,0,1,C_CYTO
GCF_017154195.1,Lactobacillus helveticus,314,Contig,2024,1,1,314,127.1,1,1,0,0,1,C_CYTO
GCF_978042105.1,Lactobacillus jensenii,-,Contig,1628,1,1,311,110.0,1,1,0,0,1,C_CYTO
GCF_003053085.1,Lactobacillus helveticus,DS3_8,Contig,1934,1,1,314,125.6,1,1,0,0,1,C_CYTO
GCF_951856945.1,Lactobacillus jensenii,-,Contig,1706,1,1,311,110.0,1,1,0,0,1,C_CYTO
GCF_018094625.1,Lactobacillus jensenii,ATCC 25258,Contig,1448,1,1,311,110.0,1,1,0,0,1,C_CYTO
GCF_045270815.1,Lactobacillus helveticus,MRD070,Chromosome,1896,1,1,314,126.7,1,1,0,0,1,C_CYTO
GCF_019456065.1,Lactobacillus helveticus,TMW 12282,Contig,1682,1,1,314,124.9,1,1,0,0,1,C_CYTO
GCF_005864165.1,Lactobacillus helveticus,FAM 22472,Contig,1878,1,1,314,127.5,1,1,0,0,1,C_CYTO
GCF_978044345.1,Lactobacillus jensenii,-,Contig,1478,1,1,311,110.0,1,1,0,0,1,C_CYTO
GCF_022454195.1,Lactobacillus jensenii,DZD_CM_38_S806-bin_1,Scaffold,1486,1,1,311,110.0,1,1,0,0,1,C_CYTO
GCF_978042165.1,Lactobacillus jensenii,-,Contig,1519,1,1,311,110.0,1,1,0,0,1,C_CYTO
GCF_009881115.1,Lactobacillus helveticus,DLBSA202,Scaffold,1909,1,1,314,125.6,1,1,0,0,1,C_CYTO
GCF_039566805.1,Lactobacillus helveticus,U18,Contig,1884,1,1,314,126.8,1,1,0,0,1,C_CYTO
GCF_013281295.1,Lactobacillus helveticus,IMAU30094,Scaffold,1933,1,1,314,126.8,1,1,0,0,1,C_CYTO
GCF_055449875.1,Lactobacillus jensenii,C0259A4,Contig,1622,1,1,311,110.0,1,1,0,0,1,C_CYTO
GCF_013281755.1,Lactobacillus helveticus,IMAU10033,Scaffold,2053,1,1,314,126.8,1,1,0,0,1,C_CYTO
GCF_978044025.1,Lactobacillus jensenii,-,Contig,1474,1,1,311,110.0,1,1,0,0,1,C_CYTO
GCF_978043305.1,Lactobacillus jensenii,-,Contig,1567,1,1,311,110.0,1,1,0,0,1,C_CYTO
GCF_033804105.1,Lactobacillus jensenii,UMB6491,Contig,1456,1,1,311,110.0,1,1,0,0,1,C_CYTO
GCF_013281095.1,Lactobacillus helveticus,IMAU50013,Scaffold,1942,1,1,314,126.7,1,1,0,0,1,C_CYTO
GCF_022454235.1,Lactobacillus jensenii,DZD_CM_36_S804-bin_1,Scaffold,1415,1,1,311,110.0,1,1,0,0,1,C_CYTO
GCF_011714625.1,Lactobacillus jensenii,M166,Contig,1569,1,1,311,110.0,1,1,0,0,1,C_CYTO
GCF_033804145.1,Lactobacillus jensenii,UMB3451,Contig,1548,1,1,311,110.0,1,1,0,0,1,C_CYTO
GCF_055451515.1,Lactobacillus jensenii,C0210A5,Contig,1569,1,1,311,110.0,1,1,0,0,1,C_CYTO
GCF_019455925.1,Lactobacillus helveticus,TMW 12309,Contig,1869,1,1,314,127.0,1,1,0,0,1,C_CYTO
GCF_013281085.1,Lactobacillus helveticus,IMAU40088,Scaffold,1769,1,1,314,125.6,1,1,0,0,1,C_CYTO
GCF_029888175.1,Lactobacillus helveticus,OSU-BDGOAK2,Contig,1777,1,1,314,126.6,1,1,0,0,1,C_CYTO
GCF_022456915.1,Lactobacillus jensenii,CM2268_MRS4_S783-bin_1,Scaffold,1472,1,1,311,110.0,1,1,0,0,1,C_CYTO
GCF_038149745.1,Lactobacillus jensenii,5069,Contig,1568,1,1,311,110.0,1,1,0,0,1,C_CYTO
GCF_003203985.1,Lactobacillus helveticus,FAM1450,Scaffold,1906,1,1,314,127.0,1,1,0,0,1,C_CYTO
GCF_013281005.1,Lactobacillus helveticus,IMAU50022,Scaffold,1879,1,1,314,126.8,1,1,0,0,1,C_CYTO
GCF_013280985.1,Lactobacillus helveticus,IMAU50024,Scaffold,1914,1,1,314,126.7,1,1,0,0,1,C_CYTO
GCF_978042175.1,Lactobacillus jensenii,-,Contig,1595,1,1,311,110.0,1,1,0,0,1,C_CYTO
GCF_012030285.1,Lactobacillus jensenii,UMB7766,Contig,1536,1,1,311,110.0,1,1,0,0,1,C_CYTO
GCF_013281675.1,Lactobacillus helveticus,IMAU10149,Scaffold,1974,1,1,314,127.5,1,1,0,0,1,C_CYTO
GCF_013280735.1,Lactobacillus helveticus,IMAU60212,Scaffold,1612,1,1,314,128.3,1,1,0,0,1,C_CYTO
GCF_055449915.1,Lactobacillus jensenii,C0259A2,Contig,1618,1,1,311,110.0,1,1,0,0,1,C_CYTO
GCF_002914985.1,Lactobacillus helveticus,BD08,Contig,1647,1,1,314,127.0,1,1,0,0,1,C_CYTO
GCF_013281465.1,Lactobacillus helveticus,IMAU30028,Scaffold,1901,1,1,314,127.1,1,1,0,0,1,C_CYTO
GCF_032376755.1,Lactobacillus jensenii,UMB5777,Contig,1605,1,1,311,110.0,1,1,0,0,1,C_CYTO
GCF_013280625.1,Lactobacillus helveticus,IMAU80668,Scaffold,1959,1,1,314,126.7,1,1,0,0,1,C_CYTO
GCF_015698245.1,Lactobacillus helveticus,JCM 20397,Contig,1850,1,1,314,127.0,1,1,0,0,1,C_CYTO
GCF_978044455.1,Lactobacillus jensenii,-,Contig,1515,1,1,311,110.0,1,1,0,0,1,C_CYTO
GCF_007785915.1,Lactobacillus jensenii,UMB0037,Scaffold,1594,1,1,311,110.0,1,1,0,0,1,C_CYTO
GCF_013281685.1,Lactobacillus helveticus,IMAU10142,Scaffold,1889,1,1,314,127.6,1,1,0,0,1,C_CYTO
GCF_013280875.1,Lactobacillus helveticus,IMAU60201,Scaffold,1635,1,1,314,128.3,1,1,0,0,1,C_CYTO
GCF_022455835.1,Lactobacillus jensenii,JKR_P1_88_H11_S760_001-bin_1,Scaffold,1386,1,1,311,110.0,1,1,0,0,1,C_CYTO
GCF_056584395.1,Lactobacillus jensenii,C0207A4,Contig,1486,1,1,311,110.0,1,1,0,0,1,C_CYTO
GCF_008726325.1,Lactobacillus jensenii,UMB8651,Contig,1616,1,1,311,110.0,1,1,0,0,1,C_CYTO
GCF_013280855.1,Lactobacillus helveticus,IMAU60117,Scaffold,1616,1,1,314,127.0,1,1,0,0,1,C_CYTO
GCF_030226935.1,Lactobacillus jensenii,UMB10320,Contig,1697,1,1,311,110.0,1,1,0,0,1,C_CYTO
GCF_027583935.1,Lactobacillus jensenii,C0102D5,Contig,1587,1,1,311,110.0,1,1,0,0,1,C_CYTO
GCF_003203905.1,Lactobacillus helveticus,FAM19191,Contig,1862,1,1,314,127.0,1,1,0,0,1,C_CYTO
GCF_027155965.1,Lactobacillus jensenii,C0034A1,Contig,1518,1,1,311,110.0,1,1,0,0,1,C_CYTO
GCF_008726585.1,Lactobacillus jensenii,UMB3442,Contig,1560,1,1,311,110.0,1,1,0,0,1,C_CYTO
GCF_019295325.1,Lactobacillus helveticus,OSUPECh-4A,Contig,1672,1,0,,,1,0,0,0,1,D_dltE_absent
GCF_013281475.1,Lactobacillus helveticus,IMAU30014,Scaffold,1840,1,1,314,127.6,1,1,0,0,1,C_CYTO
GCF_044990645.1,Lactobacillus helveticus,FNCPS 9452,Scaffold,1693,1,1,314,127.5,1,1,0,0,1,C_CYTO
GCF_011029225.1,Lactobacillus jensenii,VA04-2AN,Contig,1485,1,0,,,0,0,0,0,1,D_dltE_absent
GCF_027155805.1,Lactobacillus jensenii,C0155B1,Contig,1521,1,1,311,110.0,1,1,0,0,1,C_CYTO
GCF_056584415.1,Lactobacillus jensenii,C0207A2,Contig,1489,1,1,311,110.0,1,1,0,0,1,C_CYTO
GCF_027155585.1,Lactobacillus jensenii,C0155B5,Contig,1520,1,1,311,110.0,1,1,0,0,1,C_CYTO
GCF_055451055.1,Lactobacillus jensenii,C0248G2,Contig,1568,1,1,311,110.0,1,1,0,0,1,C_CYTO
GCF_008727085.1,Lactobacillus jensenii,UMB246,Contig,1675,1,1,311,110.0,1,1,0,0,1,C_CYTO
GCF_027155885.1,Lactobacillus jensenii,C0034A4,Contig,1518,1,1,311,110.0,1,1,0,0,1,C_CYTO
GCF_951863465.1,Lactobacillus jensenii,-,Scaffold,1459,1,1,311,110.0,1,1,0,0,1,C_CYTO
GCF_043842745.1,Lactobacillus helveticus,Lh21456,Scaffold,1718,1,1,314,127.0,1,1,0,0,1,C_CYTO
GCF_013281505.1,Lactobacillus helveticus,IMAU30023,Scaffold,1736,1,1,314,127.1,1,1,0,0,1,C_CYTO
GCF_013281775.1,Lactobacillus helveticus,IMAU10031,Scaffold,1883,1,1,314,126.6,1,1,0,0,1,C_CYTO
GCF_018967005.1,Lactobacillus helveticus,H-9,Contig,1803,1,0,,,1,0,0,0,1,D_dltE_absent
GCF_013281255.1,Lactobacillus helveticus,IMAU30056,Scaffold,1842,1,1,314,127.2,1,1,0,0,1,C_CYTO
GCF_013249215.1,Lactobacillus helveticus,BIO6497,Contig,1905,1,1,314,127.0,1,1,0,0,1,C_CYTO
GCF_001012665.1,Lactobacillus jensenii IM18-1,IM18-1,Scaffold,1650,1,1,311,110.0,1,1,0,0,1,C_CYTO
GCF_001572805.1,Lactobacillus helveticus,Lh 12,Contig,2003,1,1,314,127.0,1,1,0,0,1,C_CYTO
GCF_025191145.1,Lactobacillus helveticus,CIRM-BIA 105,Contig,1734,1,1,314,127.0,1,1,0,0,1,C_CYTO
GCF_025191325.1,Lactobacillus helveticus,CIRM-BIA 679,Contig,1844,1,1,314,127.0,1,1,0,0,1,C_CYTO
GCF_951863505.1,Lactobacillus jensenii,-,Scaffold,1367,1,1,311,110.0,1,1,0,0,0,C_CYTO
GCF_000175035.1,Lactobacillus jensenii 269-3,269-3,Contig,1526,1,1,311,110.0,1,1,0,0,1,C_CYTO
GCF_025191215.1,Lactobacillus helveticus,CIRM-BIA 111,Contig,1890,1,1,314,127.0,1,1,0,0,1,C_CYTO
GCF_027155795.1,Lactobacillus jensenii,C0034A5,Contig,1512,1,1,311,110.0,1,1,0,0,1,C_CYTO
GCF_014058685.1,Lactobacillus johnsonii,NCK2677,Complete Genome,1726,1,1,308,129.4,1,1,0,0,1,C_CYTO
GCF_052976985.1,Lactobacillus johnsonii,M65,Complete Genome,2017,1,1,312,125.9,1,1,0,0,1,C_CYTO
GCF_013280995.1,Lactobacillus helveticus,IMAU50019,Scaffold,1879,1,1,314,126.8,1,1,0,0,1,C_CYTO
GCF_000765455.1,Lactobacillus helveticus,M3,Contig,1715,1,1,314,127.0,1,1,0,0,1,C_CYTO
GCF_043001555.1,Lactobacillus jensenii,0795_578_1_1_MRS2,Complete Genome,1439,1,1,311,110.0,1,1,0,0,1,C_CYTO
GCF_004011315.1,Lactobacillus johnsonii,ZLJ010,Complete Genome,1824,1,1,308,126.0,1,1,0,0,1,C_CYTO
GCF_058595875.1,Lactobacillus johnsonii,WR-F4,Complete Genome,1894,1,1,312,125.7,1,1,0,0,1,C_CYTO
GCF_025191305.1,Lactobacillus helveticus,CIRM-BIA 110,Contig,1776,1,1,314,127.0,1,1,0,0,1,C_CYTO
GCF_022643205.1,Lactobacillus johnsonii,L2,Chromosome,1662,1,1,308,122.4,1,1,0,0,1,C_CYTO
GCF_001436455.1,Lactobacillus jensenii DSM 20557,DSM 20557,Scaffold,1468,1,1,311,110.0,1,1,0,0,1,C_CYTO
GCF_002176855.1,Lactobacillus johnsonii,UMNLJ21,Complete Genome,1713,1,1,308,123.9,1,1,0,0,1,C_CYTO
GCF_000493515.1,Lactobacillus helveticus CIRM-BIA 953,CIRM-BIA 953,Contig,2081,1,1,314,126.8,1,1,0,0,1,C_CYTO
GCF_051351065.1,Lactobacillus johnsonii,HL-RH01,Complete Genome,1917,1,1,308,128.9,1,1,0,0,1,C_CYTO
GCF_025191425.1,Lactobacillus helveticus,CIRM-BIA 2190,Contig,1803,1,1,314,127.0,1,1,0,0,1,C_CYTO
GCF_009769185.1,Lactobacillus johnsonii,DC22.2,Complete Genome,1716,1,1,308,127.5,1,1,0,0,1,C_CYTO
GCF_003203915.1,Lactobacillus helveticus,FAM23285,Scaffold,2001,1,1,314,127.0,1,1,0,0,1,C_CYTO
GCF_000204985.1,Lactobacillus johnsonii DPC 6026,DPC 6026,Complete Genome,1768,1,1,308,127.0,1,1,0,0,1,C_CYTO
GCF_003316915.1,Lactobacillus johnsonii,Byun-jo-01,Complete Genome,1677,1,1,308,129.4,1,1,0,0,1,C_CYTO
GCF_951857035.1,Lactobacillus jensenii,-,Scaffold,1540,1,1,311,110.0,1,1,0,0,1,C_CYTO
GCF_951856975.1,Lactobacillus jensenii,-,Scaffold,1721,1,1,311,110.0,1,1,0,0,1,C_CYTO
GCF_051063995.1,Lactobacillus johnsonii,374F,Contig,1611,1,1,308,122.4,1,1,0,0,1,C_CYTO
GCF_021442345.1,Lactobacillus johnsonii,CNCM I-4884,Contig,1629,1,1,308,122.4,1,1,0,0,1,C_CYTO
GCF_014841035.1,Lactobacillus johnsonii,GHZ10a,Complete Genome,1815,1,1,308,127.0,1,1,0,0,1,C_CYTO
GCF_007876425.1,Lactobacillus johnsonii,LBJ456,Contig,1739,1,1,312,127.3,1,1,0,0,1,C_CYTO
GCF_015698185.1,Lactobacillus helveticus,JCM 1007,Contig,2111,1,1,314,127.0,1,1,0,0,1,C_CYTO
GCF_002253285.1,Lactobacillus johnsonii,117a,Scaffold,1792,1,1,308,124.6,1,1,0,0,1,C_CYTO
GCF_951863495.1,Lactobacillus jensenii,-,Scaffold,1402,1,1,311,110.0,1,1,0,0,1,C_CYTO
GCF_013280655.1,Lactobacillus helveticus,IMAU80756,Scaffold,1916,1,1,314,126.8,1,1,0,0,1,C_CYTO
GCF_025190985.1,Lactobacillus johnsonii,CIRM-BIA 2079,Contig,1746,1,1,308,126.0,1,1,0,0,1,C_CYTO
GCF_004010015.1,Lactobacillus johnsonii,CH32,Contig,1648,1,1,308,129.4,1,1,0,0,1,C_CYTO
GCF_032376765.1,Lactobacillus johnsonii,UMB3423,Contig,1881,1,1,312,125.9,1,1,0,0,1,C_CYTO
GCF_013281065.1,Lactobacillus helveticus,IMAU30156,Scaffold,1864,1,1,314,127.6,1,1,0,0,1,C_CYTO
GCF_019459545.1,Lactobacillus jensenii,UBLJe-01,Scaffold,1447,1,1,311,110.0,1,1,0,0,1,C_CYTO
GCF_025191005.1,Lactobacillus johnsonii,CIRM-BIA 1448,Contig,1744,1,1,308,126.0,1,1,0,0,1,C_CYTO
GCF_013281455.1,Lactobacillus helveticus,IMAU30034,Scaffold,1835,1,1,314,127.1,1,1,0,0,1,C_CYTO
GCF_025191385.1,Lactobacillus helveticus,CIRM-BIA 450,Contig,1882,1,1,314,127.0,1,1,0,0,1,C_CYTO
GCF_004569425.1,Lactobacillus johnsonii,CC3,Contig,1742,1,1,308,129.4,1,1,0,0,1,C_CYTO
GCF_025190905.1,Lactobacillus johnsonii,CIRM-BIA 651,Contig,1877,1,1,312,132.3,1,1,1,0,1,C_CYTO
GCF_025191465.1,Lactobacillus helveticus,CIRM-BIA 114,Contig,1812,1,1,314,127.0,1,1,0,0,1,C_CYTO
GCF_025190925.1,Lactobacillus johnsonii,CIRM-BIA 868,Contig,1629,1,1,308,122.4,1,1,0,0,1,C_CYTO
GCF_978042335.1,Lactobacillus jensenii,-,Contig,1550,1,0,,,1,0,0,0,1,D_dltE_absent
GCF_042997765.1,Lactobacillus jensenii,0422_293_1_1_MRS1,Complete Genome,1400,1,1,311,110.0,1,1,0,0,1,C_CYTO
GCF_033804125.1,Lactobacillus jensenii,UMB3466,Contig,1525,1,1,311,110.0,1,1,0,0,1,C_CYTO
GCF_011392375.1,Lactobacillus helveticus,UC1267,Scaffold,1688,1,1,314,127.0,1,1,0,0,1,C_CYTO
GCF_030211725.1,Lactobacillus jensenii,UMB10187,Contig,1585,1,1,311,110.0,1,1,0,0,1,C_CYTO
GCF_000493455.1,Lactobacillus helveticus CIRM-BIA 951,CIRM-BIA 951,Scaffold,1762,1,1,314,124.9,1,1,0,0,1,C_CYTO
GCF_055449935.1,Lactobacillus jensenii,C0259A1,Contig,1616,1,1,311,110.0,1,1,0,0,1,C_CYTO
GCF_951863425.1,Lactobacillus jensenii,-,Scaffold,1481,1,1,311,110.0,1,1,0,0,1,C_CYTO
GCF_040428175.1,Lactobacillus jensenii,CM2268_MRS4,Contig,1528,1,1,311,110.0,1,1,0,0,1,C_CYTO
GCF_033804065.1,Lactobacillus jensenii,UMB6506,Contig,1451,1,1,311,110.0,1,1,0,0,1,C_CYTO
GCF_978043215.1,Lactobacillus jensenii,-,Contig,1609,1,1,311,110.0,1,1,0,0,1,C_CYTO
GCF_002253245.1,Lactobacillus johnsonii,117d,Scaffold,1803,1,1,308,124.6,1,1,0,0,1,C_CYTO
GCF_055450095.1,Lactobacillus jensenii,C0257B1,Contig,1570,1,1,311,110.0,1,1,0,0,1,C_CYTO
GCF_008726555.1,Lactobacillus jensenii,UMB4685,Contig,1594,1,1,311,110.0,1,1,0,0,1,C_CYTO
GCF_978043605.1,Lactobacillus jensenii,-,Contig,1618,1,1,311,110.0,1,1,0,0,1,C_CYTO
GCF_010206295.1,Lactobacillus johnsonii,MD006,Contig,1742,1,1,308,129.4,1,1,0,0,1,C_CYTO
GCF_050113995.1,Lactobacillus jensenii,BIO6428,Contig,1504,1,1,311,110.0,1,1,0,0,1,C_CYTO
GCF_055451695.1,Lactobacillus jensenii,C0210A4,Contig,1567,1,1,311,110.0,1,1,0,0,1,C_CYTO
GCF_027160725.1,Lactobacillus jensenii,C0114B4,Contig,1473,1,1,311,110.0,1,1,0,0,1,C_CYTO
GCF_012843525.1,Lactobacillus johnsonii,WCA-380-WT-3D,Contig,1582,1,1,308,126.0,1,1,0,0,1,C_CYTO
GCF_055449855.1,Lactobacillus jensenii,C0259A5,Contig,1571,1,1,311,110.0,1,1,0,0,1,C_CYTO
GCF_025190885.1,Lactobacillus johnsonii,CIRM-BIA 650,Contig,1603,1,1,308,122.4,1,1,0,0,1,C_CYTO
GCF_030218205.1,Lactobacillus jensenii,UMB1020,Contig,1546,1,1,311,110.0,1,1,0,0,1,C_CYTO
GCF_038149725.1,Lactobacillus jensenii,1855,Contig,1769,1,1,311,110.0,1,1,0,0,1,C_CYTO
GCF_050313975.1,Lactobacillus johnsonii,SGI.132,Contig,1709,1,1,308,120.7,1,1,0,0,1,C_CYTO
GCF_050314795.1,Lactobacillus johnsonii,SGI.070,Contig,1718,1,1,308,126.9,1,1,0,0,1,C_CYTO
GCF_050313215.1,Lactobacillus johnsonii,SGI.201,Contig,1689,1,1,308,126.7,1,1,0,0,1,C_CYTO
GCF_022456555.1,Lactobacillus jensenii,0795_578_1_1_MRSIHK10_S795-bin_1,Scaffold,1350,1,1,311,110.0,1,1,0,0,1,C_CYTO
GCF_978043375.1,Lactobacillus jensenii,-,Contig,1509,1,1,311,110.0,1,1,0,0,1,C_CYTO
GCF_011959745.1,Lactobacillus johnsonii,-,Contig,1779,1,1,308,130.3,1,1,1,0,1,C_CYTO
GCF_050313395.1,Lactobacillus johnsonii,SGI.186,Contig,1691,1,1,308,126.7,1,1,0,0,1,C_CYTO
GCF_033804085.1,Lactobacillus jensenii,UMB3478,Contig,1503,1,1,311,110.0,1,1,0,0,1,C_CYTO
GCF_050313115.1,Lactobacillus johnsonii,SGI.210,Contig,1799,1,1,308,126.9,1,1,0,0,1,C_CYTO
GCF_015235065.1,Lactobacillus johnsonii,19428wE2_CC3,Contig,1744,1,1,308,129.4,1,1,0,0,1,C_CYTO
GCF_978044425.1,Lactobacillus jensenii,-,Contig,1649,1,1,311,110.0,1,1,0,0,1,C_CYTO
GCF_978043095.1,Lactobacillus jensenii,-,Contig,1645,1,1,311,110.0,1,1,0,0,1,C_CYTO
GCF_001572665.1,Lactobacillus johnsonii,W1,Contig,1934,1,1,308,126.7,1,1,0,0,1,C_CYTO
GCF_032377035.1,Lactobacillus jensenii,UMB1545,Contig,1757,1,1,311,110.0,1,1,0,0,1,C_CYTO
GCF_002848045.1,Lactobacillus jensenii,UMB0077,Scaffold,1699,1,1,311,110.0,1,1,0,0,1,C_CYTO
GCF_978044315.1,Lactobacillus johnsonii,-,Contig,1762,1,1,308,127.0,1,1,0,0,1,C_CYTO
GCF_910574385.1,Lactobacillus johnsonii,-,Scaffold,1779,1,1,308,128.5,1,1,0,0,1,C_CYTO
GCF_012029675.1,Lactobacillus jensenii,UMB0847,Contig,1470,1,1,311,110.0,1,1,0,0,1,C_CYTO
GCF_055450995.1,Lactobacillus jensenii,C0248G5,Contig,1568,1,1,311,110.0,1,1,0,0,1,C_CYTO
GCF_027155905.1,Lactobacillus jensenii,C0155B3,Contig,1524,1,1,311,110.0,1,1,0,0,1,C_CYTO
GCF_022456675.1,Lactobacillus jensenii,0422_293_1_1_MRS1_S459-bin_1,Scaffold,1349,1,1,311,110.0,1,1,0,0,1,C_CYTO
GCF_027155725.1,Lactobacillus jensenii,C0155B4,Contig,1517,1,1,311,110.0,1,1,0,0,1,C_CYTO
GCF_045571505.1,Lactobacillus johnsonii,L16,Complete Genome,1942,1,1,308,130.1,1,1,1,0,1,C_CYTO
GCF_000056065.1,Lactobacillus delbrueckii subsp. bulgaricus ATCC 11842 = JCM 1002,ATCC 11842,Complete Genome,1636,1,0,,,1,0,0,0,1,D_dltE_absent
GCF_033804025.1,Lactobacillus jensenii,UMB7393,Contig,1671,1,1,311,110.0,1,1,0,0,1,C_CYTO
GCF_000162335.1,Lactobacillus jensenii SJ-7A-US,SJ-7A-US,Scaffold,1612,1,1,311,110.0,1,1,0,0,1,C_CYTO
GCF_023205755.1,Lactobacillus delbrueckii subsp. bulgaricus,LDB-C1,Complete Genome,1638,1,0,,,1,0,0,0,1,D_dltE_absent
GCF_030218485.1,Lactobacillus jensenii,UMB0732,Contig,1414,1,1,311,110.0,1,1,0,0,1,C_CYTO
GCF_030215165.1,Lactobacillus jensenii,UMB7786,Contig,1543,1,1,311,110.0,1,1,0,0,1,C_CYTO
GCF_003597655.1,Lactobacillus delbrueckii subsp. bulgaricus,KLDS1.0207,Complete Genome,1700,1,0,,,1,0,0,0,1,D_dltE_absent
GCF_978042385.1,Lactobacillus jensenii,-,Contig,1593,1,1,311,110.0,1,1,0,0,1,C_CYTO
GCF_002553705.1,Lactobacillus johnsonii,UMNLJ113,Contig,1607,1,1,308,127.6,1,1,0,0,0,C_CYTO
GCF_000014405.1,Lactobacillus delbrueckii subsp. bulgaricus ATCC BAA-365,ATCC BAA-365,Complete Genome,1647,1,0,,,1,0,0,0,1,D_dltE_absent
GCF_024665995.1,Lactobacillus delbrueckii subsp. bulgaricus,LBA-40,Complete Genome,1681,1,0,,,1,0,0,0,1,D_dltE_absent
GCF_001888945.1,Lactobacillus delbrueckii subsp. delbrueckii,KCTC 13731,Complete Genome,1686,1,0,,,1,0,0,0,1,D_dltE_absent
GCF_030226565.1,Lactobacillus jensenii,UMB0009,Contig,1369,1,1,311,110.0,1,1,0,0,1,C_CYTO
GCF_022454995.1,Lactobacillus jensenii,CM_F11_S854-bin_1,Scaffold,1529,1,1,311,110.0,1,1,0,0,1,C_CYTO
GCF_009734125.1,Lactobacillus delbrueckii,TS1-06,Complete Genome,1677,1,0,,,1,0,0,0,1,D_dltE_absent
GCF_050313175.1,Lactobacillus johnsonii,SGI.203,Contig,1754,1,1,308,126.7,1,1,0,0,1,C_CYTO
GCF_027155925.1,Lactobacillus jensenii,C0034A2,Contig,1508,1,1,311,110.0,1,1,0,0,1,C_CYTO
GCF_020026535.1,Lactobacillus johnsonii,AER25,Contig,1700,1,1,308,128.0,1,1,0,0,1,C_CYTO
GCF_054189185.1,Lactobacillus johnsonii,YH1136,Complete Genome,1884,1,1,308,126.0,1,1,0,0,1,C_CYTO
GCF_013487865.1,Lactobacillus johnsonii,3DG,Complete Genome,1751,1,1,312,130.7,1,1,1,0,1,C_CYTO
GCF_032463545.1,Lactobacillus johnsonii,N7,Complete Genome,1760,1,1,308,126.7,1,1,0,0,1,C_CYTO
GCF_027155785.1,Lactobacillus jensenii,C0155B2,Contig,1520,1,1,311,110.0,1,1,0,0,1,C_CYTO
GCF_001270785.1,Lactobacillus johnsonii 16,16,Contig,1692,1,1,308,126.0,1,1,0,0,1,C_CYTO
GCF_002269975.1,Lactobacillus johnsonii,UMNLJ54,Scaffold,1795,1,1,308,123.9,1,1,0,0,1,C_CYTO
GCF_001189855.1,Lactobacillus delbrueckii subsp. indicus,JCM 15610,Contig,1734,1,0,,,1,0,0,0,1,D_dltE_absent
GCF_008727025.1,Lactobacillus jensenii,UMB572,Contig,1458,1,1,311,110.0,1,1,0,0,1,C_CYTO
GCF_054030935.1,Lactobacillus johnsonii,HC1175,Complete Genome,1667,1,1,308,122.4,1,1,0,0,1,C_CYTO
GCF_006539405.1,Lactobacillus delbrueckii subsp. bulgaricus,NBRC 13953,Contig,1618,1,0,,,1,0,0,0,1,D_dltE_absent
GCF_019459625.1,Lactobacillus johnsonii,UBLJ-01,Scaffold,1544,1,1,308,124.7,1,1,0,0,1,C_CYTO
GCF_001433975.1,Lactobacillus johnsonii ATCC 33200,ATCC 33200,Contig,1638,1,1,308,122.4,1,1,0,0,1,C_CYTO
GCF_001012685.1,Lactobacillus jensenii IM18-3,IM18-3,Scaffold,1640,1,1,311,110.0,1,1,0,0,1,C_CYTO
GCF_001908415.1,Lactobacillus delbrueckii subsp. indicus,JCM 15610,Complete Genome,1776,1,0,,,1,0,0,0,1,D_dltE_absent
GCF_027665575.1,Lactobacillus johnsonii,AF82-03b14,Scaffold,1539,1,1,308,125.1,1,1,0,0,1,C_CYTO
GCF_059026545.1,Lactobacillus johnsonii,LMZ8,Scaffold,1533,1,1,308,120.2,1,1,0,0,1,C_CYTO
GCF_006704185.1,Lactobacillus delbrueckii subsp. bulgaricus,KLDS1.1011,Complete Genome,1707,1,0,,,1,0,0,0,1,D_dltE_absent
GCF_022453965.1,Lactobacillus jensenii,Mitchell_12_29_17_G03_S599-bin_1,Scaffold,1565,1,1,311,110.0,1,1,0,0,1,C_CYTO
GCF_004354615.1,Lactobacillus delbrueckii subsp. jakobsenii,DSM 26046,Scaffold,1642,1,0,,,1,0,0,0,1,D_dltE_absent
GCF_001953135.1,Lactobacillus delbrueckii subsp. bulgaricus,DSM 20080,Complete Genome,1655,1,0,,,1,0,0,0,1,D_dltE_absent
GCF_056868455.1,Lactobacillus johnsonii,RP32,Complete Genome,1927,1,1,308,121.8,1,1,0,0,1,C_CYTO
GCF_002253275.1,Lactobacillus johnsonii,117c,Scaffold,1814,1,1,308,124.6,1,1,0,0,1,C_CYTO
GCF_021464365.1,Lactobacillus johnsonii,MT4,Contig,1743,1,1,308,129.4,1,1,0,0,1,C_CYTO
GCF_046718855.1,Lactobacillus johnsonii,WXY,Contig,1904,1,1,308,123.4,1,1,0,0,1,C_CYTO
GCF_025190845.1,Lactobacillus johnsonii,CIRM-BIA 878,Contig,1862,1,1,308,130.5,1,1,1,0,1,C_CYTO
GCF_056032745.1,Lactobacillus johnsonii,428,Complete Genome,1814,1,1,308,126.4,1,1,0,0,1,C_CYTO
GCF_021133715.1,Lactobacillus delbrueckii subsp. bulgaricus,CIRM BIA 1579,Scaffold,1750,1,0,,,1,0,0,0,1,D_dltE_absent
GCF_002176835.1,Lactobacillus johnsonii,UMNLJ22,Complete Genome,1713,1,1,308,123.9,1,1,0,0,1,C_CYTO
GCF_059792225.1,Lactobacillus johnsonii,LJ-PSU-blood,Scaffold,1761,1,1,312,127.3,1,1,0,0,1,C_CYTO
GCF_044601355.1,Lactobacillus delbrueckii subsp. bulgaricus,1271,Complete Genome,1638,1,0,,,1,0,0,0,1,D_dltE_absent
GCF_001624925.1,Lactobacillus delbrueckii subsp. bulgaricus,Lb1-GS-1,Scaffold,1651,1,0,,,1,0,0,0,1,D_dltE_absent
GCF_021133675.1,Lactobacillus delbrueckii subsp. bulgaricus,CIRM BIA 1614,Scaffold,1677,1,0,,,1,0,0,0,1,D_dltE_absent
GCF_032463685.1,Lactobacillus johnsonii,N5,Complete Genome,1760,1,1,308,126.7,1,1,0,0,1,C_CYTO
GCF_021133875.1,Lactobacillus delbrueckii subsp. bulgaricus,CIRM BIA 905,Scaffold,1686,1,0,,,1,0,0,0,1,D_dltE_absent
GCF_045033355.1,Lactobacillus delbrueckii subsp. bulgaricus,171,Contig,1643,1,0,,,1,0,0,0,1,D_dltE_absent
GCF_050313735.1,Lactobacillus johnsonii,SGI.158,Contig,1709,1,1,308,120.7,1,1,0,0,1,C_CYTO
GCF_021133975.1,Lactobacillus delbrueckii subsp. bulgaricus,FAM 22754,Contig,1618,1,0,,,1,0,0,0,1,D_dltE_absent
GCF_910574395.1,Lactobacillus johnsonii,-,Scaffold,1789,1,1,308,128.5,1,1,0,0,1,C_CYTO
GCF_000008065.1,Lactobacillus johnsonii NCC 533,NCC 533,Complete Genome,1765,1,1,308,130.5,1,1,1,0,1,C_CYTO
GCF_046938665.1,Lactobacillus delbrueckii subsp. bulgaricus,M675A,Contig,1986,1,0,,,1,0,0,0,1,D_dltE_absent
GCF_042714015.1,Lactobacillus johnsonii,P8COA6,Contig,1793,1,1,308,124.7,1,1,0,0,1,C_CYTO
GCF_050314755.1,Lactobacillus johnsonii,SGI.077,Contig,1657,1,1,308,126.9,1,1,0,0,1,C_CYTO
GCF_029662885.1,Lactobacillus johnsonii,PC38,Contig,1696,1,1,308,129.4,1,1,0,0,1,C_CYTO
GCF_004123065.1,Lactobacillus delbrueckii subsp. bulgaricus,KW14_3,Scaffold,1859,1,0,,,1,0,0,0,1,D_dltE_absent
GCF_000159355.1,Lactobacillus johnsonii ATCC 33200,ATCC 33200,Scaffold,1649,1,1,308,122.4,1,1,0,0,1,C_CYTO
GCF_017584225.1,Lactobacillus delbrueckii subsp. lactis,MAG_rmk202_ldel,Complete Genome,1812,1,0,,,1,0,0,0,1,D_dltE_absent
GCF_002270045.1,Lactobacillus johnsonii,UMNLJ95,Contig,1765,1,1,308,127.6,1,1,0,0,1,C_CYTO
GCF_004793575.1,Lactobacillus johnsonii,NM60_B2-8,Contig,1736,1,1,308,128.4,1,1,0,0,1,C_CYTO
GCF_025192005.1,Lactobacillus delbrueckii subsp. bulgaricus,CIRM-BIA 1321,Contig,1676,1,0,,,1,0,0,0,1,D_dltE_absent
GCF_002278095.1,Lactobacillus delbrueckii subsp. lactis DSM 20072,DSM 20072,Complete Genome,1783,1,0,,,1,0,0,0,1,D_dltE_absent
GCF_025960345.1,Lactobacillus delbrueckii subsp. indicus,S2,Complete Genome,1797,1,0,,,1,0,0,0,1,D_dltE_absent
GCF_001908495.1,Lactobacillus delbrueckii subsp. delbrueckii DSM 20074 = JCM 1012,DSM 20074,Chromosome,1600,1,0,,,1,0,0,0,1,D_dltE_absent
GCF_058244345.1,Lactobacillus johnsonii,LJ-G55,Contig,1665,1,1,308,122.4,1,1,0,0,1,C_CYTO
GCF_900196735.1,Lactobacillus delbrueckii subsp. bulgaricus,-,Complete Genome,1665,1,0,,,1,0,0,0,1,D_dltE_absent
GCF_001888925.1,Lactobacillus delbrueckii subsp. jakobsenii ZN7a-9 = DSM 26046,DSM 26046,Complete Genome,1640,1,0,,,1,0,0,0,1,D_dltE_absent
GCF_023006605.1,Lactobacillus delbrueckii subsp. bulgaricus,ST7,Scaffold,1776,1,0,,,1,0,0,0,1,D_dltE_absent
GCF_024622485.1,Lactobacillus johnsonii,DSM 100219,Contig,1910,1,1,308,125.0,1,1,0,0,1,C_CYTO
GCF_017582025.1,Lactobacillus delbrueckii subsp. bulgaricus,HUL 15,Contig,1842,1,0,,,1,0,0,0,1,D_dltE_absent
GCF_044599125.1,Lactobacillus delbrueckii subsp. bulgaricus,2363,Complete Genome,1612,1,0,,,1,0,0,0,1,D_dltE_absent
GCF_001469775.1,Lactobacillus delbrueckii subsp. bulgaricus,MN-BM-F01,Complete Genome,1673,1,0,,,1,0,0,0,1,D_dltE_absent
GCF_056485285.1,Lactobacillus delbrueckii subsp. allosunkii,AY15,Complete Genome,1672,1,0,,,1,0,0,0,1,D_dltE_absent
GCF_029823585.1,Lactobacillus delbrueckii subsp. bulgaricus ATCC 11842 = JCM 1002,DSM 20081,Scaffold,1607,1,0,,,1,0,0,0,1,D_dltE_absent
GCF_001888985.1,Lactobacillus delbrueckii subsp. lactis,KCTC 3035,Complete Genome,1716,1,0,,,1,0,0,0,1,D_dltE_absent
GCF_025190945.1,Lactobacillus johnsonii,CIRM-BIA 869,Contig,1886,1,1,308,129.4,1,1,0,0,1,C_CYTO
GCF_002160105.1,Lactobacillus johnsonii,An197,Contig,1628,1,1,308,126.4,1,1,0,0,1,C_CYTO
GCF_008868555.1,Lactobacillus johnsonii,BIO5467,Contig,1614,1,1,308,122.4,1,1,0,0,1,C_CYTO
GCF_053471205.1,Lactobacillus delbrueckii subsp. bulgaricus ATCC 11842 = JCM 1002,DSM 20081,Scaffold,1605,1,0,,,1,0,0,0,1,D_dltE_absent
GCF_001190005.1,Lactobacillus delbrueckii subsp. allosunkii,JCM 17838,Contig,1803,1,0,,,1,0,0,0,1,D_dltE_absent
GCF_021133685.1,Lactobacillus delbrueckii subsp. bulgaricus,CIRM BIA 1581,Contig,1651,1,0,,,1,0,0,0,1,D_dltE_absent
GCF_002253205.1,Lactobacillus johnsonii,117k,Scaffold,1810,1,1,308,124.6,1,1,0,0,1,C_CYTO
GCF_001437485.1,Lactobacillus delbrueckii subsp. jakobsenii ZN7a-9 = DSM 26046,DSM 26046,Scaffold,1646,1,0,,,1,0,0,0,1,D_dltE_absent
GCF_025192105.1,Lactobacillus delbrueckii subsp. bulgaricus,CIRM-BIA 857,Contig,1710,1,0,,,1,0,0,0,1,D_dltE_absent
GCF_001435795.1,Lactobacillus delbrueckii subsp. indicus DSM 15996,DSM 15996,Scaffold,1739,1,0,,,1,0,0,0,1,D_dltE_absent
GCF_045274605.1,Lactobacillus delbrueckii,MRD6034,Chromosome,1655,1,0,,,1,0,0,0,1,D_dltE_absent
GCF_013394955.1,Lactobacillus delbrueckii subsp. bulgaricus,CBC-LB69,Scaffold,1664,0,0,,,1,0,0,0,1,E_no_dlt
GCF_001510975.1,Lactobacillus delbrueckii subsp. bulgaricus,CFL1,Contig,1639,1,0,,,1,0,0,0,1,D_dltE_absent
GCF_027675585.1,Lactobacillus delbrueckii,UN03-69,Scaffold,1637,1,0,,,1,0,0,0,1,D_dltE_absent
GCF_021600265.1,Lactobacillus delbrueckii,ME-802,Scaffold,1757,1,0,,,1,0,0,0,1,D_dltE_absent
GCF_027858015.1,Lactobacillus delbrueckii,lbd72,Contig,1723,1,0,,,1,0,0,0,1,D_dltE_absent
GCF_002156645.1,Lactobacillus johnsonii,LJ0,Contig,1734,1,1,308,129.4,1,1,0,0,1,C_CYTO
GCF_050314515.1,Lactobacillus johnsonii,SGI.096,Contig,1637,1,1,308,126.9,1,1,0,0,1,C_CYTO
GCF_058410845.1,Lactobacillus delbrueckii subsp. bulgaricus,LB-G40,Contig,1669,1,0,,,1,0,0,0,1,D_dltE_absent
GCF_004211735.1,Lactobacillus delbrueckii,LDELB18P2,Contig,1817,1,0,,,1,0,0,0,1,D_dltE_absent
GCF_009362855.1,Lactobacillus delbrueckii,328M,Contig,1675,1,0,,,1,0,0,0,1,D_dltE_absent
GCF_025193445.1,Lactobacillus delbrueckii subsp. bulgaricus,CIRM-BIA 1623,Contig,1679,1,0,,,1,0,0,0,1,D_dltE_absent
GCF_038024995.1,Lactobacillus delbrueckii,ATA-LTC-Ld090812,Scaffold,1939,1,0,,,1,0,0,0,1,D_dltE_absent
GCF_035818975.1,Lactobacillus delbrueckii subsp. bulgaricus,SIT-17.B,Contig,1728,1,0,,,1,0,0,0,1,D_dltE_absent
GCF_003326615.1,Lactobacillus delbrueckii subsp. bulgaricus,MBT 92059,Scaffold,1735,1,0,,,1,0,0,0,1,D_dltE_absent
GCF_963920335.1,Lactobacillus delbrueckii,-,Scaffold,1891,1,0,,,1,0,0,0,1,D_dltE_absent
GCF_021133785.1,Lactobacillus delbrueckii subsp. bulgaricus,CIRM BIA 1381,Scaffold,1684,1,0,,,1,0,0,0,1,D_dltE_absent
GCF_051370925.1,Lactobacillus johnsonii,HC934,Scaffold,1628,1,1,308,126.4,1,1,0,0,1,C_CYTO
GCF_021600385.1,Lactobacillus delbrueckii,ME-799,Contig,1960,1,0,,,1,0,0,0,1,D_dltE_absent
GCF_045033215.1,Lactobacillus delbrueckii subsp. bulgaricus,871,Contig,1670,1,0,,,1,0,0,0,1,D_dltE_absent
GCF_021133955.1,Lactobacillus delbrueckii subsp. bulgaricus,CIRM BIA 773,Contig,1698,1,0,,,1,0,0,0,1,D_dltE_absent
GCF_021133815.1,Lactobacillus delbrueckii subsp. bulgaricus,CIRM BIA 1376,Scaffold,1675,1,0,,,1,0,0,0,1,D_dltE_absent
GCF_050314715.1,Lactobacillus johnsonii,SGI.081,Contig,1678,1,1,308,126.9,1,1,0,0,1,C_CYTO
GCF_025193635.1,Lactobacillus delbrueckii subsp. bulgaricus,CIRM-BIA 1383,Contig,1692,1,0,,,1,0,0,0,1,D_dltE_absent
GCF_045033125.1,Lactobacillus delbrueckii subsp. bulgaricus,2572,Contig,1663,1,0,,,1,0,0,0,1,D_dltE_absent
GCF_021133835.1,Lactobacillus delbrueckii subsp. bulgaricus,CIRM BIA 906,Scaffold,1719,1,0,,,1,0,0,0,1,D_dltE_absent
GCF_025191925.1,Lactobacillus delbrueckii subsp. bulgaricus,CIRM-BIA 1378,Contig,1698,1,0,,,1,0,0,0,1,D_dltE_absent
GCF_963920385.1,Lactobacillus delbrueckii,-,Scaffold,1890,1,0,,,1,0,0,0,1,D_dltE_absent
GCF_030270045.1,Lactobacillus delbrueckii subsp. bulgaricus,ME-900,Scaffold,1669,1,0,,,1,0,0,0,1,D_dltE_absent
GCF_963920285.1,Lactobacillus delbrueckii,-,Scaffold,1899,1,0,,,1,0,0,0,1,D_dltE_absent
GCF_963920275.1,Lactobacillus delbrueckii,-,Scaffold,1902,1,0,,,1,0,0,0,1,D_dltE_absent
GCF_030270025.1,Lactobacillus delbrueckii subsp. bulgaricus,ME-899,Scaffold,1650,1,0,,,1,0,0,0,1,D_dltE_absent
GCF_025193845.1,Lactobacillus delbrueckii subsp. bulgaricus,CIRM-BIA 1379,Contig,1664,1,0,,,1,0,0,0,1,D_dltE_absent
GCF_050313875.1,Lactobacillus johnsonii,SGI.146,Contig,1729,1,1,308,126.7,1,1,0,0,1,C_CYTO
GCF_021600525.1,Lactobacillus delbrueckii,ME-791,Scaffold,2013,1,0,,,1,0,0,0,1,D_dltE_absent
GCF_025193855.1,Lactobacillus delbrueckii subsp. bulgaricus,CIRM-BIA 657,Contig,1662,1,0,,,1,0,0,0,1,D_dltE_absent
GCF_025191845.1,Lactobacillus delbrueckii subsp. bulgaricus,CIRM-BIA 1376,Contig,1689,1,0,,,1,0,0,0,1,D_dltE_absent
GCF_025193645.1,Lactobacillus delbrueckii subsp. bulgaricus,CIRM-BIA 905,Contig,1685,1,0,,,1,0,0,0,0,D_dltE_absent
GCF_017161915.1,Lactobacillus delbrueckii subsp. bulgaricus,LBPUFSC001,Scaffold,1847,1,0,,,1,0,0,0,1,D_dltE_absent
GCF_025191955.1,Lactobacillus delbrueckii subsp. bulgaricus,CIRM-BIA 773,Contig,1706,1,0,,,1,0,0,0,1,D_dltE_absent
GCF_056724725.1,Lactobacillus delbrueckii,TLD1-MUM,Contig,1883,1,0,,,1,0,0,0,1,D_dltE_absent
GCF_015560715.1,Lactobacillus johnsonii,BSD2780061687_150420_B4,Scaffold,1718,1,1,308,128.4,1,1,0,0,1,C_CYTO
GCF_963920325.1,Lactobacillus delbrueckii,-,Scaffold,1674,1,0,,,1,0,0,0,1,D_dltE_absent
GCF_030237825.1,Lactobacillus delbrueckii,C37,Contig,1745,1,0,,,1,0,0,0,1,D_dltE_absent
GCF_014830125.1,Lactobacillus delbrueckii,HPLF,Contig,1912,1,0,,,1,0,0,0,1,D_dltE_absent
GCF_056724705.1,Lactobacillus delbrueckii,TLD7-MUM,Contig,1777,1,0,,,1,0,0,0,1,D_dltE_absent
GCF_963920355.1,Lactobacillus delbrueckii,-,Scaffold,1895,1,0,,,1,0,0,0,1,D_dltE_absent
GCF_003545935.1,Lactobacillus delbrueckii,TJA31,Contig,1628,1,0,,,1,0,0,0,1,D_dltE_absent
GCF_002553695.1,Lactobacillus johnsonii,UMNLJ94,Contig,1777,1,1,308,127.6,1,1,0,0,1,C_CYTO
GCF_040267765.1,Lactobacillus delbrueckii subsp. bulgaricus,TCI904,Complete Genome,1643,1,0,,,1,0,0,0,1,D_dltE_absent
GCF_011044195.1,Lactobacillus delbrueckii subsp. bulgaricus,LJJ,Complete Genome,1648,1,0,,,1,0,0,0,1,D_dltE_absent
GCF_021600425.1,Lactobacillus delbrueckii,ME-797,Scaffold,1903,1,0,,,1,0,0,0,1,D_dltE_absent
GCF_023204995.1,Lactobacillus delbrueckii subsp. bulgaricus,VHProbi R03,Complete Genome,1670,1,0,,,1,0,0,0,1,D_dltE_absent
GCF_022509545.1,Lactobacillus delbrueckii,QAULDN61,Scaffold,1734,1,0,,,1,0,0,0,1,D_dltE_absent
GCF_004122955.1,Lactobacillus delbrueckii subsp. bulgaricus,YNF-5,Scaffold,1767,1,0,,,1,0,0,0,1,D_dltE_absent
GCF_006740305.1,Lactobacillus delbrueckii subsp. delbrueckii,NBRC 3202,Complete Genome,1695,1,0,,,1,0,0,0,1,D_dltE_absent
GCF_027681365.1,Lactobacillus delbrueckii,AF61-11pH5A,Scaffold,1861,1,0,,,1,0,0,0,1,D_dltE_absent
GCF_027668465.1,Lactobacillus delbrueckii,AM60-1pH4A,Scaffold,1863,1,0,,,1,0,0,0,1,D_dltE_absent
GCF_021134495.1,Lactobacillus delbrueckii subsp. lactis,DSM 20076,Scaffold,1715,1,0,,,1,0,0,0,1,D_dltE_absent
GCF_021134535.1,Lactobacillus delbrueckii subsp. lactis,DSM 20073,Scaffold,1701,1,0,,,1,0,0,0,1,D_dltE_absent
GCF_963920425.1,Lactobacillus delbrueckii,-,Scaffold,1895,1,0,,,1,0,0,0,1,D_dltE_absent
GCF_030581895.1,Lactobacillus delbrueckii,DPUL-F36,Complete Genome,1703,1,0,,,1,0,0,0,1,D_dltE_absent
GCF_021600565.1,Lactobacillus delbrueckii,ME-789,Scaffold,1809,1,0,,,1,0,0,0,1,D_dltE_absent
GCF_021600365.1,Lactobacillus delbrueckii,ME-800,Scaffold,1863,1,0,,,1,0,0,0,1,D_dltE_absent
GCF_001437195.1,Lactobacillus delbrueckii subsp. bulgaricus ATCC 11842 = JCM 1002,DSM 20081,Scaffold,1641,1,0,,,1,0,0,0,1,D_dltE_absent
GCF_056783115.1,Lactobacillus delbrueckii,K4,Contig,1737,1,0,,,1,0,0,0,1,D_dltE_absent
GCF_000182835.1,Lactobacillus delbrueckii subsp. bulgaricus ND02,ND02,Complete Genome,1903,1,0,,,1,0,0,0,1,D_dltE_absent
GCF_025193525.1,Lactobacillus delbrueckii,CIRM-BIA 865,Contig,1759,1,0,,,1,0,0,0,1,D_dltE_absent
GCF_021133775.1,Lactobacillus delbrueckii subsp. bulgaricus,CIRM BIA 1379,Contig,1651,1,0,,,1,0,0,0,1,D_dltE_absent
GCF_022642945.1,Lactobacillus delbrueckii,L10,Chromosome,1869,1,0,,,1,0,0,0,1,D_dltE_absent
GCF_021133885.1,Lactobacillus delbrueckii subsp. bulgaricus,CIRM BIA 864,Scaffold,1683,1,0,,,1,0,0,0,1,D_dltE_absent
GCF_021133915.1,Lactobacillus delbrueckii subsp. bulgaricus,CIRM BIA 860,Scaffold,1688,1,0,,,1,0,0,0,1,D_dltE_absent
GCF_931185875.1,Lactobacillus delbrueckii subsp. delbrueckii,CIRM-BIA865,Complete Genome,1730,1,0,,,1,0,0,0,1,D_dltE_absent
GCF_027857925.1,Lactobacillus delbrueckii,lbl143,Contig,1871,1,0,,,1,0,0,0,1,D_dltE_absent
GCF_021133735.1,Lactobacillus delbrueckii subsp. bulgaricus,CIRM BIA 1623,Scaffold,1690,1,0,,,1,0,0,0,1,D_dltE_absent
GCF_021600505.1,Lactobacillus delbrueckii,ME-792,Scaffold,1755,1,0,,,1,0,0,0,1,D_dltE_absent
GCF_000192165.1,Lactobacillus delbrueckii subsp. lactis DSM 20072,DSM 20072,Scaffold,1737,1,0,,,1,0,0,0,1,D_dltE_absent
GCF_013249185.1,Lactobacillus delbrueckii subsp. bulgaricus,BIO6744,Contig,1695,1,0,,,1,0,0,0,1,D_dltE_absent
GCF_021134095.1,Lactobacillus delbrueckii subsp. lactis,FAM 24847,Scaffold,1947,1,0,,,1,0,0,0,1,D_dltE_absent
GCF_021600465.1,Lactobacillus delbrueckii,ME-795,Scaffold,1868,1,0,,,1,0,0,0,1,D_dltE_absent
GCF_963920405.1,Lactobacillus delbrueckii,-,Scaffold,1890,1,0,,,1,0,0,0,1,D_dltE_absent
GCF_963920375.1,Lactobacillus delbrueckii,-,Scaffold,1892,1,0,,,1,0,0,0,1,D_dltE_absent
GCF_963920445.1,Lactobacillus delbrueckii,-,Scaffold,1904,1,0,,,1,0,0,0,1,D_dltE_absent
GCF_021134155.1,Lactobacillus delbrueckii subsp. lactis,NCIMB 702468,Scaffold,1735,1,0,,,1,0,0,0,1,D_dltE_absent
GCF_925300675.1,Lactobacillus delbrueckii subsp. bulgaricus,-,Contig,1689,1,0,,,1,0,0,0,1,D_dltE_absent
GCF_021600765.1,Lactobacillus delbrueckii,ME-784,Contig,1926,1,0,,,1,0,0,0,1,D_dltE_absent
GCF_021600585.1,Lactobacillus delbrueckii,ME-788,Scaffold,1923,1,0,,,1,0,0,0,1,D_dltE_absent
GCF_021134295.1,Lactobacillus delbrueckii subsp. lactis,NCIMB 700820,Scaffold,1929,1,0,,,1,0,0,0,1,D_dltE_absent
GCF_048145765.1,Lactobacillus delbrueckii subsp. lactis,LDEL19,Contig,1852,1,0,,,1,0,0,0,1,D_dltE_absent
GCF_021134005.1,Lactobacillus delbrueckii subsp. lactis,FAM 24852,Scaffold,1791,1,0,,,1,0,0,0,1,D_dltE_absent
GCF_048145825.1,Lactobacillus delbrueckii subsp. lactis,LDEL13,Contig,1792,1,0,,,1,0,0,0,1,D_dltE_absent
GCF_053471165.1,Lactobacillus delbrueckii subsp. bulgaricus,Ld1,Scaffold,1934,1,0,,,1,0,0,0,1,D_dltE_absent
GCF_021600245.1,Lactobacillus delbrueckii,ME-808,Contig,1805,1,0,,,1,0,0,0,1,D_dltE_absent
GCF_045033295.1,Lactobacillus delbrueckii subsp. bulgaricus,361,Contig,1634,1,0,,,1,0,0,0,1,D_dltE_absent
GCF_025193725.1,Lactobacillus delbrueckii subsp. bulgaricus,CIRM-BIA 1381,Contig,1673,1,0,,,1,0,0,0,1,D_dltE_absent
GCF_025191985.1,Lactobacillus delbrueckii subsp. lactis,CIRM-BIA 266,Contig,1923,1,0,,,1,0,0,0,1,D_dltE_absent
GCF_006538625.1,Lactobacillus delbrueckii subsp. lactis,NBRC 3376,Contig,1675,1,0,,,1,0,0,0,1,D_dltE_absent
GCF_025193825.1,Lactobacillus delbrueckii subsp. bulgaricus,CIRM-BIA 844,Contig,1663,1,0,,,1,0,0,0,1,D_dltE_absent
GCF_005864055.1,Lactobacillus delbrueckii subsp. bulgaricus,FAM 21277,Contig,1818,1,0,,,1,0,0,0,1,D_dltE_absent
GCF_040883435.1,Lactobacillus delbrueckii subsp. bulgaricus,AM-LB-13,Scaffold,1679,1,0,,,1,0,0,0,1,D_dltE_absent
GCF_030939285.1,Lactobacillus delbrueckii subsp. lactis,VG 2,Contig,1811,1,0,,,1,0,0,0,1,D_dltE_absent
GCF_021135055.1,Lactobacillus delbrueckii subsp. lactis,FAM 21768,Contig,1811,1,0,,,1,0,0,0,1,D_dltE_absent
GCF_005864125.1,Lactobacillus delbrueckii subsp. lactis,FAM 21784,Scaffold,1799,1,0,,,1,0,0,0,1,D_dltE_absent
GCF_027857975.1,Lactobacillus delbrueckii,lbd113,Contig,1712,1,0,,,1,0,0,0,1,D_dltE_absent
GCF_963920395.1,Lactobacillus delbrueckii,-,Scaffold,1897,1,0,,,1,0,0,0,1,D_dltE_absent
GCF_021134115.1,Lactobacillus delbrueckii subsp. lactis,FAM 24848,Scaffold,1874,1,0,,,1,0,0,0,1,D_dltE_absent
GCF_025193465.1,Lactobacillus delbrueckii subsp. lactis,CIRM-BIA 231,Contig,1776,1,0,,,1,0,0,0,1,D_dltE_absent
GCF_058410865.1,Lactobacillus delbrueckii subsp. lactis,LL-G41,Contig,1848,1,0,,,1,0,0,0,1,D_dltE_absent
GCF_027858035.1,Lactobacillus delbrueckii,lbd57,Contig,1855,1,0,,,1,0,0,0,1,D_dltE_absent
GCF_030360925.1,Lactobacillus delbrueckii,TOM.179,Contig,1646,1,0,,,1,0,0,0,1,D_dltE_absent
GCF_056724665.1,Lactobacillus delbrueckii,TLD10-MUM,Contig,1770,1,0,,,1,0,0,0,1,D_dltE_absent
GCF_048145585.1,Lactobacillus delbrueckii subsp. lactis,PR04,Contig,1764,1,0,,,1,0,0,0,1,D_dltE_absent
GCF_030230765.1,Lactobacillus delbrueckii,UMB1112A,Contig,1745,1,0,,,1,0,0,0,1,D_dltE_absent
GCF_027857915.1,Lactobacillus delbrueckii,lbl157,Contig,1807,1,0,,,1,0,0,0,1,D_dltE_absent
GCF_025194445.1,Lactobacillus delbrueckii,CIRM-BIA 908,Contig,1727,1,0,,,1,0,0,0,1,D_dltE_absent
GCF_021135105.1,Lactobacillus delbrueckii subsp. lactis,FAM 21755,Scaffold,1830,1,0,,,1,0,0,0,1,D_dltE_absent
GCF_054888215.1,Lactobacillus delbrueckii,Swine1,Contig,1927,1,0,,,1,0,0,0,1,D_dltE_absent
GCF_042188905.1,Lactobacillus delbrueckii subsp. lactis,L11008,Contig,1804,1,0,,,1,0,0,0,1,D_dltE_absent
GCF_021134815.1,Lactobacillus delbrueckii subsp. lactis,CIRM BIA 229,Scaffold,1980,1,0,,,1,0,0,0,1,D_dltE_absent
GCF_021600345.1,Lactobacillus delbrueckii,ME-801,Scaffold,1853,1,0,,,1,0,0,0,1,D_dltE_absent
GCF_021600605.1,Lactobacillus delbrueckii,ME-787,Scaffold,1881,1,0,,,1,0,0,0,1,D_dltE_absent
GCF_021600485.1,Lactobacillus delbrueckii,ME-793,Scaffold,1873,1,0,,,1,0,0,0,1,D_dltE_absent
GCF_042187675.1,Lactobacillus delbrueckii subsp. lactis,L24786,Contig,1890,1,0,,,1,0,0,0,1,D_dltE_absent
GCF_021134795.1,Lactobacillus delbrueckii subsp. lactis,CIRM BIA 225,Scaffold,1930,1,0,,,1,0,0,0,1,D_dltE_absent
GCF_042188235.1,Lactobacillus delbrueckii subsp. lactis,L24763,Contig,1762,1,0,,,1,0,0,0,1,D_dltE_absent
GCF_025193585.1,Lactobacillus delbrueckii,CIRM-BIA 675,Contig,1642,1,0,,,1,0,0,0,1,D_dltE_absent
GCF_021134475.1,Lactobacillus delbrueckii subsp. lactis,DSM 20355,Contig,1717,1,0,,,1,0,0,0,1,D_dltE_absent
GCF_021135175.1,Lactobacillus delbrueckii subsp. lactis,FAM 21376,Contig,1801,1,0,,,1,0,0,0,1,D_dltE_absent
GCF_042188505.1,Lactobacillus delbrueckii subsp. lactis,L24752,Contig,1762,1,0,,,1,0,0,0,1,D_dltE_absent
GCF_025193425.1,Lactobacillus delbrueckii subsp. lactis,CIRM-BIA 1366,Contig,1847,1,0,,,1,0,0,0,1,D_dltE_absent
GCF_021134675.1,Lactobacillus delbrueckii subsp. lactis,CIRM BIA 265,Scaffold,1916,1,0,,,1,0,0,0,1,D_dltE_absent
GCF_021600905.1,Lactobacillus delbrueckii,ME-782,Scaffold,1920,1,0,,,1,0,0,0,1,D_dltE_absent
GCF_002847905.1,Lactobacillus delbrueckii,UMB0003,Scaffold,1918,1,0,,,1,0,0,0,1,D_dltE_absent
GCF_042188725.1,Lactobacillus delbrueckii subsp. lactis,L12080,Scaffold,1791,1,0,,,1,0,0,0,1,D_dltE_absent
GCF_021135515.1,Lactobacillus delbrueckii subsp. lactis,FAM 10991,Contig,1801,1,0,,,1,0,0,0,1,D_dltE_absent
GCF_021135395.1,Lactobacillus delbrueckii subsp. lactis,FAM 11142,Contig,1826,1,0,,,1,0,0,0,1,D_dltE_absent
GCF_042188045.1,Lactobacillus delbrueckii subsp. lactis,L24769,Contig,1779,1,0,,,1,0,0,0,1,D_dltE_absent
GCF_021134135.1,Lactobacillus delbrueckii subsp. lactis,NCIMB 702469,Scaffold,1603,1,0,,,1,0,0,0,1,D_dltE_absent
GCF_042188835.1,Lactobacillus delbrueckii subsp. lactis,L11021,Contig,1814,1,0,,,1,0,0,0,1,D_dltE_absent
GCF_963920295.1,Lactobacillus delbrueckii,-,Scaffold,1889,1,0,,,1,0,0,0,1,D_dltE_absent
GCF_021134885.1,Lactobacillus delbrueckii subsp. lactis,FAM 22332,Contig,1793,1,0,,,1,0,0,0,1,D_dltE_absent
GCF_029715525.1,Lactobacillus delbrueckii,S9 5010-2,Contig,1877,1,0,,,1,0,0,0,1,D_dltE_absent
GCF_042188205.1,Lactobacillus delbrueckii subsp. lactis,L24765,Contig,1791,1,0,,,1,0,0,0,1,D_dltE_absent
GCF_054504325.1,Lactobacillus delbrueckii subsp. lactis,1932,Contig,1873,1,0,,,1,0,0,0,1,D_dltE_absent
GCF_021135275.1,Lactobacillus delbrueckii subsp. lactis,FAM 12109,Scaffold,1803,1,0,,,1,0,0,0,1,D_dltE_absent
GCF_042188215.1,Lactobacillus delbrueckii subsp. lactis,L24766,Contig,1794,1,0,,,1,0,0,0,1,D_dltE_absent
GCF_017367805.1,Lactobacillus delbrueckii subsp. lactis,11141,Scaffold,1793,1,0,,,1,0,0,0,1,D_dltE_absent
GCF_021134765.1,Lactobacillus delbrueckii subsp. lactis,CIP 110109,Scaffold,1798,1,0,,,1,0,0,0,1,D_dltE_absent
GCF_021600185.1,Lactobacillus delbrueckii,ME-803,Scaffold,1854,1,0,,,1,0,0,0,1,D_dltE_absent
GCF_004211505.1,Lactobacillus delbrueckii,LDELB18P1,Contig,1843,1,0,,,1,0,0,0,1,D_dltE_absent
GCF_017367605.1,Lactobacillus delbrueckii subsp. lactis,24776,Contig,1789,1,0,,,1,0,0,0,1,D_dltE_absent
GCF_021135255.1,Lactobacillus delbrueckii subsp. lactis,FAM 19994,Scaffold,1875,1,0,,,1,0,0,0,1,D_dltE_absent
GCF_021600445.1,Lactobacillus delbrueckii,ME-796,Scaffold,1944,1,0,,,1,0,0,0,1,D_dltE_absent
GCF_017367685.1,Lactobacillus delbrueckii subsp. lactis,12107,Scaffold,1808,1,0,,,1,0,0,0,1,D_dltE_absent
GCF_017367445.1,Lactobacillus delbrueckii subsp. lactis,24783,Contig,1779,1,0,,,1,0,0,0,1,D_dltE_absent
GCF_021600205.1,Lactobacillus delbrueckii,ME-806,Scaffold,1816,1,0,,,1,0,0,0,1,D_dltE_absent
GCF_048145705.1,Lactobacillus delbrueckii subsp. lactis,LDEL28,Contig,1844,1,0,,,1,0,0,0,1,D_dltE_absent
GCF_021135375.1,Lactobacillus delbrueckii subsp. lactis,FAM 12062,Scaffold,1783,1,0,,,1,0,0,0,1,D_dltE_absent
GCF_022509495.1,Lactobacillus delbrueckii,QAULDN14,Scaffold,1795,1,0,,,1,0,0,0,1,D_dltE_absent
GCF_021134335.1,Lactobacillus delbrueckii subsp. lactis,NCIMB 8882,Scaffold,1892,1,0,,,1,0,0,0,1,D_dltE_absent
GCF_042187845.1,Lactobacillus delbrueckii subsp. lactis,L24784,Contig,1785,1,0,,,1,0,0,0,1,D_dltE_absent
GCF_028655675.1,Lactobacillus delbrueckii subsp. lactis,A4,Contig,1745,1,0,,,1,0,0,0,1,D_dltE_absent
GCF_025193975.1,Lactobacillus delbrueckii,CIRM-BIA 313,Contig,1640,1,0,,,1,0,0,0,1,D_dltE_absent
GCF_042188795.1,Lactobacillus delbrueckii subsp. lactis,L11049,Contig,1767,1,0,,,1,0,0,0,1,D_dltE_absent
GCF_042187545.1,Lactobacillus delbrueckii subsp. lactis,L24794,Contig,1774,1,0,,,1,0,0,0,1,D_dltE_absent
GCF_042187725.1,Lactobacillus delbrueckii subsp. lactis,L24785,Contig,1772,1,0,,,1,0,0,0,1,D_dltE_absent
GCF_021135435.1,Lactobacillus delbrueckii subsp. lactis,FAM 11108,Contig,1793,1,0,,,1,0,0,0,1,D_dltE_absent
GCF_021134505.1,Lactobacillus delbrueckii subsp. lactis,CIRM BIA 1372,Contig,1828,1,0,,,1,0,0,0,1,D_dltE_absent
GCF_042188025.1,Lactobacillus delbrueckii subsp. lactis,L24767,Contig,1738,1,0,,,1,0,0,0,1,D_dltE_absent
GCF_017367745.1,Lactobacillus delbrueckii subsp. lactis,11143,Scaffold,1810,1,0,,,1,0,0,0,1,D_dltE_absent
GCF_021134075.1,Lactobacillus delbrueckii subsp. lactis,FAM 24849,Scaffold,1795,1,0,,,1,0,0,0,1,D_dltE_absent
GCF_048145425.1,Lactobacillus delbrueckii subsp. lactis,PR06,Contig,1747,1,0,,,1,0,0,0,1,D_dltE_absent
GCF_021135555.1,Lactobacillus delbrueckii subsp. lactis,FAM 10980,Contig,1855,1,0,,,1,0,0,0,1,D_dltE_absent
GCF_026891305.1,Lactobacillus delbrueckii subsp. lactis,PR-9,Contig,1838,1,0,,,1,0,0,0,1,D_dltE_absent
GCF_021134055.1,Lactobacillus delbrueckii subsp. lactis,FAM 24851,Scaffold,1899,1,0,,,1,0,0,0,1,D_dltE_absent
GCF_017367825.1,Lactobacillus delbrueckii subsp. lactis,11142,Contig,1822,1,0,,,1,0,0,0,1,D_dltE_absent
GCF_021134185.1,Lactobacillus delbrueckii subsp. lactis,NCIMB 702467,Scaffold,2018,1,0,,,1,0,0,0,1,D_dltE_absent
GCF_042188885.1,Lactobacillus delbrueckii subsp. lactis,L11009,Scaffold,1788,1,0,,,1,0,0,0,1,D_dltE_absent
GCF_021134255.1,Lactobacillus delbrueckii subsp. lactis,NCIMB 702465,Contig,1799,1,0,,,1,0,0,0,1,D_dltE_absent
GCF_042188485.1,Lactobacillus delbrueckii subsp. lactis,L24753,Contig,1799,1,0,,,1,0,0,0,1,D_dltE_absent
GCF_048145435.1,Lactobacillus delbrueckii subsp. lactis,PR11,Contig,1841,1,0,,,1,0,0,0,1,D_dltE_absent
GCF_021135295.1,Lactobacillus delbrueckii subsp. lactis,FAM 18834,Scaffold,1818,1,0,,,1,0,0,0,1,D_dltE_absent
GCF_021135315.1,Lactobacillus delbrueckii subsp. lactis,FAM 19699,Contig,1799,1,0,,,1,0,0,0,1,D_dltE_absent
GCF_021135025.1,Lactobacillus delbrueckii subsp. lactis,FAM 21769,Contig,1819,1,0,,,1,0,0,0,1,D_dltE_absent
GCF_042188275.1,Lactobacillus delbrueckii subsp. lactis,L24764,Contig,1761,1,0,,,1,0,0,0,1,D_dltE_absent
GCF_042188405.1,Lactobacillus delbrueckii subsp. lactis,L24760,Contig,1767,1,0,,,1,0,0,0,1,D_dltE_absent
GCF_025193505.1,Lactobacillus delbrueckii subsp. lactis,CIRM-BIA 277,Contig,1842,1,0,,,1,0,0,0,1,D_dltE_absent
GCF_021135535.1,Lactobacillus delbrueckii subsp. lactis,FAM 11021,Contig,1819,1,0,,,1,0,0,0,1,D_dltE_absent
GCF_042188495.1,Lactobacillus delbrueckii subsp. lactis,L21769,Contig,1792,1,0,,,1,0,0,0,1,D_dltE_absent
GCF_042188865.1,Lactobacillus delbrueckii subsp. lactis,L11017,Scaffold,1811,1,0,,,1,0,0,0,1,D_dltE_absent
GCF_017367505.1,Lactobacillus delbrueckii subsp. lactis,24782,Contig,1727,1,0,,,1,0,0,0,1,D_dltE_absent
GCF_017367705.1,Lactobacillus delbrueckii subsp. lactis,12104,Contig,1795,1,0,,,1,0,0,0,1,D_dltE_absent
GCF_025122525.1,Lactobacillus delbrueckii subsp. lactis,CIRM-BIA 229,Contig,1913,1,0,,,1,0,0,0,1,D_dltE_absent
GCF_017367365.1,Lactobacillus delbrueckii subsp. lactis,24798,Contig,1783,1,0,,,1,0,0,0,1,D_dltE_absent
GCF_042188055.1,Lactobacillus delbrueckii subsp. lactis,L24771,Contig,1788,1,0,,,1,0,0,0,1,D_dltE_absent
GCF_042189015.1,Lactobacillus delbrueckii subsp. lactis,L10973,Scaffold,1795,1,0,,,1,0,0,0,1,D_dltE_absent
GCF_021134435.1,Lactobacillus delbrueckii subsp. lactis,NCIMB 8140,Scaffold,1788,1,0,,,0,0,0,0,1,D_dltE_absent
GCF_021135335.1,Lactobacillus delbrueckii subsp. lactis,FAM 12107,Scaffold,1829,1,0,,,1,0,0,0,1,D_dltE_absent
GCF_017367645.1,Lactobacillus delbrueckii subsp. lactis,12109,Scaffold,1790,1,0,,,1,0,0,0,1,D_dltE_absent
GCF_021135355.1,Lactobacillus delbrueckii subsp. lactis,FAM 12103,Contig,1819,1,0,,,1,0,0,0,1,D_dltE_absent
GCF_017367525.1,Lactobacillus delbrueckii subsp. lactis,24780,Contig,1781,1,0,,,1,0,0,0,1,D_dltE_absent
GCF_042187575.1,Lactobacillus delbrueckii subsp. lactis,L24792,Contig,1762,1,0,,,1,0,0,0,1,D_dltE_absent
GCF_025122515.1,Lactobacillus delbrueckii subsp. lactis,CIRM-BIA 225,Contig,1875,1,0,,,1,0,0,0,1,D_dltE_absent
GCF_042188705.1,Lactobacillus delbrueckii subsp. lactis,L21277,Contig,1809,1,0,,,1,0,0,0,1,D_dltE_absent
GCF_021135475.1,Lactobacillus delbrueckii subsp. lactis,FAM 11036,Contig,1827,1,0,,,1,0,0,0,1,D_dltE_absent
GCF_042187325.1,Lactobacillus delbrueckii subsp. lactis,L24795,Contig,1765,1,0,,,1,0,0,0,1,D_dltE_absent
GCF_021134915.1,Lactobacillus delbrueckii subsp. lactis,FAM 22274,Contig,1723,1,0,,,1,0,0,0,1,D_dltE_absent
GCF_021135015.1,Lactobacillus delbrueckii subsp. lactis,FAM 21781,Contig,1772,1,0,,,1,0,0,0,1,D_dltE_absent
GCF_025193745.1,Lactobacillus delbrueckii subsp. lactis,CIRM-BIA 1368,Contig,1809,1,0,,,1,0,0,0,1,D_dltE_absent
GCF_042188995.1,Lactobacillus delbrueckii subsp. lactis,L10980,Contig,1850,1,0,,,1,0,0,0,1,D_dltE_absent
GCF_021134415.1,Lactobacillus delbrueckii subsp. lactis,NCIMB 8170,Contig,1782,1,0,,,1,0,0,0,1,D_dltE_absent
GCF_042187425.1,Lactobacillus delbrueckii subsp. lactis,L24797,Contig,1759,1,0,,,1,0,0,0,1,D_dltE_absent
GCF_042188685.1,Lactobacillus delbrueckii subsp. lactis,L12062,Scaffold,1788,1,0,,,1,0,0,0,1,D_dltE_absent
GCF_042187775.1,Lactobacillus delbrueckii subsp. lactis,L24773,Contig,1779,1,0,,,1,0,0,0,1,D_dltE_absent
GCF_042188035.1,Lactobacillus delbrueckii subsp. lactis,L24770,Contig,1800,1,0,,,1,0,0,0,1,D_dltE_absent
GCF_042188075.1,Lactobacillus delbrueckii subsp. lactis,L24768,Contig,1789,1,0,,,1,0,0,0,1,D_dltE_absent
GCF_042188785.1,Lactobacillus delbrueckii subsp. lactis,L11071,Scaffold,1793,1,0,,,1,0,0,0,1,D_dltE_absent
GCF_025193625.1,Lactobacillus delbrueckii subsp. lactis,CIRM-BIA 220,Contig,1791,1,0,,,1,0,0,0,1,D_dltE_absent
GCF_021135455.1,Lactobacillus delbrueckii subsp. lactis,FAM 11075,Contig,1774,1,0,,,1,0,0,0,1,D_dltE_absent
GCF_021134215.1,Lactobacillus delbrueckii subsp. lactis,NCIMB 701437,Contig,1763,1,0,,,1,0,0,0,1,D_dltE_absent
GCF_021134875.1,Lactobacillus delbrueckii subsp. lactis,FAM 24199,Scaffold,1817,1,0,,,1,0,0,0,1,D_dltE_absent
GCF_042187925.1,Lactobacillus delbrueckii subsp. lactis,L24772,Contig,1764,1,0,,,1,0,0,0,1,D_dltE_absent
GCF_021134635.1,Lactobacillus delbrueckii subsp. lactis,CIRM BIA 269,Scaffold,1798,1,0,,,1,0,0,0,1,D_dltE_absent
GCF_042187795.1,Lactobacillus delbrueckii subsp. lactis,L24775,Contig,1787,1,0,,,1,0,0,0,1,D_dltE_absent
GCF_021134175.1,Lactobacillus delbrueckii subsp. lactis,NCIMB 702466,Contig,1823,1,0,,,1,0,0,0,1,D_dltE_absent
GCF_021133855.1,Lactobacillus delbrueckii subsp. lactis,CIRM BIA 1375,Scaffold,1751,1,0,,,1,0,0,0,1,D_dltE_absent
GCF_030939355.1,Lactobacillus delbrueckii subsp. lactis,MK 13-1,Contig,1554,1,0,,,1,0,0,0,1,D_dltE_absent
GCF_021134995.1,Lactobacillus delbrueckii subsp. lactis,FAM 22091,Scaffold,1750,1,0,,,1,0,0,0,1,D_dltE_absent
GCF_006538685.1,Lactobacillus delbrueckii subsp. lactis,NBRC 3734,Contig,1702,1,0,,,1,0,0,0,1,D_dltE_absent
GCF_030971315.1,Lactobacillus delbrueckii subsp. lactis,DRD-74,Scaffold,1761,1,0,,,1,0,0,0,1,D_dltE_absent
GCF_006538645.1,Lactobacillus delbrueckii subsp. delbrueckii,NBRC 3534,Contig,1667,1,0,,,1,0,0,0,1,D_dltE_absent
GCF_021134455.1,Lactobacillus delbrueckii subsp. lactis,NCIMB 7278,Contig,1775,1,0,,,1,0,0,0,1,D_dltE_absent
GCF_042188755.1,Lactobacillus delbrueckii subsp. lactis,L11075,Contig,1767,1,0,,,1,0,0,0,1,D_dltE_absent
GCF_017367585.1,Lactobacillus delbrueckii subsp. lactis,24778,Contig,1764,1,0,,,1,0,0,0,1,D_dltE_absent
GCF_021601025.1,Lactobacillus delbrueckii subsp. allosunkii,NRIC 0766,Scaffold,1828,1,0,,,1,0,0,0,1,D_dltE_absent
GCF_025193755.1,Lactobacillus delbrueckii subsp. lactis,CIRM-BIA 1370,Contig,1801,1,0,,,1,0,0,0,1,D_dltE_absent
GCF_048145325.1,Lactobacillus delbrueckii subsp. allosunkii,PR20,Contig,1809,1,0,,,1,0,0,0,1,D_dltE_absent
GCF_048145345.1,Lactobacillus delbrueckii subsp. allosunkii,PR17,Contig,1821,1,0,,,1,0,0,0,1,D_dltE_absent
GCF_021135205.1,Lactobacillus delbrueckii subsp. lactis,FAM 20544,Scaffold,1788,1,0,,,1,0,0,0,1,D_dltE_absent
GCF_048145645.1,Lactobacillus delbrueckii subsp. allosunkii,LDEL29,Contig,1871,1,0,,,1,0,0,0,1,D_dltE_absent
GCF_048145045.1,Lactobacillus delbrueckii subsp. allosunkii,PR27,Contig,1836,1,0,,,1,0,0,0,1,D_dltE_absent
GCF_048145845.1,Lactobacillus delbrueckii subsp. allosunkii,LDEL11,Contig,1825,1,0,,,1,0,0,0,1,D_dltE_absent
GCF_021134975.1,Lactobacillus delbrueckii subsp. lactis,FAM 22092,Contig,1735,1,0,,,1,0,0,0,1,D_dltE_absent
GCF_048144805.1,Lactobacillus delbrueckii subsp. allosunkii,PR34,Contig,1788,1,0,,,1,0,0,0,1,D_dltE_absent
GCF_021134375.1,Lactobacillus delbrueckii subsp. lactis,NCIMB 8011,Contig,1757,1,0,,,1,0,0,0,1,D_dltE_absent
GCF_030939405.1,Lactobacillus delbrueckii subsp. allosunkii,VG 1,Contig,1812,1,0,,,1,0,0,0,1,D_dltE_absent
GCF_048145805.1,Lactobacillus delbrueckii subsp. allosunkii,LDEL14,Contig,1856,1,0,,,1,0,0,0,1,D_dltE_absent
GCF_021134545.1,Lactobacillus delbrueckii subsp. lactis,CIRM BIA 1374,Scaffold,1752,1,0,,,1,0,0,0,1,D_dltE_absent
GCF_048145485.1,Lactobacillus delbrueckii subsp. allosunkii,PR12,Contig,1857,1,0,,,1,0,0,0,1,D_dltE_absent
GCF_048144965.1,Lactobacillus delbrueckii subsp. allosunkii,PR30,Contig,1772,1,0,,,1,0,0,0,1,D_dltE_absent
GCF_025193545.1,Lactobacillus delbrueckii subsp. lactis,CIRM-BIA 269,Contig,1748,1,0,,,1,0,0,0,1,D_dltE_absent
GCF_048145685.1,Lactobacillus delbrueckii subsp. allosunkii,LDEL32,Contig,1930,1,0,,,1,0,0,0,1,D_dltE_absent
GCF_048145405.1,Lactobacillus delbrueckii subsp. allosunkii,PR15,Contig,1779,1,0,,,1,0,0,0,1,D_dltE_absent
GCF_048145135.1,Lactobacillus delbrueckii subsp. allosunkii,PR24,Contig,1923,1,0,,,1,0,0,0,1,D_dltE_absent
GCF_021134645.1,Lactobacillus delbrueckii subsp. allosunkii,CIRM BIA 266,Scaffold,1937,1,0,,,1,0,0,0,1,D_dltE_absent
GCF_000284695.1,Lactobacillus delbrueckii subsp. bulgaricus CNCM I-1632,CNCM I-1632,Contig,1660,1,0,,,1,0,0,0,1,D_dltE_absent
GCF_026769315.1,Lactobacillus delbrueckii subsp. indicus,DC3,Contig,1697,1,0,,,1,0,0,0,1,D_dltE_absent
GCF_000284715.1,Lactobacillus delbrueckii subsp. bulgaricus CNCM I-1519,CNCM I-1519,Contig,1722,1,0,,,1,0,0,0,1,D_dltE_absent
GCF_024972875.1,Lactobacillus paragasseri,CRI18,Chromosome,1786,1,1,308,131.9,1,1,1,0,1,C_CYTO
GCF_048145605.1,Lactobacillus delbrueckii subsp. allosunkii,PR03,Contig,1808,1,0,,,1,0,0,0,1,D_dltE_absent
GCF_017498665.1,Lactobacillus paragasseri,HL75,Complete Genome,1766,1,1,308,133.7,1,1,1,0,1,C_CYTO
GCF_024972895.1,Lactobacillus paragasseri,CRI16,Chromosome,1777,1,1,308,131.4,1,1,1,0,1,C_CYTO
GCF_978043485.1,Lactobacillus paragasseri,-,Contig,1833,1,1,308,131.4,1,1,1,0,1,C_CYTO
GCF_900636895.1,Lactobacillus paragasseri,NCTC13720,Complete Genome,1817,1,1,308,133.5,1,1,1,0,1,C_CYTO
GCF_003307275.1,Lactobacillus paragasseri,JCM 5343,Contig,1756,1,1,308,131.4,1,1,1,0,1,C_CYTO
GCF_048145385.1,Lactobacillus delbrueckii subsp. allosunkii,PR16,Contig,1864,1,0,,,1,0,0,0,1,D_dltE_absent
GCF_048145725.1,Lactobacillus delbrueckii subsp. allosunkii,LDEL24,Contig,1803,1,0,,,1,0,0,0,1,D_dltE_absent
GCF_029823055.1,Lactobacillus paragasseri,LMG 11478,Contig,1749,1,1,308,131.4,1,1,1,0,1,C_CYTO
GCF_025193705.1,Lactobacillus delbrueckii subsp. lactis,CIRM-BIA 1374,Contig,1713,1,0,,,1,0,0,0,1,D_dltE_absent
GCF_002884735.1,Lactobacillus paragasseri,UMB0056,Contig,1738,1,1,308,131.4,1,1,1,0,1,C_CYTO
GCF_048145745.1,Lactobacillus delbrueckii subsp. allosunkii,LDEL22,Contig,1852,1,0,,,1,0,0,0,1,D_dltE_absent
GCF_048145265.1,Lactobacillus delbrueckii subsp. allosunkii,PR21,Contig,1830,1,0,,,1,0,0,0,1,D_dltE_absent
GCF_978043825.1,Lactobacillus paragasseri,-,Contig,1827,1,1,308,131.4,1,1,1,0,1,C_CYTO
GCF_978042985.1,Lactobacillus paragasseri,-,Contig,1814,1,1,308,133.5,1,1,1,0,1,C_CYTO
GCF_002863455.1,Lactobacillus paragasseri,UMB0099,Contig,1798,1,1,308,131.4,1,1,1,0,1,C_CYTO
GCF_047944955.1,Lactobacillus paragasseri,P0993,Contig,1761,1,1,308,131.4,1,1,1,0,1,C_CYTO
GCF_048145915.1,Lactobacillus delbrueckii subsp. allosunkii,LDEL02,Contig,1871,1,0,,,1,0,0,0,1,D_dltE_absent
GCF_025491465.1,Lactobacillus paragasseri,BRTN,Scaffold,1940,1,1,308,131.4,1,1,1,0,1,C_CYTO
GCF_000409675.1,Lactobacillus delbrueckii subsp. lactis CRL581,CRL581,Scaffold,1739,1,0,,,0,0,0,0,1,D_dltE_absent
GCF_048145505.1,Lactobacillus delbrueckii subsp. allosunkii,PR08,Contig,1886,1,0,,,1,0,0,0,1,D_dltE_absent
GCF_978042195.1,Lactobacillus paragasseri,-,Contig,1771,1,1,308,133.5,1,1,1,0,1,C_CYTO
GCF_048144985.1,Lactobacillus delbrueckii subsp. allosunkii,PR29,Contig,1862,1,0,,,1,0,0,0,1,D_dltE_absent
GCF_002007185.1,Lactobacillus paragasseri,AL3,Scaffold,1826,1,1,308,131.4,1,1,1,0,1,C_CYTO
GCF_028882155.1,Lactobacillus paragasseri,A4-2-12,Scaffold,1955,1,1,308,131.9,1,1,1,0,1,C_CYTO
GCF_048145005.1,Lactobacillus delbrueckii subsp. allosunkii,PR33,Contig,1828,1,0,,,1,0,0,0,1,D_dltE_absent
GCF_015552765.1,Lactobacillus paragasseri,J1101004_170508_E2,Scaffold,1733,1,1,308,131.4,1,1,1,0,1,C_CYTO
GCF_048145865.1,Lactobacillus delbrueckii subsp. allosunkii,LDEL10,Contig,1944,1,0,,,1,0,0,0,1,D_dltE_absent
GCF_028882125.1,Lactobacillus paragasseri,A8-1-17-13,Scaffold,1848,1,1,308,131.9,1,1,1,0,1,C_CYTO
GCF_045159885.1,Lactobacillus paragasseri,LGZ1029,Complete Genome,1869,1,1,308,130.5,1,1,1,0,1,C_CYTO
GCF_032376475.1,Lactobacillus paragasseri,UMB3776,Contig,1753,1,1,308,131.9,1,1,1,0,1,C_CYTO
GCF_033804345.1,Lactobacillus paragasseri,UMB1891,Contig,1870,1,1,308,130.5,1,1,1,0,1,C_CYTO
GCF_048145465.1,Lactobacillus delbrueckii subsp. allosunkii,PR10,Contig,1861,1,0,,,1,0,0,0,1,D_dltE_absent
GCF_002003555.1,Lactobacillus paragasseri,AL5,Scaffold,1842,1,1,308,133.5,1,1,1,0,1,C_CYTO
GCF_007785845.1,Lactobacillus paragasseri,UMB6975,Scaffold,1995,1,1,308,133.5,1,1,1,0,1,C_CYTO
GCF_057405045.1,Lactobacillus paragasseri,LGCM41_LG,Scaffold,1959,1,1,308,131.9,1,1,1,0,1,C_CYTO
GCF_039751075.1,Lactobacillus paragasseri,RTP21428st1_H1_RTP21428_210409,Scaffold,1789,1,1,308,131.4,1,1,1,0,1,C_CYTO
GCF_059552115.1,Lactobacillus paragasseri,LJ1,Contig,1763,1,1,308,130.5,1,1,1,0,1,C_CYTO
GCF_056585515.1,Lactobacillus paragasseri,C0164A2,Contig,1843,1,1,308,131.4,1,1,1,0,1,C_CYTO
GCF_048145785.1,Lactobacillus delbrueckii subsp. allosunkii,LDEL21,Contig,1815,1,0,,,1,0,0,0,1,D_dltE_absent
GCF_978042255.1,Lactobacillus paragasseri,-,Contig,1762,1,1,308,131.4,1,1,1,0,1,C_CYTO
GCF_018588245.1,Lactobacillus paragasseri,ADH,Scaffold,1875,1,1,308,131.4,1,1,1,0,1,C_CYTO
GCF_032248535.1,Lactobacillus paragasseri,BBM171,Contig,1934,1,1,308,130.5,1,1,1,0,1,C_CYTO
GCF_023523445.1,Lactobacillus amylovorus,S1,Complete Genome,1945,1,1,313,128.3,1,1,0,0,1,C_CYTO
GCF_033804405.1,Lactobacillus paragasseri,UMB2003,Contig,1872,1,1,308,130.5,1,1,1,0,1,C_CYTO
GCF_054658495.1,Lactobacillus paragasseri,VLG4,Scaffold,1806,1,1,308,130.5,1,1,1,0,1,C_CYTO
GCF_033804185.1,Lactobacillus paragasseri,UMB4892,Contig,1815,1,1,308,131.4,1,1,1,0,1,C_CYTO
GCF_925278945.1,Lactobacillus paragasseri,-,Contig,1799,1,1,308,134.6,1,1,1,0,1,C_CYTO
GCF_024972915.1,Lactobacillus paragasseri,CRI22,Chromosome,1777,1,1,308,131.4,1,1,1,0,1,C_CYTO
GCF_048145165.1,Lactobacillus delbrueckii subsp. allosunkii,PR23,Contig,1792,1,0,,,1,0,0,0,1,D_dltE_absent
GCF_033804205.1,Lactobacillus paragasseri,UMB4908,Contig,1818,1,1,308,131.4,1,1,1,0,1,C_CYTO
GCF_978041965.1,Lactobacillus paragasseri,-,Contig,1760,1,1,308,131.4,1,1,1,0,1,C_CYTO
GCF_028864285.1,Lactobacillus paragasseri,100-2021-13,Contig,1809,1,1,308,131.4,1,1,1,0,1,C_CYTO
GCF_048145525.1,Lactobacillus delbrueckii subsp. allosunkii,PR02,Contig,1716,1,0,,,1,0,0,0,1,D_dltE_absent
GCF_018728605.1,Lactobacillus paragasseri,LM19,Contig,1845,1,1,308,131.4,1,1,1,0,1,C_CYTO
GCF_059445645.1,Lactobacillus amylovorus,SPR1000,Scaffold,1772,1,1,313,132.4,1,1,1,0,1,C_CYTO
GCF_978043875.1,Lactobacillus paragasseri,-,Contig,1810,1,1,308,131.4,1,1,1,0,1,C_CYTO
GCF_033804225.1,Lactobacillus paragasseri,UMB3564,Contig,1755,1,1,308,129.6,1,1,0,0,1,C_CYTO
GCF_006384175.1,Lactobacillus amylovorus,PMRA3,Chromosome,1921,1,1,313,131.1,1,1,1,0,0,C_CYTO
GCF_003584685.1,Lactobacillus paragasseri,JCM 5343,Complete Genome,1749,1,1,308,131.4,1,1,1,0,1,C_CYTO
GCF_000143645.1,Lactobacillus paragasseri JV-V03,JV-V03,Scaffold,1880,1,1,308,131.4,1,1,1,0,1,C_CYTO
GCF_033803705.1,Lactobacillus paragasseri,UMB6098,Contig,1831,1,1,308,131.4,1,1,1,0,1,C_CYTO
GCF_009734365.1,Lactobacillus paragasseri,NCK1347,Chromosome,1722,1,1,308,131.9,1,1,1,0,1,C_CYTO
GCF_001433985.1,Lactobacillus amylovorus DSM 20531,DSM 20531,Scaffold,1904,1,1,313,134.3,1,1,1,0,1,C_CYTO
GCF_030546315.1,Lactobacillus paragasseri,GP0003,Contig,1902,1,1,308,131.4,1,1,1,0,1,C_CYTO
GCF_056588655.1,Lactobacillus paragasseri,C0015A5,Contig,1873,1,1,308,130.5,1,1,1,0,1,C_CYTO
GCF_964656055.1,Lactobacillus paragasseri,-,Contig,1745,1,1,308,129.2,1,1,0,0,1,C_CYTO
GCF_056586435.1,Lactobacillus paragasseri,C0072A1,Contig,1765,1,1,308,131.4,1,1,1,0,1,C_CYTO
GCF_028308895.1,Lactobacillus amylovorus,M583A,Contig,1896,1,1,313,128.3,1,1,0,0,1,C_CYTO
GCF_030216525.1,Lactobacillus paragasseri,UMB6880,Contig,1776,1,1,308,131.4,1,1,1,0,1,C_CYTO
GCF_059445805.1,Lactobacillus amylovorus,HZS23,Scaffold,1715,1,1,313,131.0,1,1,1,0,1,C_CYTO
GCF_059445625.1,Lactobacillus amylovorus,SPR527,Scaffold,1826,1,1,313,130.5,1,1,1,0,1,C_CYTO
GCF_033803765.1,Lactobacillus paragasseri,UMB6107,Contig,1890,1,1,308,131.9,1,1,1,0,1,C_CYTO
GCF_028308325.1,Lactobacillus amylovorus,M1020A,Contig,1828,1,1,313,128.3,1,1,0,0,1,C_CYTO
GCF_028309095.1,Lactobacillus amylovorus,350A,Contig,1854,1,1,313,127.3,1,1,0,0,1,C_CYTO
GCF_015560405.1,Lactobacillus paragasseri,D6t1_180914_C1,Scaffold,1877,1,1,308,131.9,1,1,1,0,1,C_CYTO
GCF_052221105.1,Lactobacillus paragasseri,J1_ID 2029,Contig,1894,1,1,308,133.5,1,1,1,0,1,C_CYTO
GCF_978043675.1,Lactobacillus paragasseri,-,Contig,1809,1,1,308,131.4,1,1,1,0,1,C_CYTO
GCF_028308955.1,Lactobacillus amylovorus,M490A,Contig,2006,1,1,313,127.3,1,1,0,0,1,C_CYTO
GCF_028308945.1,Lactobacillus amylovorus,M492A,Contig,1686,1,1,313,128.7,1,1,0,0,1,C_CYTO
GCF_033804385.1,Lactobacillus paragasseri,UMB2014,Contig,1874,1,1,308,130.5,1,1,1,0,1,C_CYTO
GCF_028882165.1,Lactobacillus paragasseri,A8-1-14-17,Scaffold,1862,1,1,308,131.9,1,1,1,0,1,C_CYTO
GCF_052116565.1,Lactobacillus amylovorus,Sow4_C2,Contig,1750,1,1,313,127.1,1,1,0,0,1,C_CYTO
GCF_033804165.1,Lactobacillus paragasseri,UMB4898,Contig,1816,1,1,308,131.4,1,1,1,0,1,C_CYTO
GCF_014269295.2,Lactobacillus paragasseri,UBLG-36,Scaffold,1813,1,1,308,130.5,1,1,1,0,1,C_CYTO
GCF_027977705.1,Lactobacillus amylovorus,M597AA,Contig,1975,1,1,313,130.1,1,1,1,0,1,C_CYTO
GCF_003307255.1,Lactobacillus paragasseri,JCM 1130,Scaffold,1882,1,1,308,131.4,1,1,1,0,1,C_CYTO
GCF_027681345.1,Lactobacillus paragasseri,AF61-17pH5T,Scaffold,1827,1,1,308,131.4,1,1,1,0,1,C_CYTO
GCF_054658535.1,Lactobacillus paragasseri,VLG2,Scaffold,1808,1,1,308,130.5,1,1,1,0,1,C_CYTO
GCF_033803725.1,Lactobacillus paragasseri,UMB7013,Contig,1799,1,1,308,131.4,1,1,1,0,1,C_CYTO
GCF_000191545.1,Lactobacillus amylovorus,30SC,Complete Genome,1932,1,1,313,128.3,1,1,0,0,1,C_CYTO
GCF_019972195.1,Lactobacillus paragasseri,JCM 11657,Contig,1797,1,1,308,131.4,1,1,1,0,1,C_CYTO
GCF_019459585.1,Lactobacillus paragasseri,UBLG-36,Scaffold,1806,1,1,308,133.7,1,1,1,0,1,C_CYTO
GCF_027697865.1,Lactobacillus amylovorus,AM96-01M3TA,Scaffold,1834,1,1,313,128.7,1,1,0,0,1,C_CYTO
GCF_022642685.1,Lactobacillus amylovorus,L4,Chromosome,1825,1,1,313,128.1,1,1,0,0,1,C_CYTO
GCF_056585595.1,Lactobacillus paragasseri,C0163A4,Contig,1837,1,1,308,131.4,1,1,1,0,1,C_CYTO
GCF_053547575.1,Lactobacillus amylovorus,11266D007DM,Contig,1848,1,1,313,131.6,1,1,1,0,1,C_CYTO
GCF_001063505.1,Lactobacillus paragasseri,497_LGAS,Scaffold,1896,1,1,308,131.9,1,1,1,0,1,C_CYTO
GCF_049204835.1,Lactobacillus paragasseri,IATA126,Contig,1764,1,1,308,130.5,1,1,1,0,1,C_CYTO
GCF_033803645.1,Lactobacillus paragasseri,UMB4951,Contig,1798,1,1,308,131.4,1,1,1,0,1,C_CYTO
GCF_056588635.1,Lactobacillus paragasseri,C0015B3,Contig,1878,1,1,308,130.5,1,1,1,0,1,C_CYTO
GCF_001437365.1,Lactobacillus amylovorus subsp. animalium DSM 16698,DSM 16698,Scaffold,1901,1,1,313,132.5,1,1,1,0,1,C_CYTO
GCF_052063635.1,Lactobacillus amylovorus,HCP3S3_F11,Contig,1897,1,1,313,130.2,1,1,1,0,1,C_CYTO
GCF_028308725.1,Lactobacillus amylovorus,M668A,Contig,1845,1,1,313,129.3,1,1,0,0,1,C_CYTO
GCF_005049155.1,Lactobacillus amylovorus subsp. animalium,S60,Contig,1898,1,1,313,129.9,1,1,0,0,1,C_CYTO
GCF_022456925.1,Lactobacillus paragasseri,CM2267_MRS2_S780-bin_1,Scaffold,1729,1,1,308,131.4,1,1,1,0,0,C_CYTO
GCF_000214785.1,Lactobacillus kefiranofaciens subsp. kefiranofaciens,ZW3,Complete Genome,2039,1,1,314,126.0,1,1,0,0,1,C_CYTO
GCF_028309045.1,Lactobacillus amylovorus,355A,Contig,1885,1,1,313,127.3,1,1,0,0,1,C_CYTO
GCF_039521585.1,Lactobacillus kefiranofaciens subsp. kefiranofaciens,JCM 6985,Contig,2047,1,1,314,126.0,1,1,0,0,1,C_CYTO
GCF_052064115.1,Lactobacillus amylovorus,HCP3S3_C6,Contig,1804,1,1,313,130.2,1,1,1,0,1,C_CYTO
GCF_028308695.1,Lactobacillus amylovorus,M718A,Contig,1720,1,1,313,131.1,1,1,1,0,1,C_CYTO
GCF_036245435.1,Lactobacillus amylovorus subsp. amylovorus,YK6,Contig,1713,1,1,313,135.4,1,1,1,0,1,C_CYTO
GCF_033804365.1,Lactobacillus paragasseri,UMB2049,Contig,1872,1,1,308,130.5,1,1,1,0,1,C_CYTO
GCF_030217995.1,Lactobacillus paragasseri,UMB1065,Contig,1882,1,1,308,131.4,1,1,1,0,1,C_CYTO
GCF_059445585.1,Lactobacillus amylovorus,XPR24,Scaffold,1733,1,1,313,131.0,1,1,1,0,1,C_CYTO
GCF_022509305.1,Lactobacillus paragasseri,QAULPN3,Scaffold,1738,1,1,308,133.2,1,1,1,0,1,C_CYTO
GCF_029874425.1,Lactobacillus kefiranofaciens,FME151,Scaffold,1905,1,1,314,126.0,1,1,0,0,1,C_CYTO
GCF_001068345.1,Lactobacillus paragasseri,987_LJOH,Contig,1951,1,1,308,133.5,1,1,1,0,1,C_CYTO
GCF_965137695.1,Lactobacillus paragasseri,CIP62.18,Scaffold,1835,1,1,308,130.5,1,1,1,0,1,C_CYTO
GCF_002706375.1,Lactobacillus amylovorus DSM 20531,DSM 20531,Complete Genome,1926,1,1,313,134.3,1,1,1,0,1,C_CYTO
GCF_004730965.1,Lactiplantibacillus plantarum,UNQLp11,Complete Genome,3163,1,1,397,830.5,1,1,1,1,1,A_TM
GCF_039751135.1,Lactobacillus paragasseri,RTP21428st1_A10_RTP21428_210409,Scaffold,1823,1,1,308,131.4,1,1,1,0,1,C_CYTO
GCF_033804325.1,Lactobacillus paragasseri,UMB2060,Contig,1867,1,1,308,130.5,1,1,1,0,1,C_CYTO
GCF_029855105.1,Lactiplantibacillus plantarum,DMC-S1,Complete Genome,3175,1,1,397,831.9,1,1,1,1,1,A_TM
GCF_059445785.1,Lactobacillus amylovorus,HZS30,Scaffold,1722,1,1,313,131.1,1,1,1,0,1,C_CYTO
GCF_925299355.1,Lactobacillus paragasseri,-,Contig,1862,1,1,308,130.5,1,1,1,0,1,C_CYTO
GCF_056924815.1,Lactobacillus amylovorus,PMLA2,Complete Genome,1821,1,1,313,131.1,1,1,1,0,1,C_CYTO
GCF_036255815.1,Lactiplantibacillus plantarum,ZX028,Complete Genome,3015,1,1,397,865.1,1,1,1,1,1,A_TM
GCF_058135485.1,Lactiplantibacillus plantarum,M3.3,Complete Genome,3102,1,1,397,831.9,1,1,1,1,1,A_TM
GCF_030253605.1,Lactiplantibacillus plantarum,YY-112,Complete Genome,3159,1,1,397,865.1,1,1,1,1,1,A_TM
GCF_044590115.1,Lactiplantibacillus plantarum,NMGL2,Complete Genome,3115,1,1,397,831.9,1,1,1,1,1,A_TM
GCF_029834415.1,Lactiplantibacillus plantarum,ZDY04,Complete Genome,2988,1,1,397,833.4,1,1,1,1,1,A_TM
GCF_036245395.1,Lactobacillus amylovorus subsp. animalium,BF125,Contig,1885,1,1,313,134.0,1,1,1,0,1,C_CYTO
GCF_028308585.1,Lactobacillus amylovorus,M738A,Contig,1745,1,1,313,129.4,1,1,0,0,1,C_CYTO
GCF_049166875.1,Lactobacillus paragasseri,IATA140,Contig,1873,1,1,308,133.4,1,1,1,0,1,C_CYTO
GCF_028309125.1,Lactobacillus amylovorus,352A,Contig,2039,1,1,313,128.3,1,1,0,0,1,C_CYTO
GCF_052121055.1,Lactobacillus amylovorus,LCP19S3_F12,Contig,1878,1,1,313,128.6,1,1,0,0,1,C_CYTO
GCF_000194115.1,Lactobacillus amylovorus GRL1118,GRL1118,Complete Genome,1803,1,1,313,127.1,1,1,0,0,1,C_CYTO
GCF_059445745.1,Lactobacillus amylovorus,SPD121,Scaffold,1710,1,1,313,132.5,1,1,1,0,1,C_CYTO
GCF_028308535.1,Lactobacillus amylovorus,M834A,Contig,1941,1,1,313,131.1,1,1,1,0,1,C_CYTO
GCF_028308545.1,Lactobacillus amylovorus,M739A,Contig,1766,1,1,313,128.7,1,1,0,0,1,C_CYTO
GCF_027691405.1,Lactobacillus amylovorus,OM16-18A,Scaffold,1852,1,1,313,128.5,1,1,0,0,1,C_CYTO
GCF_025449355.1,Lactobacillus amylovorus,CACC736,Complete Genome,1891,1,1,313,129.5,1,1,0,0,1,C_CYTO
GCF_025194565.1,Lactobacillus amylovorus,CIRM-BIA 2076,Contig,1813,1,1,313,132.6,1,1,1,0,1,C_CYTO
GCF_058134955.1,Lactiplantibacillus plantarum,UFLA CH1,Complete Genome,3141,1,1,397,831.9,1,1,1,1,1,A_TM
GCF_052121275.1,Lactobacillus amylovorus,LCP19S3_E12,Contig,1805,1,1,313,131.1,1,1,1,0,1,C_CYTO
GCF_000182855.2,Lactobacillus amylovorus GRL 1112,GRL 1112,Chromosome,1985,1,1,314,131.1,1,1,1,0,1,C_CYTO
GCF_057074005.1,Lactiplantibacillus plantarum,P87,Complete Genome,3144,1,1,397,833.4,1,1,1,1,1,A_TM
GCF_016812075.1,Lactiplantibacillus plantarum,CXG9,Complete Genome,3033,1,1,397,831.9,1,1,1,1,1,A_TM
GCF_028308525.1,Lactobacillus amylovorus,M838B,Contig,1770,1,1,313,131.1,1,1,1,0,1,C_CYTO
GCF_053547615.1,Lactobacillus amylovorus,11266D007BM-1,Contig,1894,1,1,313,131.6,1,1,1,0,1,C_CYTO
GCF_032920365.1,Lactiplantibacillus plantarum,MSJK0048,Complete Genome,3107,1,1,397,865.1,1,1,1,1,1,A_TM
GCF_028308735.1,Lactobacillus amylovorus,M702A,Contig,1834,1,1,313,129.3,1,1,0,0,1,C_CYTO
GCF_059445885.1,Lactobacillus amylovorus,HZS118,Scaffold,1759,1,1,313,131.1,1,1,1,0,1,C_CYTO
GCF_059445565.1,Lactobacillus amylovorus,XPR96,Scaffold,2056,1,1,313,131.4,1,1,1,0,1,C_CYTO
GCF_025194605.1,Lactobacillus amylovorus,CIRM-BIA 2078,Contig,1898,1,1,313,128.3,1,1,0,0,1,C_CYTO
GCF_059445685.1,Lactobacillus amylovorus,SPD37,Scaffold,1757,1,1,313,132.5,1,1,1,0,1,C_CYTO
GCF_059445905.1,Lactobacillus amylovorus,HZS114,Scaffold,1714,1,1,313,131.1,1,1,1,0,1,C_CYTO
GCF_052066295.1,Lactobacillus amylovorus,HCP28S3_A9,Contig,1815,1,1,313,130.2,1,1,1,0,1,C_CYTO
GCF_052121595.1,Lactobacillus amylovorus,LCP19S3_C7,Contig,1866,1,1,313,130.8,1,1,1,0,1,C_CYTO
GCF_059445665.1,Lactobacillus amylovorus,SPD511,Scaffold,1802,1,1,313,131.1,1,1,1,0,1,C_CYTO
GCF_052118765.1,Lactobacillus amylovorus,LCP21S3_B1,Contig,1867,1,1,313,128.7,1,1,0,0,1,C_CYTO
GCF_059445865.1,Lactobacillus amylovorus,HZS123,Scaffold,1774,1,1,313,131.1,1,1,1,0,1,C_CYTO
GCF_052118745.1,Lactobacillus amylovorus,LCP21S3_B3,Contig,1798,1,1,313,130.8,1,1,1,0,1,C_CYTO
GCF_024800605.1,Lactiplantibacillus plantarum,SRCM210459,Complete Genome,2993,1,1,397,831.9,1,1,1,1,1,A_TM
GCF_059445825.1,Lactobacillus amylovorus,HZS22,Scaffold,1729,1,1,313,131.1,1,1,1,0,1,C_CYTO
GCF_036245375.1,Lactobacillus amylovorus subsp. animalium,BF186,Contig,1896,1,1,313,134.0,1,1,1,0,1,C_CYTO
GCF_059445705.1,Lactobacillus amylovorus,SPD25,Scaffold,1734,1,1,313,128.3,1,1,0,0,1,C_CYTO
GCF_059995405.1,Lactiplantibacillus plantarum,HME10,Complete Genome,3124,1,1,397,833.4,1,1,1,1,1,A_TM
GCF_028308755.1,Lactobacillus amylovorus,M700A,Contig,1957,1,1,313,129.3,1,1,0,0,1,C_CYTO
GCF_052121335.1,Lactobacillus amylovorus,LCP19S3_D9,Contig,1830,1,1,313,131.1,1,1,1,0,1,C_CYTO
GCF_023674385.1,Lactobacillus kefiranofaciens subsp. kefirgranum,HL1,Complete Genome,1948,1,1,314,126.0,1,1,0,0,1,C_CYTO
GCF_012843555.1,Lactobacillus amylovorus subsp. animalium,Bifido-178-WT-3C,Contig,1802,1,1,313,127.1,1,1,0,0,1,C_CYTO
GCF_050613195.1,Lactiplantibacillus plantarum,ELPL27,Complete Genome,3002,1,1,397,828.2,1,1,1,1,1,A_TM
GCF_028308375.1,Lactobacillus amylovorus,M980A,Contig,1817,1,1,313,131.8,1,1,1,0,1,C_CYTO
GCF_025723165.1,Lactiplantibacillus plantarum,BF_15,Complete Genome,2991,1,1,397,828.2,1,1,1,1,1,A_TM
GCF_028309025.1,Lactobacillus amylovorus,M477A,Contig,1965,1,1,313,127.3,1,1,0,0,1,C_CYTO
GCF_039535625.1,Lactobacillus kefiranofaciens subsp. kefirgranum,JCM 8572,Scaffold,1910,1,1,314,126.0,1,1,0,0,1,C_CYTO
GCF_052118265.1,Lactobacillus amylovorus,LCP21S3_D6,Contig,1875,1,1,313,128.7,1,1,0,0,1,C_CYTO
GCF_025194575.1,Lactobacillus amylovorus,CIRM-BIA 2077,Contig,1966,1,1,313,128.6,1,1,0,0,1,C_CYTO
GCF_055809795.1,Lactiplantibacillus plantarum,KCTC 33133,Complete Genome,3111,1,1,397,831.9,1,1,1,1,1,A_TM
GCF_022832535.1,Lactobacillus kefiranofaciens,SCB2517,Scaffold,1878,1,1,314,126.0,1,1,0,0,1,C_CYTO
GCF_052064615.1,Lactobacillus amylovorus,HCP3S3_A3,Contig,1867,1,1,313,128.7,1,1,0,0,1,C_CYTO
GCF_042465735.1,Lactiplantibacillus plantarum,VHProbi P32,Complete Genome,3182,1,1,397,831.9,1,1,1,1,1,A_TM
GCF_028308825.1,Lactobacillus amylovorus,M696A,Contig,1808,1,1,313,130.8,1,1,1,0,1,C_CYTO
GCF_052064405.1,Lactobacillus amylovorus,HCP3S3_B2,Contig,1886,1,1,313,128.7,1,1,0,0,1,C_CYTO
GCF_059547555.1,Lactiplantibacillus plantarum,-,Complete Genome,3282,1,1,397,833.4,1,1,1,1,1,A_TM
GCF_041941405.1,Lactiplantibacillus plantarum,GBW-LP001,Complete Genome,3078,1,1,397,831.9,1,1,1,1,1,A_TM
GCF_052116605.1,Lactobacillus amylovorus,Sow4_C10,Contig,1979,1,1,313,128.7,1,1,0,0,1,C_CYTO
GCF_051225605.1,Lactiplantibacillus plantarum,CLP51,Complete Genome,2923,1,1,397,831.9,1,1,1,1,1,A_TM
GCF_057736435.1,Lactiplantibacillus plantarum,N4,Complete Genome,3150,1,1,397,831.9,1,1,1,1,1,A_TM
GCF_040364785.1,Lactobacillus amylovorus subsp. amylovorus,NSK,Contig,1807,1,1,313,135.1,1,1,1,0,1,C_CYTO
GCF_053547635.1,Lactobacillus amylovorus,11266D007AW,Contig,1864,1,1,313,131.6,1,1,1,0,1,C_CYTO
GCF_052065875.1,Lactobacillus amylovorus,HCP28S3_C9,Contig,1942,1,1,313,130.2,1,1,1,0,1,C_CYTO
GCF_039725565.1,Lactiplantibacillus plantarum,DMDL 9010,Complete Genome,3109,1,1,397,831.9,1,1,1,1,1,A_TM
GCF_057655335.1,Lactobacillus kefiranofaciens,Ueira,Complete Genome,1812,1,1,314,126.0,1,1,0,0,1,C_CYTO
GCF_052117645.1,Lactobacillus amylovorus,LCP21S3_G8,Contig,1893,1,1,313,128.7,1,1,0,0,1,C_CYTO
GCF_049177205.1,Lactiplantibacillus plantarum,W32,Complete Genome,3209,1,1,397,833.4,1,1,1,1,1,A_TM
GCF_032465875.1,Lacticaseibacillus rhamnosus,LMG 23551,Complete Genome,2643,1,1,386,199.7,1,1,1,1,1,B_SP
GCF_052373895.1,Lactiplantibacillus plantarum,M2-3,Complete Genome,3071,1,1,397,831.9,1,1,1,1,1,A_TM
GCF_900103655.1,Lactobacillus kefiranofaciens,ATCC 43761,Scaffold,2061,1,1,314,126.0,1,1,0,0,1,C_CYTO
GCF_050312935.1,Lactobacillus amylovorus,SGI.242,Contig,2020,1,1,313,128.7,1,1,0,0,1,C_CYTO
GCF_048629835.1,Lacticaseibacillus rhamnosus,BBAH7,Complete Genome,2631,1,1,386,199.8,1,1,1,1,1,B_SP
GCF_017798305.1,Lactiplantibacillus plantarum,NCIMB8826,Complete Genome,3060,1,1,397,865.1,1,1,1,1,1,A_TM
GCF_043589385.1,Lacticaseibacillus rhamnosus,WHH1155,Complete Genome,2701,1,1,386,199.7,1,1,1,1,1,B_SP
GCF_020826335.1,Lacticaseibacillus rhamnosus,PMC203,Complete Genome,2643,1,1,386,199.8,1,1,1,1,1,B_SP
GCF_036245415.1,Lactobacillus amylovorus subsp. amylovorus,YK3,Contig,1683,1,1,313,132.9,1,1,1,0,1,C_CYTO
GCF_002868775.1,Lactiplantibacillus plantarum,K259,Complete Genome,3042,1,1,397,833.4,1,1,1,1,1,A_TM
GCF_024442295.1,Lacticaseibacillus rhamnosus,CLK 101,Complete Genome,2626,1,1,386,199.8,1,1,1,1,1,B_SP
GCF_034479775.1,Lactobacillus kefiranofaciens,W182,Complete Genome,2004,1,1,314,126.0,1,1,0,0,1,C_CYTO
GCF_024329645.1,Lactobacillus kefiranofaciens,Kef-m3,Contig,1947,1,1,314,126.0,1,1,0,0,1,C_CYTO
GCF_002290185.1,Lactiplantibacillus plantarum,BDGP2,Complete Genome,3282,1,1,397,831.9,1,1,1,1,1,A_TM
GCF_058134785.1,Lactiplantibacillus plantarum,UFLA CH3,Complete Genome,3141,1,1,397,831.9,1,1,1,1,1,A_TM
GCF_058134515.1,Lactiplantibacillus plantarum,UFLA SAU96,Complete Genome,3289,1,1,397,833.4,1,1,1,1,1,A_TM
GCF_054918155.1,Lactiplantibacillus plantarum,ZJY-2,Complete Genome,3015,1,1,397,831.9,1,1,1,1,1,A_TM
GCF_014131735.1,Lactiplantibacillus plantarum,DSM 20174,Complete Genome,2959,1,1,397,831.9,1,1,1,1,1,A_TM
GCF_026976315.1,Lactiplantibacillus plantarum,SRCM101587,Complete Genome,3053,1,1,397,833.4,1,1,1,1,1,A_TM
GCF_023674405.1,Lactobacillus kefiranofaciens subsp. kefirgranum,M1,Chromosome,1925,1,1,314,126.0,1,1,0,0,1,C_CYTO
GCF_031597175.1,Lactiplantibacillus plantarum,VHProbi QSH01,Complete Genome,3101,1,1,397,831.9,1,1,1,1,1,A_TM
GCF_058134565.1,Lactiplantibacillus plantarum,UCPH LP6,Complete Genome,3170,1,1,397,829.3,1,1,1,1,1,A_TM
GCF_051908385.1,Lacticaseibacillus rhamnosus,KACC 92513P,Complete Genome,2601,1,1,386,199.7,1,1,1,1,1,B_SP
GCF_001435275.1,Lactobacillus kefiranofaciens subsp. kefiranofaciens DSM 5016 = JCM 6985,DSM 5016,Scaffold,2037,1,1,314,126.0,1,1,0,0,1,C_CYTO
GCF_039857935.1,Lacticaseibacillus rhamnosus,TCI366,Complete Genome,2637,1,1,386,200.2,1,1,1,1,1,B_SP
GCF_056175105.1,Lactiplantibacillus plantarum,SLpl002,Complete Genome,3061,1,1,397,831.9,1,1,1,1,1,A_TM
GCF_000026505.1,Lacticaseibacillus rhamnosus GG,GG (ATCC 53103),Complete Genome,2665,1,1,386,200.7,1,1,1,1,1,B_SP
GCF_000418495.1,Lacticaseibacillus rhamnosus LOCK908,LOCK908,Complete Genome,2636,1,1,386,199.8,1,1,1,1,1,B_SP
GCF_057786755.1,Lactiplantibacillus plantarum,-,Complete Genome,3091,1,1,397,831.9,1,1,1,1,1,A_TM
GCF_026240755.1,Lactiplantibacillus plantarum,Y42,Complete Genome,2991,1,1,397,828.2,1,1,1,1,1,A_TM
GCF_009913655.1,Lactiplantibacillus plantarum,SRCM100442,Complete Genome,2920,1,1,397,831.9,1,1,1,1,1,A_TM
GCF_000418475.1,Lacticaseibacillus rhamnosus LOCK900,LOCK900,Complete Genome,2574,1,1,386,200.2,1,1,1,1,1,B_SP
GCF_037414485.1,Lactiplantibacillus plantarum,DS1073,Complete Genome,3031,1,1,397,833.4,1,1,1,1,1,A_TM
GCF_024969715.1,Lactiplantibacillus plantarum,SRCM210576,Complete Genome,2982,1,1,397,831.9,1,1,1,1,1,A_TM
GCF_001704315.1,Lactiplantibacillus plantarum,KP,Complete Genome,3365,1,1,397,831.9,1,1,1,1,1,A_TM
GCF_046244375.1,Lacticaseibacillus rhamnosus,SA74,Chromosome,2654,1,1,386,200.7,1,1,1,1,1,B_SP
GCF_049477935.1,Lactiplantibacillus plantarum,DH24,Complete Genome,3052,1,1,397,831.9,1,1,1,1,1,A_TM
GCF_001435405.1,Lacticaseibacillus rhamnosus DSM 20021 = JCM 1136 = NBRC 3425,DSM 20021,Scaffold,2642,1,1,386,199.8,1,1,1,1,1,B_SP
GCF_013487805.1,Lactiplantibacillus plantarum,BK-021,Complete Genome,3218,1,1,397,831.9,1,1,1,1,1,A_TM
GCF_002116955.1,Lactiplantibacillus plantarum,BLS41,Complete Genome,3111,1,1,397,833.4,1,1,1,1,1,A_TM
GCF_057418965.1,Lactiplantibacillus plantarum,AR171,Complete Genome,3052,1,1,397,865.1,1,1,1,1,1,A_TM
GCF_020881935.1,Lactiplantibacillus plantarum,ZW5,Complete Genome,3034,1,1,397,831.9,1,1,1,1,1,A_TM
GCF_010586945.1,Lactiplantibacillus plantarum,202195,Complete Genome,3051,1,1,397,831.9,1,1,1,1,1,A_TM
GCF_984574465.1,Lacticaseibacillus rhamnosus,-,Contig,2687,1,1,386,199.7,1,1,1,1,1,B_SP
GCF_029814785.1,Lactiplantibacillus plantarum,WLPL21,Complete Genome,2986,1,1,397,833.4,1,1,1,1,1,A_TM
GCF_037099845.1,Lactiplantibacillus plantarum,DS1989,Complete Genome,3067,1,1,397,831.9,1,1,1,1,1,A_TM
GCF_037094665.1,Lactiplantibacillus plantarum,Lrld-22,Complete Genome,3003,1,1,397,831.9,1,1,1,1,1,A_TM
GCF_023348525.1,Lactiplantibacillus plantarum,LPT52,Complete Genome,2973,1,1,397,833.4,1,1,1,1,1,A_TM
GCF_003345375.1,Lactiplantibacillus plantarum,TMW 1.1478,Complete Genome,3108,1,1,397,831.9,1,1,1,1,1,A_TM
GCF_002005385.2,Lactiplantibacillus plantarum,10CH,Complete Genome,2980,1,1,397,863.6,1,1,1,1,1,A_TM
GCF_024969905.1,Lactiplantibacillus plantarum,SRCM210465,Complete Genome,2993,1,1,397,831.9,1,1,1,1,1,A_TM
GCF_056739195.1,Lactiplantibacillus plantarum,dy-1,Complete Genome,3123,1,1,397,833.4,1,1,1,1,1,A_TM
GCF_028869445.1,Lactiplantibacillus plantarum,VHProbi V22,Complete Genome,3111,1,1,397,831.9,1,1,1,1,1,A_TM
GCF_039954855.1,Lactiplantibacillus plantarum,AHQ-14,Complete Genome,2991,1,1,397,828.2,1,1,1,1,1,A_TM
GCF_003061605.1,Lacticaseibacillus rhamnosus,DS22_11,Contig,2633,1,1,386,199.8,1,1,1,1,1,B_SP
GCF_001617525.2,Lactiplantibacillus plantarum,CAUH2,Complete Genome,2980,1,1,397,831.9,1,1,1,1,1,A_TM
GCF_049990875.1,Lactiplantibacillus plantarum,R26,Complete Genome,3094,1,1,397,831.9,1,1,1,1,1,A_TM
GCF_058134395.1,Lactiplantibacillus plantarum,UCPH LP8,Complete Genome,3030,1,1,397,831.9,1,1,1,1,1,A_TM
GCF_057073515.1,Lactiplantibacillus plantarum,H10,Complete Genome,3018,1,1,397,831.9,1,1,1,1,1,A_TM
GCF_978043365.1,Lacticaseibacillus rhamnosus,-,Contig,2663,1,1,386,199.8,1,1,1,1,1,B_SP
GCF_014041895.1,Lactiplantibacillus plantarum,SK156,Complete Genome,2923,1,1,397,831.9,1,1,1,1,1,A_TM
GCF_013425725.1,Lacticaseibacillus rhamnosus,AMC0712,Scaffold,2532,1,1,386,199.8,1,1,1,0,1,B_SP
GCF_059873705.1,Lactiplantibacillus plantarum,2-7,Complete Genome,2855,1,1,397,831.9,1,1,1,1,1,A_TM
GCF_040536935.1,Lactiplantibacillus plantarum,ZY-1,Complete Genome,3037,1,1,397,836.1,1,1,1,1,1,A_TM
GCF_049330845.1,Lactiplantibacillus plantarum,kfsvi1,Complete Genome,3001,1,1,397,865.1,1,1,1,1,1,A_TM
GCF_026967315.1,Lacticaseibacillus rhamnosus,Lrh_yogurt_A5,Contig,2674,1,1,386,201.7,1,1,1,1,1,B_SP
GCF_900636875.1,Lacticaseibacillus rhamnosus,NCTC13710,Complete Genome,2629,1,1,386,199.8,1,1,1,1,1,B_SP
GCF_003020005.1,Lactiplantibacillus plantarum,K25,Complete Genome,3073,1,1,397,831.9,1,1,1,1,1,A_TM
GCF_057785035.1,Lactiplantibacillus plantarum,25,Complete Genome,3094,1,1,397,833.4,1,1,1,1,1,A_TM
GCF_035336205.1,Lactiplantibacillus plantarum,CYLB101,Complete Genome,3070,1,1,397,831.9,1,1,1,1,1,A_TM
GCF_048629105.1,Lacticaseibacillus rhamnosus,BBAH2,Complete Genome,2634,1,1,386,199.8,1,1,1,1,1,B_SP
GCF_032465915.1,Lacticaseibacillus rhamnosus,LMG 23277,Complete Genome,2608,1,1,386,199.8,1,1,1,1,1,B_SP
GCF_058134795.1,Lactiplantibacillus plantarum,UFLA CH31,Complete Genome,3141,1,1,397,831.9,1,1,1,1,1,A_TM
GCF_033802705.1,Lacticaseibacillus rhamnosus,SN21-1,Complete Genome,2603,1,1,386,200.7,1,1,1,1,1,B_SP
GCF_024397415.1,Lacticaseibacillus rhamnosus,HN067,Complete Genome,2623,1,1,386,200.7,1,1,1,1,1,B_SP
GCF_054901415.1,Lacticaseibacillus rhamnosus,TD,Complete Genome,2623,1,1,386,200.7,1,1,1,1,1,B_SP
GCF_004798455.1,Lacticaseibacillus rhamnosus,UBLR-58,Scaffold,2639,1,1,386,199.8,1,1,1,1,1,B_SP
GCF_031594435.1,Lacticaseibacillus rhamnosus,VHProbi V6156,Complete Genome,2577,1,1,386,199.8,1,1,1,1,1,B_SP
GCF_009679395.1,Lacticaseibacillus rhamnosus,BIOML-A3,Scaffold,2866,1,1,386,198.4,1,1,1,1,1,B_SP
GCF_024665595.1,Lacticaseibacillus rhamnosus,GR-1,Complete Genome,2628,1,1,386,199.8,1,1,1,1,1,B_SP
GCF_035588615.1,Lactiplantibacillus plantarum,NCHBL-004,Complete Genome,3077,1,1,397,831.9,1,1,1,1,1,A_TM
GCF_925301965.1,Lacticaseibacillus rhamnosus,-,Contig,2632,1,1,386,200.2,1,1,1,1,1,B_SP
GCF_978044245.1,Lacticaseibacillus rhamnosus,-,Contig,2599,1,1,386,199.7,1,1,1,1,1,B_SP
GCF_982554065.1,Lactiplantibacillus plantarum,-,Complete Genome,3121,1,1,397,863.2,1,1,1,1,1,A_TM
GCF_059769285.1,Lacticaseibacillus rhamnosus,Lr1845,Complete Genome,2611,1,1,386,199.8,1,1,1,1,1,B_SP
GCF_964065445.1,Lactiplantibacillus plantarum,-,Complete Genome,3149,1,1,397,831.9,1,1,1,1,1,A_TM
GCF_009679335.1,Lacticaseibacillus rhamnosus,BIOML-A4,Scaffold,3155,1,1,386,198.4,1,1,1,1,1,B_SP
GCF_057418635.1,Lactiplantibacillus plantarum,AR113,Complete Genome,2912,1,1,397,828.2,1,1,1,1,1,A_TM
GCF_003966855.1,Lactiplantibacillus plantarum,SN35N,Complete Genome,3098,1,1,397,831.9,1,1,1,1,1,A_TM
GCF_032465955.1,Lacticaseibacillus rhamnosus,LMG 19716,Complete Genome,2547,1,1,386,199.8,1,1,1,1,1,B_SP
GCF_049205035.1,Lacticaseibacillus rhamnosus,IATA115,Contig,2703,1,1,386,199.8,1,1,1,1,1,B_SP
GCF_003353455.1,Lacticaseibacillus rhamnosus GG,GG,Complete Genome,2664,1,1,386,200.7,1,1,1,1,1,B_SP
GCF_027857655.1,Lacticaseibacillus rhamnosus,lbd85-1,Contig,2629,1,1,386,199.7,1,1,1,1,1,B_SP
GCF_006151905.1,Lacticaseibacillus rhamnosus,1.0320,Complete Genome,2605,1,1,386,199.7,1,1,1,1,1,B_SP
GCF_002287945.1,Lacticaseibacillus rhamnosus DSM 14870,DSM 14870,Complete Genome,2672,1,1,386,200.7,1,1,1,1,1,B_SP
GCF_035594055.1,Lacticaseibacillus rhamnosus,SBS-CC-2110,Chromosome,2662,1,1,386,200.7,1,1,1,1,1,B_SP
GCF_026967035.1,Lacticaseibacillus rhamnosus,Lrh_yogurt_D2,Contig,2659,1,1,386,201.7,1,1,1,1,1,B_SP
GCF_016599675.1,Lacticaseibacillus rhamnosus,B6,Complete Genome,2635,1,1,386,200.2,1,1,1,1,1,B_SP
GCF_021560135.1,Lactiplantibacillus plantarum,W2,Complete Genome,2936,1,1,397,831.9,1,1,1,1,1,A_TM
GCF_002103185.1,Lacticaseibacillus rhamnosus,Lrh47,Contig,2739,1,1,386,199.8,1,1,1,1,1,B_SP
GCF_058135345.1,Lactiplantibacillus plantarum,UCPH LP7,Complete Genome,2974,1,1,397,831.9,1,1,1,1,1,A_TM
GCF_000233755.1,Lacticaseibacillus rhamnosus ATCC 8530,ATCC 8530,Complete Genome,2608,1,1,386,199.8,1,1,1,1,1,B_SP
GCF_024758745.1,Lactiplantibacillus plantarum,VHProbi O10,Complete Genome,2954,1,1,397,831.9,1,1,1,1,1,A_TM
GCF_051123815.1,Lacticaseibacillus rhamnosus,C1,Complete Genome,2636,1,1,396,199.8,1,1,1,1,1,B_SP
GCF_013167115.1,Lacticaseibacillus rhamnosus,LV108,Complete Genome,2631,1,1,386,200.2,1,1,1,1,1,B_SP
GCF_003052985.1,Lacticaseibacillus rhamnosus,DS3_11,Contig,2639,1,1,386,200.2,1,1,1,1,1,B_SP
GCF_024758665.1,Lactiplantibacillus plantarum,VHProbi O04,Complete Genome,2939,1,1,397,831.9,1,1,1,1,1,A_TM
GCF_022509255.1,Lacticaseibacillus rhamnosus,QAULRN2,Scaffold,2728,1,1,386,199.2,1,1,1,1,1,B_SP
GCF_033802745.1,Lactiplantibacillus plantarum,GA_C_14,Complete Genome,2935,1,1,397,833.4,1,1,1,1,1,A_TM
GCF_026967355.1,Lacticaseibacillus rhamnosus,Lrh_yogurt_A4,Contig,2751,1,1,386,201.7,1,1,1,1,1,B_SP
GCF_041167785.1,Lacticaseibacillus rhamnosus,YGRT01,Contig,2690,1,1,386,199.8,1,1,1,1,1,B_SP
GCF_028322785.1,Lacticaseibacillus rhamnosus,1001095st1_F6_1001095A_150126,Scaffold,2602,1,1,386,199.7,1,1,1,1,1,B_SP
GCF_051064015.1,Lacticaseibacillus rhamnosus,373F,Contig,2690,1,1,401,202.3,1,1,1,1,1,B_SP
GCF_002849515.1,Lacticaseibacillus rhamnosus,NRRL B-442,Contig,2654,1,1,386,199.8,1,1,1,1,1,B_SP
GCF_003433395.1,Lacticaseibacillus rhamnosus,JCM1553,Complete Genome,2618,1,1,386,199.8,1,1,1,1,1,B_SP
GCF_039615465.1,Lacticaseibacillus rhamnosus,SM 4.3,Contig,2626,1,1,386,200.0,1,1,1,1,1,B_SP
GCF_000026525.1,Lacticaseibacillus rhamnosus Lc 705,Lc 705,Complete Genome,2636,1,1,386,198.4,1,1,1,0,1,B_SP
GCF_002076955.1,Lacticaseibacillus rhamnosus,Pen,Complete Genome,2567,1,1,386,200.2,1,1,1,1,1,B_SP
GCF_057627975.1,Lacticaseibacillus rhamnosus,PMK4,Contig,2633,1,1,386,199.8,1,1,1,1,1,B_SP
GCF_001590655.1,Lacticaseibacillus rhamnosus,ASCC 290,Chromosome,2573,1,1,386,199.8,1,1,1,1,1,B_SP
GCF_003573615.1,Lacticaseibacillus rhamnosus,ARJD,Contig,2628,1,1,386,200.2,1,1,1,1,1,B_SP
GCF_015238575.1,Lacticaseibacillus rhamnosus GG,JL-1,Complete Genome,2651,1,1,386,200.7,1,1,1,1,1,B_SP
GCF_036454445.1,Lacticaseibacillus rhamnosus,UO.H3002,Chromosome,2639,1,1,386,200.7,1,1,1,1,1,B_SP
GCF_059136675.1,Lacticaseibacillus rhamnosus,LR-ZB1107-01,Complete Genome,2601,1,1,386,200.7,1,1,1,1,1,B_SP
GCF_014155845.1,Lacticaseibacillus rhamnosus,DPC 7102,Contig,2775,1,1,386,201.7,1,1,1,1,1,B_SP
GCF_003129645.1,Lacticaseibacillus rhamnosus,LR863,Contig,2686,1,1,386,199.8,1,1,1,1,1,B_SP
GCF_002286235.1,Lacticaseibacillus rhamnosus,LR5,Complete Genome,2659,1,1,386,199.7,1,1,1,1,1,B_SP
GCF_053749115.1,Lacticaseibacillus rhamnosus,PL0009,Contig,2631,1,1,386,199.8,1,1,1,1,1,B_SP
GCF_003061705.1,Lacticaseibacillus rhamnosus,DS14_11,Contig,2634,1,1,386,199.8,1,1,1,1,1,B_SP
GCF_039733345.1,Lacticaseibacillus rhamnosus,RTP21400st1_C12_RTP21400_201112,Scaffold,2804,1,1,386,201.0,1,1,1,1,1,B_SP
GCF_030237645.1,Lacticaseibacillus rhamnosus,C44,Contig,2633,1,1,386,199.8,1,1,1,1,1,B_SP
GCF_015548835.1,Lacticaseibacillus rhamnosus,1001283B150210_160208_A4,Scaffold,2634,1,1,386,199.8,1,1,1,1,1,B_SP
GCF_007990855.1,Lacticaseibacillus rhamnosus DSM 20021 = JCM 1136 = NBRC 3425,NBRC 3425,Contig,2633,1,1,386,199.8,1,1,1,1,1,B_SP
GCF_013425565.1,Lacticaseibacillus rhamnosus,AMC0707,Scaffold,2665,1,1,386,199.8,1,1,1,0,1,B_SP
GCF_018966895.1,Lacticaseibacillus rhamnosus,F,Contig,2594,1,1,386,200.2,1,1,1,0,1,B_SP
GCF_040924995.1,Lacticaseibacillus rhamnosus,1001216st2_G2_RTP21198_201120,Scaffold,2632,1,1,386,199.8,1,1,1,1,1,B_SP
GCF_025189565.1,Lacticaseibacillus rhamnosus,CIRM-BIA 2134,Contig,2638,1,1,386,199.8,1,1,1,1,1,B_SP
GCF_009679265.1,Lacticaseibacillus rhamnosus,BIOML-A9,Contig,2635,1,1,386,199.8,1,1,1,1,1,B_SP
GCF_019990845.1,Lacticaseibacillus rhamnosus,cek-R1,Contig,2662,1,1,386,199.8,1,1,1,1,1,B_SP
GCF_001656655.1,Lacticaseibacillus rhamnosus,Lrh22,Contig,2707,1,1,386,200.3,1,1,1,1,1,B_SP
GCF_013425545.1,Lacticaseibacillus rhamnosus,AMC0709,Scaffold,2668,1,1,386,199.8,1,1,1,1,1,B_SP
GCF_978044635.1,Lacticaseibacillus rhamnosus,-,Contig,2654,1,1,386,199.8,1,1,1,1,1,B_SP
GCF_015549085.1,Lacticaseibacillus rhamnosus,1001311H_170123_H11,Scaffold,2614,1,1,386,199.8,1,1,1,1,1,B_SP
GCF_024053515.2,Lacticaseibacillus rhamnosus,DM065,Complete Genome,2695,1,1,386,199.8,1,1,1,1,1,B_SP
GCF_025189545.1,Lacticaseibacillus rhamnosus,CIRM-BIA 910,Contig,2638,1,1,386,200.2,1,1,1,1,1,B_SP
GCF_030217985.1,Lacticaseibacillus rhamnosus,UMB1066,Contig,2703,1,1,401,202.2,1,1,1,1,1,A_TM
GCF_013425605.1,Lacticaseibacillus rhamnosus,AMC0720,Contig,2650,1,1,386,199.8,1,1,1,1,1,B_SP
GCF_026967075.1,Lacticaseibacillus rhamnosus,Lrh_yogurt_D1,Contig,2668,1,1,386,201.7,1,1,1,1,1,B_SP
GCF_009679345.1,Lacticaseibacillus rhamnosus,BIOML-A5,Contig,2588,1,1,386,200.7,1,1,1,1,1,B_SP
GCF_978044335.1,Lacticaseibacillus rhamnosus,-,Contig,2593,1,1,386,199.8,1,1,1,1,1,B_SP
GCF_050367955.1,Lacticaseibacillus rhamnosus,SL42,Complete Genome,2613,1,1,386,199.8,1,1,1,1,1,B_SP
GCF_013425775.1,Lacticaseibacillus rhamnosus,AMC0706,Scaffold,2529,1,1,386,199.8,1,1,1,0,1,B_SP
GCF_001005625.1,Lacticaseibacillus rhamnosus,CNCM-I-3698,Contig,2677,1,1,401,202.3,1,1,1,1,1,B_SP
GCF_040785145.1,Lacticaseibacillus rhamnosus,gbc_e,Scaffold,2585,1,1,386,200.7,1,1,1,1,1,B_SP
GCF_018141205.1,Lacticaseibacillus rhamnosus,CE1,Complete Genome,2557,1,1,386,198.4,1,1,1,1,1,B_SP
GCF_978042035.1,Lacticaseibacillus rhamnosus,-,Contig,2805,1,1,386,201.7,1,1,1,1,1,B_SP
GCF_001991035.1,Lacticaseibacillus rhamnosus,L156.4,Contig,2551,1,1,386,199.9,1,1,1,1,1,B_SP
GCF_978042395.1,Lacticaseibacillus rhamnosus,-,Contig,2563,1,1,386,199.8,1,1,1,1,1,B_SP
GCF_032465935.1,Lacticaseibacillus rhamnosus,LMG 19717,Complete Genome,2647,1,1,386,199.7,1,1,1,1,1,B_SP
GCF_025189505.1,Lacticaseibacillus rhamnosus,CIRM-BIA 2132,Contig,2666,1,1,386,199.9,1,1,1,1,1,B_SP
GCF_021300595.1,Lacticaseibacillus rhamnosus,ICIS-627,Contig,2790,1,1,386,200.7,1,1,1,1,1,B_SP
GCF_002762445.1,Lacticaseibacillus rhamnosus,GR-1,Contig,2555,1,1,386,199.8,1,1,1,0,1,B_SP
GCF_038086925.1,Lacticaseibacillus rhamnosus,LR110,Complete Genome,2530,1,1,386,200.7,1,1,1,1,1,B_SP
GCF_028475085.1,Lacticaseibacillus rhamnosus GG,GG,Complete Genome,2663,1,1,386,200.7,1,1,1,1,1,B_SP
GCF_009742715.1,Lacticaseibacillus rhamnosus,LR_AVK,Contig,2621,1,1,386,198.4,1,1,1,1,1,B_SP
GCF_026967345.1,Lacticaseibacillus rhamnosus,Lrh_yogurt_A2,Contig,2675,1,1,386,201.7,1,1,1,1,1,B_SP
GCF_056724765.1,Lacticaseibacillus rhamnosus,A1LR-KACR,Contig,2642,1,1,386,200.2,1,1,1,1,1,B_SP
GCF_001656635.1,Lacticaseibacillus rhamnosus,Lrh23,Contig,2629,1,1,386,199.8,1,1,1,1,1,B_SP
GCF_028878245.1,Lacticaseibacillus rhamnosus,O14,Scaffold,2647,1,1,386,200.1,1,1,1,1,1,B_SP
GCF_056724645.1,Lacticaseibacillus rhamnosus,A2LR-FAVR,Contig,2632,1,1,386,200.2,1,1,1,1,1,B_SP
GCF_036595825.1,Lacticaseibacillus rhamnosus,SD11,Scaffold,2537,1,1,386,199.7,1,1,1,1,1,B_SP
GCF_025195045.1,Lacticaseibacillus rhamnosus,L12,Contig,2650,1,1,386,200.7,1,1,1,1,1,B_SP
GCF_001368735.1,Lacticaseibacillus rhamnosus,BPL15,Scaffold,2703,1,1,386,199.8,1,1,1,1,1,B_SP
GCF_005864245.1,Lacticaseibacillus rhamnosus,FAM 20558,Scaffold,2770,1,1,386,201.7,1,1,1,1,1,B_SP
GCF_978041935.1,Lacticaseibacillus rhamnosus,-,Contig,2661,1,1,386,199.7,1,1,1,1,1,B_SP
GCF_000932035.1,Lacticaseibacillus rhamnosus,CLS17,Contig,2628,1,1,386,200.2,1,1,1,1,1,B_SP
GCF_000173255.5,Lacticaseibacillus rhamnosus HN001,HN001,Complete Genome,2624,1,1,386,200.7,1,1,1,1,1,B_SP
GCF_978042495.1,Lacticaseibacillus rhamnosus,-,Contig,2652,1,1,386,199.7,1,1,1,1,1,B_SP
GCF_027857735.1,Lacticaseibacillus rhamnosus,lbr108,Contig,2630,1,1,386,199.7,1,1,1,1,1,B_SP
GCF_002406745.1,Lacticaseibacillus rhamnosus,P4,Contig,2636,1,1,386,200.7,1,1,1,1,1,B_SP
GCF_044339895.1,Lacticaseibacillus rhamnosus,M2b,Chromosome,2614,1,1,386,201.7,1,1,1,1,1,B_SP
GCF_925281845.1,Lacticaseibacillus rhamnosus,-,Contig,2627,1,1,386,200.2,1,1,1,1,1,B_SP
GCF_925285305.1,Lacticaseibacillus rhamnosus,-,Contig,2630,1,1,386,200.2,1,1,1,1,1,B_SP
GCF_002025085.1,Lacticaseibacillus rhamnosus,WQ2,Chromosome,2661,1,1,386,200.7,1,1,1,1,1,B_SP
GCF_054074985.1,Lacticaseibacillus rhamnosus,BA7,Contig,2631,1,1,386,200.7,1,1,1,1,1,B_SP
GCF_026967025.1,Lacticaseibacillus rhamnosus,Lrh_yogurt_D3,Contig,2662,1,1,386,201.7,1,1,1,1,1,B_SP
GCF_984574365.1,Lacticaseibacillus rhamnosus,-,Contig,2772,1,1,386,199.8,1,1,1,1,1,B_SP
GCF_051064055.1,Lacticaseibacillus rhamnosus,370F,Contig,2608,1,1,386,199.7,1,1,1,1,1,B_SP
GCF_026966995.1,Lacticaseibacillus rhamnosus,Lrh_yogurt_D4,Contig,2691,1,1,386,201.7,1,1,1,1,1,B_SP
GCF_027857765.1,Lacticaseibacillus rhamnosus,lbr154,Contig,2628,1,1,386,199.7,1,1,1,1,1,B_SP
GCF_027857665.1,Lacticaseibacillus rhamnosus,lbd330,Contig,2627,1,1,386,199.7,1,1,1,1,1,B_SP
GCF_031626835.1,Lacticaseibacillus rhamnosus,FUA3185,Scaffold,2698,1,1,386,198.4,1,1,1,1,1,B_SP
GCF_978043385.1,Lacticaseibacillus rhamnosus,-,Contig,2666,1,1,386,199.8,1,1,1,1,1,B_SP
GCF_001645615.1,Lacticaseibacillus rhamnosus,R19-3,Contig,2731,1,1,386,199.9,1,1,1,1,1,B_SP
GCF_027857715.1,Lacticaseibacillus rhamnosus,lbr105,Contig,2640,1,1,386,199.7,1,1,1,1,1,B_SP
GCF_978043325.1,Lacticaseibacillus rhamnosus,-,Contig,2564,1,1,386,199.8,1,1,1,1,1,B_SP
GCF_026967015.1,Lacticaseibacillus rhamnosus,Lrh_yogurt_D5,Contig,2662,1,1,386,201.7,1,1,1,1,1,B_SP
GCF_003061625.1,Lacticaseibacillus rhamnosus,DS9_11,Contig,2633,1,1,386,200.2,1,1,1,1,1,B_SP
GCF_040925065.1,Lacticaseibacillus rhamnosus,1001216st2_A2_RTP21198_201120,Scaffold,2643,1,1,386,199.8,1,1,1,1,1,B_SP
GCF_018458775.1,Lacticaseibacillus rhamnosus,RAB2019A,Scaffold,2715,1,1,386,199.2,1,1,1,1,1,B_SP
GCF_032841215.1,Lacticaseibacillus rhamnosus,MRS-10,Contig,2631,1,1,386,200.7,1,1,1,1,1,B_SP
GCF_058214855.1,Lacticaseibacillus rhamnosus,SCPM-O-B-23768 (M496),Contig,2637,1,1,386,200.2,1,1,1,1,1,B_SP
GCF_001756565.1,Lacticaseibacillus rhamnosus,HCT70,Contig,2652,1,1,386,200.7,1,1,1,1,1,B_SP
GCF_024718295.1,Lacticaseibacillus rhamnosus,O8-1,Scaffold,2577,1,1,386,199.8,1,1,1,1,1,B_SP
GCF_030224725.1,Lacticaseibacillus rhamnosus,UMB1351,Contig,2550,1,1,386,199.7,1,1,1,1,1,B_SP
GCF_026967395.1,Lacticaseibacillus rhamnosus,Lrh_yogurt_A1,Contig,2675,1,1,386,201.7,1,1,1,1,1,B_SP
GCF_015558325.1,Lacticaseibacillus rhamnosus,1001287B_170213_A1,Scaffold,2526,1,1,386,200.3,1,1,1,1,1,B_SP
GCF_037118725.1,Lacticaseibacillus rhamnosus,VTCC 12819,Scaffold,2629,1,1,386,200.0,1,1,1,1,1,B_SP
GCF_025189415.1,Lacticaseibacillus rhamnosus,CIRM-BIA 780,Contig,2673,1,1,386,199.9,1,1,1,1,1,B_SP
GCF_036595865.1,Lacticaseibacillus rhamnosus,SD4,Contig,2833,1,1,386,199.7,1,1,1,1,1,B_SP
GCF_040705095.1,Lacticaseibacillus rhamnosus,PM4,Contig,2633,1,1,386,199.8,1,1,1,1,1,B_SP
GCF_978042545.1,Lacticaseibacillus rhamnosus,-,Contig,2608,1,1,386,199.7,1,1,1,1,1,B_SP
GCF_022802735.1,Lacticaseibacillus rhamnosus,3189-SD0197,Contig,2594,1,1,386,200.7,1,1,1,1,1,B_SP
GCF_002406705.1,Lacticaseibacillus rhamnosus,B1,Contig,2645,1,1,386,200.2,1,1,1,1,1,B_SP
GCF_001657165.1,Lacticaseibacillus rhamnosus,Lrh10,Contig,2617,1,1,386,200.2,1,1,1,1,1,B_SP
GCF_009805825.1,Lacticaseibacillus rhamnosus,Lrh40,Contig,2781,1,1,386,199.8,1,1,1,1,1,B_SP
GCF_001656945.1,Lacticaseibacillus rhamnosus,Lrh27,Contig,2755,1,1,386,201.7,1,1,1,1,1,B_SP
GCF_026967335.1,Lacticaseibacillus rhamnosus,Lrh_yogurt_A6,Contig,2769,1,1,386,201.7,1,1,1,1,1,B_SP
GCF_002027355.1,Lacticaseibacillus rhamnosus,R709,Contig,2572,1,1,386,199.8,1,1,1,1,1,B_SP
GCF_013425665.1,Lacticaseibacillus rhamnosus,AMC0722,Scaffold,2681,1,1,386,199.8,1,1,1,1,1,B_SP
GCF_057220075.1,Lacticaseibacillus rhamnosus,XJ-LYC-2,Contig,2634,1,1,386,200.2,1,1,1,1,1,B_SP
GCF_003129615.1,Lacticaseibacillus rhamnosus,TMC3115,Contig,2687,1,1,386,199.8,1,1,1,1,1,B_SP
GCF_030939245.1,Lacticaseibacillus rhamnosus,NA 1-8,Contig,2813,1,1,386,199.9,1,1,1,1,1,B_SP
GCF_001981725.1,Lacticaseibacillus rhamnosus,RI-004,Scaffold,2662,1,1,386,200.7,1,1,1,1,1,B_SP
GCF_016887865.1,Lacticaseibacillus rhamnosus,1019,Contig,2781,1,1,386,199.9,1,1,1,1,1,B_SP
GCF_001064515.1,Lacticaseibacillus rhamnosus,319_LRHA,Contig,2618,1,1,386,199.7,1,1,1,1,1,B_SP
GCF_001656535.1,Lacticaseibacillus rhamnosus,Lrh8,Contig,2588,1,1,386,200.7,1,1,1,1,1,B_SP
GCF_038039235.1,Lacticaseibacillus rhamnosus,ICIS25,Scaffold,2698,1,1,386,200.2,1,1,1,1,1,B_SP
GCF_039751055.1,Lacticaseibacillus rhamnosus,RTP21400st1_B7_RTP21400_201112,Scaffold,2732,1,1,386,201.0,1,1,1,1,1,B_SP
GCF_009679355.1,Lacticaseibacillus rhamnosus,BIOML-A6,Contig,2727,1,1,386,199.8,1,1,1,1,1,B_SP
GCF_030361185.1,Lacticaseibacillus rhamnosus,TOM.283,Contig,2637,1,1,386,200.3,1,1,1,1,1,B_SP
GCF_003061665.1,Lacticaseibacillus rhamnosus,DS12_11,Contig,2632,1,1,386,200.2,1,1,1,1,1,B_SP
GCF_030286545.1,Lacticaseibacillus rhamnosus,ISO20,Scaffold,2640,1,1,386,198.4,1,1,1,1,1,B_SP
GCF_027857695.1,Lacticaseibacillus rhamnosus,lbr152,Contig,2642,1,1,386,199.7,1,1,1,1,1,B_SP
GCF_027692365.1,Lacticaseibacillus rhamnosus,OF44-15pH10T,Scaffold,2625,1,1,386,200.0,1,1,1,1,1,B_SP
GCF_039838445.1,Lacticaseibacillus rhamnosus,1001270st1_G9_2217SCRN_200827,Scaffold,2606,1,1,386,200.7,1,1,1,1,1,B_SP
GCF_014212185.1,Lacticaseibacillus rhamnosus,CBC-LR1,Scaffold,2645,1,1,386,200.2,1,1,1,1,1,B_SP
GCF_003052925.1,Lacticaseibacillus rhamnosus,DS18_11,Contig,2635,1,1,386,200.2,1,1,1,1,1,B_SP
GCF_004122925.1,Lacticaseibacillus rhamnosus,5-1,Scaffold,2717,1,1,386,201.7,1,1,1,1,1,B_SP
GCF_003061645.1,Lacticaseibacillus rhamnosus,DS15_11,Contig,2637,1,1,386,199.8,1,1,1,1,1,B_SP
GCF_025631035.1,Lacticaseibacillus rhamnosus,PB7,Contig,2634,1,1,386,199.8,1,1,1,1,1,B_SP
GCF_028322035.1,Lacticaseibacillus rhamnosus,1001216st2_D1_1001216B_150713,Scaffold,2803,1,1,386,199.8,1,1,1,1,1,B_SP
GCF_004125475.1,Lacticaseibacillus rhamnosus,LR-S,Scaffold,2658,1,1,386,200.7,1,1,1,1,1,B_SP
GCF_051064375.1,Lacticaseibacillus rhamnosus,339F,Contig,2631,1,1,386,199.8,1,1,1,1,1,B_SP
GCF_025190795.1,Lacticaseibacillus rhamnosus,CIRM-BIA 2125,Contig,2682,1,1,386,199.9,1,1,1,1,1,B_SP
GCF_901971785.1,Lacticaseibacillus rhamnosus,INIA P344,Contig,2962,1,1,386,199.8,1,1,1,1,1,B_SP
GCF_009679255.1,Lacticaseibacillus rhamnosus,BIOML-A10,Contig,2638,1,1,386,199.8,1,1,1,1,1,B_SP
GCF_009679405.1,Lacticaseibacillus rhamnosus,BIOML-A2,Contig,2631,1,1,386,199.8,1,1,1,1,1,B_SP
GCF_026966975.1,Lacticaseibacillus rhamnosus,Lrh_yogurt_D6,Contig,2662,1,1,386,201.7,1,1,1,1,1,B_SP
GCF_008017355.1,Lacticaseibacillus rhamnosus,Vahe,Contig,2447,1,1,386,199.7,1,1,1,1,1,B_SP
GCF_028323345.1,Lacticaseibacillus rhamnosus,1001216st2_G3_1001216I_160404,Scaffold,2629,1,1,386,199.8,1,1,1,1,1,B_SP
GCF_028322835.1,Lacticaseibacillus rhamnosus,2217st1_F11_2217SCRN_200827,Scaffold,2612,1,1,386,199.7,1,1,1,1,1,B_SP
GCF_001657195.1,Lacticaseibacillus rhamnosus,Lrh33,Contig,2860,1,1,386,199.7,1,1,1,1,1,B_SP
GCF_001656845.1,Lacticaseibacillus rhamnosus,Lrh5,Contig,2585,1,1,386,201.8,1,1,1,1,1,B_SP
GCF_001831215.1,Lacticaseibacillus rhamnosus,ASCC 3018,Scaffold,2650,1,1,386,197.3,1,1,1,1,1,B_SP
GCF_040924875.1,Lacticaseibacillus rhamnosus,1001270st1_H10_2201SCRN_220225,Scaffold,2649,1,1,386,200.7,1,1,1,1,1,B_SP
GCF_029269765.1,Lacticaseibacillus rhamnosus,ERKN4,Contig,2700,1,1,386,199.9,1,1,1,1,1,B_SP
GCF_001831225.1,Lacticaseibacillus rhamnosus,ASCC 3016,Scaffold,2872,1,1,386,199.9,1,1,1,1,1,B_SP
GCF_015549225.1,Lacticaseibacillus rhamnosus,1001095A_150126_D4,Contig,2607,1,1,386,199.7,1,1,1,1,1,B_SP
GCF_026967125.1,Lacticaseibacillus rhamnosus,Lrh_yogurt_C4,Contig,2594,1,1,386,199.8,1,1,1,1,1,B_SP
GCF_040446565.1,Lacticaseibacillus rhamnosus,MY-1,Contig,2619,1,1,386,200.0,1,1,1,1,1,B_SP
GCF_013425655.1,Lacticaseibacillus rhamnosus,AMC0714,Scaffold,2638,1,1,386,199.8,1,1,1,0,1,B_SP
GCF_016887825.1,Lacticaseibacillus rhamnosus,1473,Contig,2861,1,1,386,199.9,1,1,1,1,1,B_SP
GCF_001656575.1,Lacticaseibacillus rhamnosus,Lrh31,Contig,2728,1,1,386,200.4,1,1,1,1,1,B_SP
GCF_027857795.1,Lacticaseibacillus rhamnosus,lbr136,Contig,2653,1,1,386,199.7,1,1,1,1,1,B_SP
GCF_030237905.1,Lacticaseibacillus rhamnosus,C33,Contig,2633,1,1,386,199.8,1,1,1,1,1,B_SP
GCF_025189365.1,Lacticaseibacillus rhamnosus,CIRM-BIA 930,Contig,2640,1,1,386,200.2,1,1,1,1,1,B_SP
GCF_001656875.1,Lacticaseibacillus rhamnosus,Lrh4,Contig,2580,1,1,386,199.9,1,1,1,1,1,B_SP
GCF_047501695.1,Lacticaseibacillus rhamnosus,MW019593,Contig,2833,1,1,386,201.7,1,1,1,1,1,B_SP
GCF_978044285.1,Lacticaseibacillus rhamnosus,-,Contig,2680,1,1,386,199.8,1,1,1,1,1,B_SP
GCF_004125455.1,Lacticaseibacillus rhamnosus,LR-CVC,Scaffold,2660,1,1,386,200.7,1,1,1,1,1,B_SP
GCF_054612015.1,Lacticaseibacillus rhamnosus,UMB1351,Scaffold,2542,1,1,386,199.7,1,1,1,1,1,B_SP
GCF_030929905.1,Lacticaseibacillus rhamnosus,CRL 2244,Contig,2576,1,1,386,199.8,1,1,1,1,1,B_SP
GCF_900604925.1,Lacticaseibacillus rhamnosus,-,Contig,2652,1,1,386,199.8,1,1,1,1,1,B_SP
GCF_028878345.1,Lacticaseibacillus rhamnosus,UD193,Scaffold,2821,1,1,401,202.3,1,1,1,1,1,B_SP
GCF_009679295.1,Lacticaseibacillus rhamnosus,BIOML-A8,Contig,2725,1,1,386,199.8,1,1,1,1,1,B_SP
GCF_001656735.1,Lacticaseibacillus rhamnosus,Lrh11,Contig,2610,1,1,386,199.7,1,1,1,1,1,B_SP
GCF_026967105.1,Lacticaseibacillus rhamnosus,Lrh_yogurt_C2,Contig,2644,1,1,386,199.8,1,1,1,1,1,B_SP
GCF_925297845.1,Lacticaseibacillus rhamnosus,-,Contig,2630,1,1,386,200.2,1,1,1,1,1,B_SP
GCF_004125395.1,Lacticaseibacillus rhamnosus,LR-B2,Scaffold,2672,1,1,386,200.7,1,1,1,1,1,B_SP
GCF_059334665.1,Lacticaseibacillus rhamnosus GG,GG,Contig,2654,1,1,386,200.7,1,1,1,1,1,B_SP
GCF_978043465.1,Lacticaseibacillus rhamnosus,-,Contig,2804,1,1,386,201.7,1,1,1,1,1,B_SP
GCF_002848015.1,Lacticaseibacillus rhamnosus,UMB0004,Scaffold,2547,1,1,386,199.7,1,1,1,1,1,B_SP
GCF_040924975.1,Lacticaseibacillus rhamnosus,1001216st2_F11_RTP21198_201120,Scaffold,2637,1,1,386,199.8,1,1,1,1,1,B_SP
GCF_022802715.1,Lacticaseibacillus rhamnosus,3160-SD0198,Contig,2648,1,1,386,200.7,1,1,1,1,1,B_SP
GCF_000235785.1,Lacticaseibacillus rhamnosus R0011,R0011,Contig,2625,1,1,386,200.2,1,1,1,1,1,B_SP
GCF_002238035.1,Lacticaseibacillus rhamnosus,IBL027,Contig,2629,1,1,386,200.2,1,1,1,1,1,B_SP
GCF_003052945.1,Lacticaseibacillus rhamnosus,DS13_11,Contig,2634,1,1,386,199.8,1,1,1,1,1,B_SP
GCF_028320325.1,Lacticaseibacillus rhamnosus,1001216st2_F12_1001283B150209_150212,Scaffold,2632,1,1,386,199.8,1,1,1,1,1,B_SP
GCF_000226235.1,Lacticaseibacillus rhamnosus CASL,CASL,Scaffold,2651,1,1,386,199.8,1,1,1,1,1,B_SP
GCF_028321125.1,Lacticaseibacillus rhamnosus,1001216st2_F11_1001283B150209_150212,Scaffold,2633,1,1,386,199.8,1,1,1,1,1,B_SP
GCF_000784395.1,Lacticaseibacillus rhamnosus L35,L35,Contig,2671,1,1,386,200.0,1,1,1,1,1,B_SP
GCF_032466035.1,Lacticaseibacillus casei,LMG 24102,Complete Genome,2773,1,1,387,188.7,1,1,1,1,1,B_SP
GCF_014639015.1,Lacticaseibacillus rhamnosus,NCB 441,Contig,2561,1,1,386,200.2,1,1,1,0,1,B_SP
GCF_000712515.1,Lacticaseibacillus rhamnosus PEL6,PEL6,Contig,2629,1,1,386,200.7,1,1,1,1,1,B_SP
GCF_037901485.1,Lacticaseibacillus casei,LC130,Complete Genome,2561,1,1,398,182.5,1,1,1,1,1,A_TM
GCF_008868595.1,Lacticaseibacillus casei,BIO5773,Contig,2773,1,1,387,188.7,1,1,1,1,1,B_SP
GCF_025189385.1,Lacticaseibacillus rhamnosus,CIRM-BIA 1112,Contig,2609,1,1,386,200.2,1,1,1,1,1,B_SP
GCF_003046115.1,Lacticaseibacillus rhamnosus,LR2,Scaffold,2648,1,1,386,199.7,1,1,1,1,1,B_SP
GCF_002103215.1,Lacticaseibacillus rhamnosus,Lrh46,Scaffold,2704,1,1,386,200.7,1,1,1,1,1,B_SP
GCF_002406715.1,Lacticaseibacillus rhamnosus,P5,Contig,2694,1,1,386,200.7,1,1,1,1,1,B_SP
GCF_001656995.1,Lacticaseibacillus rhamnosus,Lrh21,Contig,2648,1,1,386,199.8,1,1,1,1,1,B_SP
GCF_026967135.1,Lacticaseibacillus rhamnosus,Lrh_yogurt_C6,Contig,2644,1,1,386,199.8,1,1,1,1,1,B_SP
GCF_025189315.1,Lacticaseibacillus rhamnosus,CIRM-BIA 607,Contig,2636,1,1,386,199.8,1,1,1,1,1,B_SP
GCF_902166035.1,Lacticaseibacillus rhamnosus,4928STDY7387919,Scaffold,2643,1,1,386,199.8,1,1,1,1,1,B_SP
GCF_025189475.1,Lacticaseibacillus rhamnosus,CIRM-BIA 2131,Contig,2669,1,1,386,199.9,1,1,1,1,1,B_SP
GCF_049204955.1,Lacticaseibacillus rhamnosus,IATA117,Contig,2664,1,1,386,200.7,1,1,1,1,1,B_SP
GCF_029961125.1,Lacticaseibacillus rhamnosus,LB C25,Scaffold,2740,1,1,386,199.9,1,1,1,1,1,B_SP
GCF_013377685.1,Lacticaseibacillus rhamnosus,QC,Scaffold,2897,1,1,386,201.2,1,1,1,1,1,B_SP
GCF_028321165.1,Lacticaseibacillus rhamnosus,1001216st2_D6_1001217B_150727,Scaffold,2635,1,1,386,199.8,1,1,1,1,1,B_SP
GCF_001066695.1,Lacticaseibacillus casei,867_LCAS,Contig,2811,1,1,387,190.0,1,1,1,1,1,B_SP
GCF_028878145.1,Lacticaseibacillus rhamnosus,N1110,Scaffold,2771,1,1,386,199.9,1,1,1,1,1,B_SP
GCF_025189605.1,Lacticaseibacillus rhamnosus,CIRM-BIA 1952,Contig,2639,1,1,386,199.8,1,1,1,1,1,B_SP
GCF_039615375.1,Lacticaseibacillus rhamnosus,NTM 1004,Contig,2669,1,1,386,200.7,1,1,1,1,1,B_SP
GCF_040883415.1,Lacticaseibacillus rhamnosus,AM-LR-51,Scaffold,2627,1,1,386,199.8,1,1,1,1,1,B_SP
GCF_026967405.1,Lacticaseibacillus rhamnosus,Lrh_blood001,Contig,2639,1,1,386,199.8,1,1,1,1,1,B_SP
GCF_001656675.1,Lacticaseibacillus rhamnosus,Lrh20,Contig,2648,1,1,386,199.8,1,1,1,1,1,B_SP
GCF_004167055.1,Lacticaseibacillus rhamnosus,co_0103,Contig,2634,1,1,386,199.8,1,1,1,1,1,B_SP
GCF_023093355.1,Lacticaseibacillus casei,PB2021-BA03,Contig,2537,1,1,398,182.5,1,1,1,1,1,A_TM
GCF_028878125.1,Lacticaseibacillus rhamnosus,Mo2,Scaffold,2648,1,1,386,200.7,1,1,1,1,1,B_SP
GCF_001044415.1,Lacticaseibacillus rhamnosus,313,Contig,2676,1,1,386,200.7,1,1,1,1,1,B_SP
GCF_030876785.1,Lacticaseibacillus rhamnosus,L4,Scaffold,2646,1,1,386,199.8,1,1,1,1,1,B_SP
GCF_037996585.1,Lacticaseibacillus casei,ATA-LTC-Lz160700,Scaffold,2554,1,1,398,182.5,1,1,1,1,1,A_TM
GCF_003052865.1,Lacticaseibacillus casei,DS1_13,Contig,2551,1,1,398,182.5,1,1,1,1,1,A_TM
GCF_051123965.1,Lacticaseibacillus paracasei,M8,Complete Genome,2981,1,1,385,190.0,1,1,1,1,1,A_TM
GCF_003052855.1,Lacticaseibacillus casei,DS13_13,Contig,2497,1,1,398,182.5,1,1,1,1,1,A_TM
GCF_025137495.1,Lacticaseibacillus paracasei,L1,Complete Genome,3096,1,1,385,191.2,1,1,1,1,1,A_TM
GCF_056619785.1,Lacticaseibacillus paracasei,JM053,Complete Genome,2848,1,1,385,190.6,1,1,1,1,1,A_TM
GCF_028322895.1,Lacticaseibacillus rhamnosus,1001216st2_D3_1001216I_160404,Scaffold,2640,1,1,386,199.8,1,1,1,1,1,B_SP
GCF_027692625.1,Lacticaseibacillus rhamnosus,OF38-7pH5A,Scaffold,2628,1,1,386,200.7,1,1,1,1,1,B_SP
GCF_901971795.1,Lacticaseibacillus rhamnosus,INIA P540,Contig,2755,1,1,386,199.8,1,1,1,1,1,B_SP
GCF_029874435.1,Lacticaseibacillus rhamnosus,FME96,Contig,2733,1,1,386,201.7,1,1,1,1,1,B_SP
GCF_051858115.1,Lacticaseibacillus rhamnosus,RL-4,Contig,2983,1,1,386,199.9,1,1,1,1,1,B_SP
GCF_051132775.1,Lacticaseibacillus rhamnosus,ICIS-1127,Contig,2784,1,1,386,200.7,1,1,1,1,1,B_SP
GCF_984574415.1,Lacticaseibacillus paracasei,-,Complete Genome,2864,1,1,385,193.0,1,1,1,1,1,A_TM
GCF_978044545.1,Lacticaseibacillus rhamnosus,-,Contig,2633,1,1,386,200.7,1,1,1,1,1,B_SP
GCF_001657055.1,Lacticaseibacillus rhamnosus,Lrh18,Contig,2669,1,1,386,200.7,1,1,1,1,1,B_SP
GCF_050286485.1,Lacticaseibacillus rhamnosus,JL,Contig,2678,1,1,386,200.7,1,1,1,1,1,B_SP
GCF_002406795.1,Lacticaseibacillus rhamnosus,P1,Contig,2670,1,1,386,200.7,1,1,1,1,1,B_SP
GCF_001657115.1,Lacticaseibacillus rhamnosus,Lrh14,Contig,2633,1,1,386,200.7,1,1,1,1,1,B_SP
GCF_025189425.1,Lacticaseibacillus rhamnosus,CIRM-BIA 2116,Contig,2630,1,1,386,199.8,1,1,1,1,1,B_SP
GCF_013342125.1,Lacticaseibacillus rhamnosus,OSU-PECh-69,Contig,2894,1,1,386,200.2,1,1,1,1,1,B_SP
GCF_040822755.1,Lacticaseibacillus rhamnosus,ATA-LRS1902,Scaffold,2673,1,1,386,200.7,1,1,1,1,1,B_SP
GCF_040925045.1,Lacticaseibacillus rhamnosus,1001216st2_C2_RTP21198_201120,Scaffold,2639,1,1,386,199.8,1,1,1,1,1,B_SP
GCF_001063655.1,Lacticaseibacillus rhamnosus,526_LRHA,Scaffold,2792,1,1,386,199.8,1,1,1,1,1,B_SP
GCF_020844065.2,Lacticaseibacillus rhamnosus,IMI 507023,Contig,2558,1,1,386,199.8,1,1,1,1,1,B_SP
GCF_035586595.1,Lacticaseibacillus paracasei,HP-B1337,Complete Genome,2784,1,1,385,191.5,1,1,1,1,1,A_TM
GCF_001657135.1,Lacticaseibacillus rhamnosus,Lrh13,Contig,2617,1,1,386,200.7,1,1,1,1,1,B_SP
GCF_001656605.1,Lacticaseibacillus rhamnosus,Lrh26,Contig,2643,1,1,386,198.4,1,1,1,1,1,B_SP
GCF_013425735.1,Lacticaseibacillus rhamnosus,AMC0721,Scaffold,2679,1,1,386,199.8,1,1,1,0,1,B_SP
GCF_015160815.1,Lacticaseibacillus rhamnosus,RSI3,Contig,2702,1,1,386,199.9,1,1,1,1,1,B_SP
GCF_000814485.1,Lacticaseibacillus rhamnosus,308,Contig,2727,1,1,386,199.9,1,1,1,1,1,B_SP
GCF_925281885.1,Lacticaseibacillus rhamnosus,-,Contig,2641,1,1,386,200.7,1,1,1,1,1,B_SP
GCF_041283745.2,Lacticaseibacillus paracasei,ORD 0998,Complete Genome,2829,1,1,385,191.5,1,1,1,1,1,A_TM
GCF_013425645.1,Lacticaseibacillus rhamnosus,AMC0716,Scaffold,2653,1,1,386,199.8,1,1,1,1,1,B_SP
GCF_024637915.1,Lacticaseibacillus paracasei,VHProbi F11,Complete Genome,2903,1,1,401,198.5,1,1,1,1,1,A_TM
GCF_001656895.1,Lacticaseibacillus rhamnosus,Lrh30,Contig,2667,1,1,386,199.8,1,1,1,1,1,B_SP
GCF_001065365.1,Lacticaseibacillus rhamnosus,541_LRHA,Scaffold,2633,1,1,386,199.8,1,1,1,1,1,B_SP
GCF_028878115.1,Lacticaseibacillus rhamnosus,N202,Scaffold,2644,1,1,386,201.7,1,1,1,1,1,B_SP
GCF_030217405.1,Lacticaseibacillus rhamnosus,UMB1344,Contig,2692,1,1,401,202.2,1,1,1,1,1,A_TM
GCF_002103155.1,Lacticaseibacillus rhamnosus,Lrh38,Contig,2555,1,1,386,200.7,1,1,1,1,1,B_SP
GCF_007637635.1,Lacticaseibacillus paracasei,NJ,Complete Genome,2773,1,1,401,198.5,1,1,1,1,1,A_TM
GCF_965638145.1,Lacticaseibacillus paracasei,KFAL1,Complete Genome,2845,1,1,397,163.4,1,1,1,1,1,A_TM
GCF_037966675.1,Lacticaseibacillus rhamnosus,ATA-LTC-Lrs010902,Scaffold,2595,1,1,386,200.7,1,1,1,1,1,B_SP
GCF_025189345.1,Lacticaseibacillus rhamnosus,CIRM-BIA 2120,Contig,2731,1,1,386,199.8,1,1,1,1,1,B_SP
GCF_001062885.1,Lacticaseibacillus rhamnosus,186_LRHA,Scaffold,2671,1,1,386,200.7,1,1,1,1,1,B_SP
GCF_008807095.1,Lacticaseibacillus paracasei,TCS,Complete Genome,2895,1,1,385,192.1,1,1,1,1,1,A_TM
GCF_059726125.1,Lacticaseibacillus paracasei,TOKAI 83m,Complete Genome,2950,1,1,385,190.6,1,1,1,1,1,A_TM
GCF_048500655.1,Lacticaseibacillus paracasei,CBA7104,Complete Genome,2959,1,1,385,193.0,1,1,1,1,1,A_TM
GCF_001244395.1,Lacticaseibacillus paracasei,L9,Complete Genome,2757,1,1,385,190.6,1,1,1,1,1,A_TM
GCF_002079285.1,Lacticaseibacillus paracasei,IIA,Complete Genome,2936,1,1,385,193.0,1,1,1,1,1,A_TM
GCF_028609745.1,Lacticaseibacillus paracasei,CLP-Y5,Complete Genome,2935,1,1,397,163.5,1,1,1,1,1,A_TM
GCF_041679765.1,Lacticaseibacillus rhamnosus,GG_ID,Contig,2652,1,1,386,200.7,1,1,1,1,1,B_SP
GCF_025189465.1,Lacticaseibacillus rhamnosus,CIRM-BIA 913,Contig,2542,1,1,386,199.9,1,1,1,1,1,B_SP
GCF_051252695.1,Lacticaseibacillus rhamnosus,LR01,Contig,2594,1,1,386,200.7,1,1,1,1,1,B_SP
GCF_040924925.1,Lacticaseibacillus rhamnosus,1001270st1_G4_2201SCRN_220225,Scaffold,2602,1,1,386,200.7,1,1,1,1,1,B_SP
GCF_001656975.1,Lacticaseibacillus rhamnosus,Lrh25,Contig,2645,1,1,386,198.4,1,1,1,1,1,B_SP
GCF_040924965.1,Lacticaseibacillus rhamnosus,1001216st2_F3_RTP21198_201120,Scaffold,2646,1,1,386,199.8,1,1,1,1,1,B_SP
GCF_030269985.1,Lacticaseibacillus rhamnosus,NCCP-2648,Contig,2652,1,1,386,200.2,1,1,1,1,1,B_SP
GCF_001831275.1,Lacticaseibacillus rhamnosus,ASCC 1521,Scaffold,2565,1,1,386,199.8,1,1,1,1,1,B_SP
GCF_025189265.1,Lacticaseibacillus rhamnosus,CIRM-BIA 1107,Contig,2628,1,1,386,200.3,1,1,1,1,1,B_SP
GCF_013425555.1,Lacticaseibacillus rhamnosus,AMC0713,Scaffold,2682,1,1,386,199.8,1,1,1,0,1,B_SP
GCF_054512575.1,Lacticaseibacillus rhamnosus,UMB1512,Scaffold,2518,1,1,386,199.7,1,1,1,1,1,B_SP
GCF_001656545.1,Lacticaseibacillus rhamnosus,Lrh32,Contig,2668,1,1,386,200.7,1,1,1,1,1,B_SP
GCF_001656685.1,Lacticaseibacillus rhamnosus,Lrh19,Contig,2623,1,1,401,204.2,1,1,1,1,1,A_TM
GCF_902652215.1,Lacticaseibacillus rhamnosus,-,Contig,2629,1,1,386,200.7,1,1,1,1,1,B_SP
GCF_053710615.1,Lacticaseibacillus rhamnosus,P2303,Scaffold,2737,1,1,386,200.7,1,1,1,1,1,B_SP
GCF_001656785.1,Lacticaseibacillus rhamnosus,Lrh9,Contig,2578,1,1,386,200.7,1,1,1,1,1,B_SP
GCF_024717335.1,Lacticaseibacillus paracasei,VHProbi M56,Complete Genome,2786,1,1,401,198.9,1,1,1,1,1,A_TM
GCF_025189585.1,Lacticaseibacillus rhamnosus,CIRM-BIA 1436,Contig,2643,1,1,386,199.9,1,1,1,1,1,B_SP
GCF_001044025.1,Lacticaseibacillus rhamnosus,Lr108,Contig,2586,1,1,386,201.8,1,1,1,1,1,B_SP
GCF_001068045.1,Lacticaseibacillus rhamnosus,988_LRHA,Contig,2741,1,1,386,199.8,1,1,1,1,1,B_SP
GCF_001068195.1,Lacticaseibacillus rhamnosus,943_LRHA,Contig,2759,1,1,386,199.8,1,1,1,1,1,B_SP
GCF_040914465.1,Lacticaseibacillus rhamnosus,1001270st1_A7_RTP21276_210326,Scaffold,2635,1,1,386,200.7,1,1,1,1,1,B_SP
GCF_001066975.1,Lacticaseibacillus rhamnosus,699_LRHA,Contig,2728,1,1,386,202.0,1,1,1,1,1,B_SP
GCF_001068015.1,Lacticaseibacillus rhamnosus,979_LRHA,Scaffold,2734,1,1,386,200.2,1,1,1,1,1,B_SP
GCF_001656915.1,Lacticaseibacillus rhamnosus,Lrh3,Contig,2574,1,1,386,162.4,1,1,1,1,1,A_TM
GCF_028321085.1,Lacticaseibacillus rhamnosus,1001095st1_C6_1001095A_150126,Contig,2626,1,1,386,199.7,1,1,1,1,1,B_SP
GCF_007292115.1,Lacticaseibacillus paracasei,CBA3611,Complete Genome,2841,1,1,385,192.1,1,1,1,1,1,A_TM
GCF_900248175.1,Lacticaseibacillus rhamnosus,-,Contig,2729,1,1,398,168.0,1,1,1,0,0,A_TM
GCF_015557825.1,Lacticaseibacillus rhamnosus,1001216B_150713_B1,Scaffold,2649,1,1,386,200.7,1,1,1,1,1,B_SP
GCF_025189285.1,Lacticaseibacillus rhamnosus,CIRM-BIA 909,Contig,2584,1,1,386,199.8,1,1,1,1,1,B_SP
GCF_978042475.1,Lacticaseibacillus rhamnosus,-,Contig,2813,1,1,386,201.7,1,1,1,1,1,B_SP
GCF_001656815.1,Lacticaseibacillus rhamnosus,Lrh7,Contig,2603,1,1,386,200.7,1,1,1,1,1,B_SP
GCF_032335515.1,Lacticaseibacillus rhamnosus,UbedaLab2,Contig,2633,1,1,401,202.2,1,1,1,1,1,A_TM
GCF_003052965.1,Lacticaseibacillus rhamnosus,DS4_11,Contig,2663,1,1,386,200.7,1,1,1,1,1,B_SP
GCF_978043865.1,Lacticaseibacillus rhamnosus,-,Contig,2646,1,1,386,200.7,1,1,1,1,1,B_SP
GCF_001657085.1,Lacticaseibacillus rhamnosus,Lrh16,Contig,2644,1,1,386,200.7,1,1,1,1,1,B_SP
GCF_001067625.1,Lacticaseibacillus rhamnosus,893_LRHA,Contig,2703,1,1,386,199.7,1,1,1,1,1,B_SP
GCF_001067215.1,Lacticaseibacillus rhamnosus,769_LRHA,Scaffold,2708,1,1,386,199.8,1,1,1,1,1,B_SP
GCF_034079445.1,Lacticaseibacillus paracasei,A02,Complete Genome,2782,1,1,385,190.1,1,1,1,1,1,A_TM
GCF_000784375.1,Lacticaseibacillus rhamnosus L34,L34,Contig,2673,1,1,386,200.0,1,1,1,1,1,B_SP
GCF_039838405.1,Lacticaseibacillus rhamnosus,1001216st2_B5_1001217B_191108,Scaffold,2710,1,1,386,199.8,1,1,1,1,1,B_SP
GCF_040785165.1,Lacticaseibacillus rhamnosus,gbc_B,Scaffold,2662,1,1,386,200.7,1,1,1,1,1,B_SP
GCF_001067885.1,Lacticaseibacillus rhamnosus,906_LRHA,Contig,2687,1,1,386,199.8,1,1,1,1,1,B_SP
GCF_008329845.1,Lacticaseibacillus paracasei,10266,Complete Genome,2713,1,1,385,190.6,1,1,1,0,1,A_TM
GCF_000311945.1,Lacticaseibacillus rhamnosus LRHMDP2,LRHMDP2,Contig,2678,1,1,386,202.0,1,1,1,1,1,B_SP
GCF_040924945.1,Lacticaseibacillus rhamnosus,1001270st1_A4_2201SCRN_220225,Scaffold,2648,1,1,386,200.7,1,1,1,1,1,B_SP
GCF_044990685.1,Lacticaseibacillus rhamnosus,FNCPS 477,Scaffold,2943,1,1,386,199.8,1,1,1,1,1,B_SP
GCF_051514555.1,Lacticaseibacillus paracasei,ZFM847,Complete Genome,2845,1,1,385,192.1,1,1,1,1,1,A_TM
GCF_000712495.1,Lacticaseibacillus rhamnosus E800,E800,Contig,2754,1,1,386,200.7,1,1,1,0,1,B_SP
GCF_028321835.1,Lacticaseibacillus rhamnosus,1001095st1_A7_1001095A_150126,Contig,2659,1,1,386,199.7,1,1,1,0,1,B_SP
GCF_025189405.1,Lacticaseibacillus rhamnosus,CIRM-BIA 774,Contig,2600,1,1,386,200.2,1,1,1,0,1,B_SP
GCF_000508405.1,Lacticaseibacillus rhamnosus LR231,LR231,Contig,2290,1,1,386,201.5,1,1,1,1,1,B_SP
GCF_044905105.1,Lacticaseibacillus paracasei,E,Complete Genome,2946,1,1,401,198.9,1,1,1,1,1,A_TM
GCF_978044365.1,Lacticaseibacillus rhamnosus,-,Contig,2647,1,1,386,200.7,1,1,1,1,1,B_SP
GCF_040924985.1,Lacticaseibacillus rhamnosus,1001216st2_G9_RTP21198_201120,Scaffold,2642,1,1,386,199.8,1,1,1,1,1,B_SP
GCF_002192215.1,Lacticaseibacillus casei,LC5,Complete Genome,2821,1,1,387,188.7,1,1,1,1,1,B_SP
GCF_002257625.1,Lacticaseibacillus paracasei,TK1501,Complete Genome,2631,1,1,385,193.0,1,1,1,1,1,A_TM
GCF_000699985.1,Lacticaseibacillus rhamnosus 51B,51B,Contig,2643,1,1,386,199.8,1,1,1,1,1,B_SP
GCF_057786875.1,Lacticaseibacillus rhamnosus GG,UBLR-59,Contig,2658,1,1,386,200.7,1,1,1,1,1,B_SP
GCF_015476095.1,Lacticaseibacillus casei,MGB0470,Complete Genome,2531,1,1,398,182.5,1,1,1,1,1,A_TM
GCF_003177075.1,Lacticaseibacillus paracasei,EG9,Complete Genome,2727,1,1,385,192.0,1,1,1,1,1,A_TM
GCF_000712505.1,Lacticaseibacillus rhamnosus PEL5,PEL5,Contig,2619,1,1,386,200.7,1,1,1,1,1,B_SP
GCF_025212175.1,Lacticaseibacillus rhamnosus,CIRM-BIA 777,Contig,2675,1,1,386,199.9,1,1,1,1,1,B_SP
GCF_001831235.1,Lacticaseibacillus rhamnosus,ASCC 3029,Scaffold,2644,1,1,386,200.2,1,1,1,1,1,B_SP
GCF_000829055.1,Lacticaseibacillus casei DSM 20011 = JCM 1134 = ATCC 393,ATCC 393,Complete Genome,2545,1,1,398,182.5,1,1,1,1,1,A_TM
GCF_000155515.2,Lacticaseibacillus paracasei subsp. paracasei 8700:2,362.5013889,Complete Genome,2806,1,1,385,193.0,1,1,1,1,1,A_TM
GCF_030770335.1,Lacticaseibacillus zeae subsp. silagei,NCIMB 15474,Complete Genome,2706,1,1,387,190.0,1,1,1,1,1,B_SP
GCF_000439275.1,Limosilactobacillus reuteri TD1,TD1,Complete Genome,1892,1,0,,,0,0,0,1,1,D_dltE_absent
GCF_005341425.1,Limosilactobacillus fermentum,B1 28,Chromosome,1737,1,0,,,0,0,0,1,1,D_dltE_absent
GCF_056676095.1,Limosilactobacillus mucosae,CXY,Complete Genome,1876,1,0,,,0,0,0,1,1,D_dltE_absent
GCF_000160835.1,Limosilactobacillus antri DSM 16041,DSM 16041,Scaffold,2099,1,0,,,0,0,0,1,1,D_dltE_absent
GCF_035231985.1,Ligilactobacillus salivarius,B4311,Complete Genome,1913,1,0,,,0,0,0,1,1,D_dltE_absent
GCF_004101845.1,Latilactobacillus curvatus JCM 1096 = DSM 20019,DSM 20019,Complete Genome,1799,1,1,382,196.7,1,1,1,1,1,C_CYTO
GCF_009933595.1,Ligilactobacillus animalis,P38,Complete Genome,1763,1,0,,,0,0,0,1,1,D_dltE_absent
GCF_009676365.1,Latilactobacillus sakei,CBA3614,Complete Genome,1924,1,1,383,176.0,1,1,1,1,1,B_SP
GCF_014058425.1,Companilactobacillus pabuli,NFFJ11,Complete Genome,2340,1,1,358,199.8,1,1,1,0,1,B_SP
GCF_002706745.1,Companilactobacillus farciminis KCTC 3681 = DSM 20184,DSM 20184,Complete Genome,2421,1,1,358,204.8,1,1,1,0,1,B_SP
GCF_000831645.3,Companilactobacillus heilongjiangensis,DSM 28069,Complete Genome,2379,1,1,358,217.2,1,1,1,0,1,B_SP
GCF_900475625.1,Levilactobacillus brevis,NCTC13768,Complete Genome,2371,1,1,392,272.3,1,1,1,1,1,B_SP
GCF_965211585.1,Companilactobacillus crustorum,LMG 23699,Complete Genome,2069,1,1,358,201.2,1,1,1,0,1,B_SP
GCF_003606365.2,Companilactobacillus zhachilii,HBUAS52074,Complete Genome,2423,1,1,358,220.0,1,1,1,0,1,B_SP
GCF_040688005.1,Companilactobacillus musae,zy 130,Complete Genome,2330,1,1,361,200.5,1,1,1,0,1,B_SP
GCF_002849895.1,Companilactobacillus alimentarius DSM 20249,DSM 20249,Complete Genome,2219,1,1,358,207.8,1,1,1,0,1,B_SP
GCF_001971585.1,Companilactobacillus allii,WiKim39,Complete Genome,2471,1,1,374,191.7,1,1,1,0,0,B_SP
GCF_963227125.1,Companilactobacillus paralimentarius,R19092,Complete Genome,2401,1,1,358,192.3,1,1,1,0,1,B_SP
GCF_006007945.1,Companilactobacillus futsaii,Y97,Complete Genome,2431,1,0,,,0,0,0,0,1,D_dltE_absent
GCF_001050475.1,Companilactobacillus ginsenosidimutans,EMML 3041,Complete Genome,2450,1,1,370,223.1,1,1,1,0,1,B_SP
GCF_003573535.1,Companilactobacillus formosensis,S215,Scaffold,2369,1,1,358,204.5,1,1,1,0,1,B_SP
GCF_002872255.1,Companilactobacillus nuruki,SYF10-1a,Contig,2519,1,1,359,197.7,1,1,1,0,1,B_SP
GCF_001592065.1,Companilactobacillus nodensis DSM 19682 = JCM 14932 = NBRC 107160,NBRC 107160,Contig,2617,1,1,372,200.3,1,1,1,0,1,B_SP
GCF_001434295.1,Companilactobacillus versmoldensis DSM 14857 = KCTC 3814,DSM 14857,Contig,2245,1,1,303,209.2,1,1,1,0,1,C_CYTO
GCF_004117915.1,Companilactobacillus metriopterae,JCM 31635,Contig,1510,1,1,354,197.1,1,1,1,0,1,B_SP
GCF_003946605.1,Companilactobacillus baiquanensis,184-8,Contig,2125,1,1,359,212.7,1,1,1,0,1,B_SP
GCF_002179915.1,Companilactobacillus bobalius,KACC 16343,Contig,2768,1,1,358,196.2,1,1,1,0,1,B_SP
GCF_003946505.1,Companilactobacillus mishanensis,256-3,Contig,2205,1,1,372,209.5,1,1,1,0,1,B_SP
GCF_036246245.1,Companilactobacillus muriivasis,419-1.2,Scaffold,2395,1,1,358,218.7,1,1,1,0,1,B_SP
GCF_036913615.1,Companilactobacillus miaonis,HBUAS56257,Scaffold,2472,1,1,358,196.8,1,1,1,0,1,B_SP
GCF_003946555.1,Companilactobacillus hulinensis,8-1(1),Contig,2463,1,1,372,197.8,1,1,1,0,1,B_SP
GCF_005404815.1,Companilactobacillus huachuanensis,395-6.2,Scaffold,2613,1,1,358,219.4,1,1,1,0,1,B_SP
GCF_001435445.1,Companilactobacillus kimchii DSM 13961 = JCM 10707,DSM 13961,Scaffold,2601,1,1,358,193.7,1,1,1,0,1,B_SP
GCF_004745525.1,Companilactobacillus suantsaicola,BCRC 81127,Contig,2398,1,1,357,195.8,1,1,1,0,1,B_SP
GCF_003946575.1,Companilactobacillus jidongensis,204-8,Contig,2638,1,1,372,197.7,1,1,1,0,1,B_SP
GCF_003946625.1,Companilactobacillus kedongensis,116-2,Contig,2147,1,1,359,220.4,1,1,1,0,1,B_SP
GCF_001438805.1,Companilactobacillus kimchiensis,DSM 24716,Contig,2562,1,1,374,203.2,1,1,1,0,1,B_SP
GCF_007992055.1,Companilactobacillus mindensis,NBRC 107162,Contig,2140,1,1,358,206.6,1,1,1,0,1,B_SP
GCF_001434665.1,Companilactobacillus tucceti DSM 20183,DSM 20183,Scaffold,2073,1,1,359,224.0,1,1,1,0,1,B_SP
GCF_003946205.1,Companilactobacillus keshanensis,33-7,Contig,2197,1,1,359,214.7,1,1,1,0,1,B_SP
GCF_003946325.1,Companilactobacillus furfuricola,JCM 18764,Contig,2476,1,1,367,234.7,1,1,1,0,1,B_SP
GCF_007991935.1,Companilactobacillus nantensis,NBRC 107153,Contig,2726,1,1,360,203.4,1,1,1,0,1,B_SP
GCF_003946015.1,Companilactobacillus insicii,DSM 29801,Contig,2378,1,1,372,204.8,1,1,1,0,1,B_SP
GCF_003946515.1,Companilactobacillus zhongbaensis,M1575,Contig,2387,1,1,367,232.4,1,1,1,0,1,B_SP
GCF_009600995.1,Companilactobacillus halodurans,TMW 1.1920,Contig,2409,1,1,358,200.5,1,1,1,0,1,B_SP
GCF_019575995.1,Apilactobacillus kunkeei,DSMZ 12361,Complete Genome,1343,0,0,,,0,0,0,1,1,E_no_dlt
GCF_036913655.1,Companilactobacillus sp. HBUAS56275,HBUAS56275,Scaffold,2523,1,1,358,196.7,1,1,1,0,1,B_SP
GCF_042664855.1,Apilactobacillus apinorum,CCUG 63287,Contig,1318,0,0,,,0,0,0,1,1,E_no_dlt
GCF_003176835.1,Lactococcus lactis subsp. lactis,14B4,Complete Genome,2539,1,0,,,0,0,0,0,0,D_dltE_absent
GCF_016026695.1,Lactococcus garvieae,FDAARGOS_929,Complete Genome,1962,1,0,,,0,0,0,0,0,D_dltE_absent
GCF_006493595.1,Apilactobacillus micheneri,HV_65,Contig,1442,0,0,,,0,0,0,1,1,E_no_dlt
GCF_000014445.1,Leuconostoc mesenteroides subsp. mesenteroides ATCC 8293,ATCC 8293,Complete Genome,1992,1,1,380,134.3,1,1,1,1,1,A_TM
GCF_016127815.1,Pediococcus acidilactici,FDAARGOS_1007,Complete Genome,1925,1,1,382,176.6,1,1,1,0,1,B_SP
GCF_007954785.1,Leuconostoc citreum,CBA3621,Complete Genome,1851,1,1,378,152.9,1,1,1,1,1,A_TM
GCF_000014505.1,Pediococcus pentosaceus ATCC 25745,ATCC 25745,Complete Genome,1732,1,1,374,158.5,1,1,1,0,1,B_SP
GCF_000393015.1,Enterococcus faecalis EnGen0336,T5,Scaffold,2664,1,1,388,180.4,1,1,1,1,0,A_TM
GCF_022802755.1,Lacticaseibacillus rhamnosus,3195-SD0196,Contig,2602,1,1,386,200.7,1,1,1,1,1,B_SP
GCF_009734005.1,Enterococcus faecium,SRR24,Complete Genome,2621,1,1,386,132.7,1,1,1,1,0,A_TM
GCF_000022965.1,Bifidobacterium animalis subsp. lactis DSM 10140,DSM 10140,Complete Genome,1536,0,0,,,0,0,0,0,0,E_no_dlt
GCF_000196555.1,Bifidobacterium longum subsp. longum JCM 1217,JCM 1217,Complete Genome,1884,0,0,,,0,0,0,0,0,E_no_dlt
GCF_054729175.1,Limosilactobacillus reuteri subsp. reuteri,F 275,Complete Genome,1897,1,0,,,0,0,0,1,1,D_dltE_absent
GCF_018363095.1,Lacticaseibacillus casei,FBL6,Complete Genome,2768,1,1,387,190.0,1,1,1,1,1,B_SP
GCF_018363055.1,Lacticaseibacillus zeae,FBL8,Complete Genome,2751,1,1,387,187.7,1,1,1,1,1,B_SP
GCF_000829035.1,Lacticaseibacillus paracasei subsp. paracasei,JCM 8130,Complete Genome,2685,1,1,385,192.0,1,1,1,1,1,A_TM
GCF_002370355.1,Latilactobacillus sakei subsp. sakei DSM 20017 = JCM 1157,LT-13,Complete Genome,1838,0,1,383,176.0,1,1,1,1,1,E_no_dlt
GCF_014841055.1,Ligilactobacillus salivarius,ZLp4b,Complete Genome,2094,1,0,,,0,0,0,1,1,D_dltE_absent
GCF_058268395.1,Limosilactobacillus mucosae,YM1223,Complete Genome,2145,1,0,,,0,0,0,1,1,D_dltE_absent
GCF_001435475.1,Limosilactobacillus antri DSM 16041,DSM 16041,Contig,2101,1,0,,,0,0,0,1,1,D_dltE_absent
GCF_002224425.1,Latilactobacillus curvatus,MRS6,Complete Genome,1964,1,1,382,199.1,1,1,1,1,1,C_CYTO
GCF_044792165.1,Ligilactobacillus animalis,D27,Complete Genome,2117,1,0,,,0,0,0,1,1,D_dltE_absent
GCF_003855655.1,Limosilactobacillus fermentum,LMT2-75,Complete Genome,2056,1,0,,,0,0,0,1,1,D_dltE_absent
GCF_002762175.1,Levilactobacillus brevis,BDGP6,Complete Genome,2701,1,1,392,271.2,1,1,1,1,1,B_SP
GCF_028335385.1,Companilactobacillus farciminis,K68-8,Complete Genome,2426,1,1,358,203.6,1,1,1,0,1,B_SP
GCF_007991795.1,Companilactobacillus alimentarius,NBRC 106464,Contig,2203,1,1,358,207.8,1,1,1,0,1,B_SP
GCF_028870515.1,Companilactobacillus crustorum,X66,Complete Genome,2331,1,1,358,200.6,1,1,1,0,1,B_SP
GCF_041222795.1,Companilactobacillus pabuli,BD-CP,Complete Genome,2385,1,1,358,199.8,1,1,1,0,1,B_SP
GCF_003967595.1,Companilactobacillus musae,NBRC 112868,Contig,2256,1,1,361,200.5,1,1,1,0,1,B_SP
GCF_963506725.1,Companilactobacillus paralimentarius,IMDO BBRM18,Complete Genome,2574,1,1,358,194.0,1,1,1,0,1,B_SP
GCF_023923085.1,Companilactobacillus allii,WiKim39,Complete Genome,2475,1,1,374,191.7,1,1,1,0,1,B_SP
GCF_005405325.1,Companilactobacillus heilongjiangensis,S4-3,Contig,2364,1,1,358,217.2,1,1,1,0,1,B_SP
GCF_042680505.1,Companilactobacillus mishanensis,CCM 8901,Contig,2205,1,1,372,209.5,1,1,1,0,1,B_SP
GCF_005405305.1,Companilactobacillus formosensis,NBRC 109509,Scaffold,2371,1,1,358,204.5,1,1,1,0,1,B_SP
GCF_016756995.1,Companilactobacillus zhachilii,ANB-1,Contig,2471,1,1,358,222.0,1,1,1,0,1,B_SP
GCF_001435555.1,Companilactobacillus nodensis DSM 19682 = JCM 14932 = NBRC 107160,DSM 19682,Scaffold,2612,1,1,372,200.3,1,1,1,0,1,B_SP
GCF_042659165.1,Companilactobacillus huachuanensis,CCM 8927,Scaffold,2604,1,1,358,219.4,1,1,1,0,1,B_SP
GCF_009764355.1,Companilactobacillus bobalius,203,Contig,2791,1,1,358,193.6,1,1,1,0,1,B_SP
GCF_015566135.1,Companilactobacillus futsaii subsp. chongqingensis,CQ16Z1,Complete Genome,2351,1,1,358,199.6,1,1,1,0,1,B_SP
GCF_042659265.1,Companilactobacillus baiquanensis,CCM 8895,Contig,2128,1,1,359,212.7,1,1,1,0,1,B_SP
GCF_001435815.1,Companilactobacillus nantensis DSM 16982,DSM 16982,Contig,2714,1,1,360,203.4,1,1,1,0,1,B_SP
GCF_009764365.1,Companilactobacillus kimchii,DSM 13961,Contig,2615,1,1,358,193.7,1,1,1,0,1,B_SP
GCF_036913635.1,Companilactobacillus miaonis,HBUAS59544,Scaffold,2348,1,1,358,194.6,1,1,1,0,1,B_SP
GCF_000260455.1,Companilactobacillus versmoldensis DSM 14857 = KCTC 3814,KCTC 3814,Contig,2284,1,1,303,209.2,1,1,1,0,1,C_CYTO
GCF_001314945.1,Apilactobacillus kunkeei,MP2,Complete Genome,1414,0,0,,,0,0,0,1,1,E_no_dlt
GCF_009600985.1,Companilactobacillus halodurans,TMW 1.2172,Contig,2735,1,1,358,200.5,1,1,1,0,1,B_SP
GCF_036246265.1,Companilactobacillus muriivasis,262-4,Scaffold,2535,1,1,358,216.1,1,1,1,0,1,B_SP
GCF_001434275.1,Companilactobacillus mindensis DSM 14500,DSM 14500,Scaffold,2164,1,1,358,206.6,1,1,1,0,1,B_SP
GCF_001047695.1,Leuconostoc mesenteroides subsp. dextranicum,DSM 20484,Complete Genome,1700,1,1,380,136.4,1,1,1,1,1,A_TM
GCF_029024465.1,Lactococcus garvieae subsp. garvieae,DSM 20684,Complete Genome,1977,1,0,,,0,0,0,0,0,D_dltE_absent
GCF_946888465.1,Apilactobacillus apinorum,Fhon13,Complete Genome,1328,0,0,,,0,0,0,1,1,E_no_dlt
GCF_042680465.1,Companilactobacillus keshanensis,CCM 8936,Contig,2179,1,1,359,214.7,1,1,1,0,1,B_SP
GCF_015277835.1,Leuconostoc citreum,37,Complete Genome,1901,1,1,378,152.3,1,1,1,1,1,A_TM
GCF_016726765.1,Pediococcus acidilactici,FDAARGOS_1133,Complete Genome,1795,1,1,379,173.8,1,1,1,0,1,B_SP
GCF_002993975.1,Apilactobacillus micheneri,Hlig3,Contig,1415,0,0,,,0,0,0,1,1,E_no_dlt
GCF_022835675.1,Companilactobacillus sp. RD055328,RD055328,Scaffold,1384,0,0,,,0,0,0,0,1,E_no_dlt
GCF_016127775.1,Pediococcus pentosaceus,FDAARGOS_1009,Complete Genome,1625,1,1,369,147.8,1,1,1,0,1,A_TM
GCF_001656925.1,Lacticaseibacillus rhamnosus,Lrh28,Contig,2711,1,1,386,200.7,1,1,1,1,1,B_SP
GCF_029024925.1,Enterococcus faecalis,DSM 20478,Complete Genome,2668,1,1,388,180.2,1,1,1,1,0,A_TM
GCF_029023865.1,Lactococcus lactis,DSM 20481,Complete Genome,2480,1,0,,,0,0,0,0,0,D_dltE_absent
GCF_000010005.1,Limosilactobacillus reuteri subsp. reuteri JCM 1112 = DSM 20016,JCM 1112,Complete Genome,1903,1,0,,,0,0,0,1,1,D_dltE_absent
GCF_900492555.1,Lacticaseibacillus zeae,-,Complete Genome,2726,1,1,387,190.0,1,1,1,1,1,B_SP
GCF_000260715.1,Bifidobacterium animalis subsp. animalis ATCC 25527,ATCC 25527,Complete Genome,1503,0,0,,,0,0,0,0,0,E_no_dlt
GCF_029023785.1,Enterococcus faecium,DSM 20477,Complete Genome,2440,1,1,386,134.9,1,1,1,1,0,A_TM
GCF_032466055.1,Lacticaseibacillus casei,LMG 24099,Complete Genome,2773,1,1,387,188.7,1,1,1,1,1,B_SP
GCF_900637335.1,Bifidobacterium longum,NCTC11818,Complete Genome,1885,0,0,,,0,0,0,0,0,E_no_dlt
GCF_932750845.1,Limosilactobacillus antri,-,Contig,2143,1,0,,,0,0,0,1,1,D_dltE_absent
GCF_029854175.1,Latilactobacillus sakei,HUP1,Complete Genome,2034,1,1,383,176.0,1,1,1,1,1,B_SP
GCF_055396885.1,Ligilactobacillus animalis,L11-2,Complete Genome,1817,1,0,,,0,0,0,1,1,D_dltE_absent
GCF_028609725.1,Lacticaseibacillus paracasei,CLP-C10,Complete Genome,2961,1,1,401,198.5,1,1,1,1,1,A_TM
GCF_060303985.1,Ligilactobacillus salivarius,LBMCM71,Complete Genome,1767,1,0,,,0,0,0,1,1,D_dltE_absent
GCF_008802915.1,Limosilactobacillus fermentum,2760,Complete Genome,1940,1,0,,,0,0,0,1,1,D_dltE_absent
GCF_029663615.1,Companilactobacillus pabuli,AACE 5,Contig,2386,1,1,358,199.8,1,1,1,0,1,B_SP
GCF_057767465.1,Limosilactobacillus mucosae,Z6,Complete Genome,1996,1,0,,,0,0,0,1,1,D_dltE_absent
GCF_006228205.1,Levilactobacillus brevis,UCCLBBS124,Complete Genome,2529,1,1,392,272.6,1,1,1,1,1,B_SP
GCF_054665435.1,Latilactobacillus curvatus,ZBR-33,Complete Genome,1963,1,1,392,200.6,1,1,1,1,1,B_SP
GCF_963506805.1,Companilactobacillus paralimentarius,R18618,Complete Genome,2575,1,1,358,192.3,1,1,1,0,1,B_SP
GCF_040969805.1,Companilactobacillus farciminis,YLR-1,Complete Genome,2233,1,1,358,203.5,1,1,1,0,1,B_SP
GCF_001951175.1,Companilactobacillus crustorum,MN047,Complete Genome,2147,1,1,358,201.0,1,1,1,0,1,B_SP
GCF_001434745.1,Companilactobacillus alimentarius DSM 20249,DSM 20249,Scaffold,2211,1,1,358,207.8,1,1,1,0,1,B_SP
GCF_001434855.1,Companilactobacillus bobalius DSM 19674,DSM 19674,Scaffold,2769,1,1,358,196.2,1,1,1,0,1,B_SP
GCF_015654125.1,Companilactobacillus futsaii,CQ16Z11,Complete Genome,2419,1,1,358,199.6,1,1,1,0,1,B_SP
GCF_003573575.1,Companilactobacillus musae,313,Scaffold,2269,1,1,361,200.5,1,1,1,0,1,B_SP
GCF_052409115.1,Companilactobacillus zhachilii,TPM 12.9,Contig,2523,1,1,358,220.5,1,1,1,0,1,B_SP
GCF_003946005.1,Companilactobacillus allii,JCM 31938,Contig,2476,1,1,374,191.7,1,1,1,0,1,B_SP
GCF_057541095.1,Companilactobacillus sp. y65-5,y65-5,Contig,2574,1,1,370,197.6,1,1,1,0,1,B_SP
GCF_002191155.1,Companilactobacillus kimchii,KACC 12383,Contig,2600,1,1,358,193.7,1,1,1,0,1,B_SP
GCF_009600965.1,Companilactobacillus mishanensis,TMW 1.2098,Contig,2302,1,1,322,208.9,1,1,1,0,1,C_CYTO
GCF_965286425.1,Pediococcus pentosaceus,HF-IBB-737,Complete Genome,1901,1,1,367,145.6,1,1,1,0,1,A_TM
GCF_016028835.1,Lactococcus lactis,FDAARGOS_865,Complete Genome,2470,1,0,,,0,0,0,0,0,D_dltE_absent
GCF_000615905.1,Companilactobacillus nodensis DSM 19682 = JCM 14932 = NBRC 107160,JCM 14932,Contig,2549,1,1,372,200.3,1,1,1,0,0,B_SP
GCF_047551945.1,Apilactobacillus kunkeei,CA1,Complete Genome,1401,0,0,,,0,0,0,1,1,E_no_dlt
GCF_017132775.1,Bifidobacterium longum subsp. longum,KCTC 3128,Complete Genome,1888,0,0,,,0,0,0,0,0,E_no_dlt
GCF_040367345.1,Apilactobacillus apinorum,20H-10,Contig,1341,0,0,,,0,0,0,1,1,E_no_dlt
GCF_001886915.1,Leuconostoc mesenteroides subsp. jonggajibkimchii,DRC1506,Complete Genome,1835,1,1,380,134.6,1,1,1,0,1,A_TM
GCF_000269925.1,Lactococcus garvieae ATCC 49156,ATCC 49156,Complete Genome,1866,1,0,,,0,0,0,0,0,D_dltE_absent
GCF_054720465.2,Lacticaseibacillus paracasei,LBT2,Complete Genome,2852,1,1,385,190.6,1,1,1,1,1,A_TM
GCF_051131545.1,Pediococcus acidilactici,AF2519,Complete Genome,2083,1,1,379,173.7,1,1,1,0,1,B_SP
GCF_020309945.1,Bifidobacterium animalis subsp. lactis,19-D-1,Complete Genome,1543,0,0,,,0,0,0,0,0,E_no_dlt
GCF_965286325.1,Companilactobacillus nantensis,VUB-H036 M5,Contig,2606,1,1,360,203.4,1,1,1,0,1,B_SP
GCF_059089285.1,Limosilactobacillus mucosae,SXC,Complete Genome,1988,1,0,,,0,0,0,1,1,D_dltE_absent
GCF_003112615.1,Apilactobacillus micheneri,NBRC 113063,Contig,1388,0,0,,,0,0,0,1,1,E_no_dlt
GCF_030770315.1,Lacticaseibacillus zeae subsp. silagei,NCIMB 15475,Complete Genome,2748,1,1,387,190.0,1,1,1,1,1,B_SP
GCF_022869705.1,Enterococcus faecalis,PartL-Efaecalis-RM8376,Complete Genome,2667,1,1,388,180.2,1,1,1,1,0,A_TM
GCF_932750855.1,Limosilactobacillus antri,-,Contig,2158,1,0,,,0,0,0,1,1,D_dltE_absent
GCF_001657205.1,Lacticaseibacillus rhamnosus,Lrh42,Contig,2629,1,1,386,199.8,1,1,1,1,1,B_SP
GCF_006228285.1,Levilactobacillus brevis,UCCLBBS449,Complete Genome,2528,1,1,392,270.6,1,1,1,1,1,B_SP
GCF_982553865.1,Leuconostoc citreum,-,Complete Genome,1911,1,1,378,152.3,1,1,1,1,1,A_TM
GCF_054890615.1,Latilactobacillus sakei,SBL-83-2,Complete Genome,2060,1,1,383,176.0,1,1,1,1,1,B_SP
GCF_000016825.1,Limosilactobacillus reuteri subsp. reuteri JCM 1112 = DSM 20016,DSM 20016,Complete Genome,1866,1,0,,,0,0,0,1,1,D_dltE_absent
GCF_001720945.1,Enterococcus faecium,ISMMS_VRE_1,Complete Genome,2852,1,1,386,130.7,1,1,1,1,0,A_TM
GCF_030169145.1,Ligilactobacillus salivarius,ZSA5,Complete Genome,2082,1,0,,,0,0,0,1,1,D_dltE_absent
GCF_963227645.1,Companilactobacillus crustorum,IMDO BLLM15,Complete Genome,2112,1,1,358,201.2,1,1,1,0,1,B_SP
GCF_032190555.1,Companilactobacillus alimentarius,7.2.6,Contig,2471,1,1,358,207.8,1,1,1,0,1,B_SP
GCF_054031115.1,Lacticaseibacillus casei,HC1378,Complete Genome,2551,1,1,398,182.5,1,1,1,1,1,A_TM
GCF_030062395.1,Ligilactobacillus animalis,ZSB1,Complete Genome,1743,1,0,,,0,0,0,1,1,D_dltE_absent
GCF_980647985.1,Companilactobacillus nodensis,-,Contig,2379,1,1,372,200.3,1,1,1,0,1,B_SP
GCF_009600905.1,Companilactobacillus mishanensis,TMW 1.2188,Contig,2211,1,1,372,208.9,1,1,1,0,1,B_SP
GCF_002119645.1,Limosilactobacillus fermentum,FTDC 8312,Complete Genome,2025,1,0,,,0,0,0,1,1,D_dltE_absent
GCF_963227255.1,Companilactobacillus paralimentarius,IMDO 1MG105,Complete Genome,2465,1,1,358,192.3,1,1,1,0,1,B_SP
GCF_019576055.1,Apilactobacillus kunkeei,7K4AA,Complete Genome,1400,0,0,,,0,0,0,1,1,E_no_dlt
GCF_964063355.1,Latilactobacillus curvatus,-,Complete Genome,2019,1,1,379,196.2,1,1,1,1,1,C_CYTO
GCF_001281175.1,Apilactobacillus apinorum,Fhon13,Scaffold,1318,0,0,,,0,0,0,1,1,E_no_dlt
GCF_001311095.1,Companilactobacillus kimchii DSM 13961 = JCM 10707,JCM 10707,Contig,2540,1,1,362,194.0,1,1,1,0,1,B_SP
GCF_037891815.1,Lactococcus garvieae,R22-8,Complete Genome,2329,0,0,,,0,0,0,0,0,E_no_dlt
GCF_004354695.1,Companilactobacillus farciminis,ATCC 29644,Contig,2418,1,1,358,204.8,1,1,1,0,1,B_SP
GCF_055699135.1,Leuconostoc mesenteroides,DM-1210,Complete Genome,2068,1,1,380,134.9,1,1,1,1,1,A_TM
GCF_006493195.1,Apilactobacillus micheneri,HV_32,Contig,1434,0,0,,,0,0,0,1,1,E_no_dlt
GCF_034703025.1,Pediococcus acidilactici,AF2019,Complete Genome,2083,1,1,382,174.0,1,1,1,0,1,B_SP
GCF_001435505.1,Companilactobacillus futsaii JCM 17355,JCM 17355,Scaffold,2483,1,0,,,0,0,0,0,1,D_dltE_absent
GCF_047456375.1,Limosilactobacillus reuteri,ZJ617,Complete Genome,2369,1,0,,,0,0,0,1,1,D_dltE_absent
GCF_038396835.1,Leuconostoc citreum,DMLC16,Complete Genome,1820,1,1,378,152.9,1,1,1,1,1,A_TM
GCF_047716585.1,Bifidobacterium animalis subsp. lactis,SK-2,Complete Genome,1531,0,0,,,0,0,0,0,0,E_no_dlt
GCF_021610105.1,Enterococcus faecalis,UK045,Complete Genome,3266,1,1,388,178.7,1,1,1,1,0,A_TM
GCF_045348415.1,Lactococcus lactis,2B-9,Complete Genome,2534,1,0,,,0,0,0,0,0,D_dltE_absent
GCF_056485875.1,Enterococcus faecium,s47e1,Complete Genome,2970,1,1,389,149.6,1,1,1,1,0,A_TM
GCF_000260435.1,Lacticaseibacillus zeae DSM 20178 = KCTC 3804,KCTC 3804,Contig,2812,1,1,387,187.7,1,1,1,1,1,B_SP
GCF_054484435.1,Lacticaseibacillus rhamnosus,UMB7586,Scaffold,2537,1,1,386,199.7,1,1,1,1,1,B_SP
GCF_030480445.1,Pediococcus pentosaceus,ZZ61,Complete Genome,1778,1,1,367,145.6,1,1,1,0,1,A_TM
GCF_053653815.1,Lacticaseibacillus casei,HP-B1749,Complete Genome,2520,1,1,398,182.5,1,1,1,1,1,A_TM
GCF_900234355.1,Latilactobacillus sakei,J64,Complete Genome,2053,1,1,383,176.0,1,1,1,1,1,B_SP
GCF_036913575.1,Companilactobacillus sp. HBUAS59699,HBUAS59699,Scaffold,2323,1,1,372,198.5,1,1,1,0,1,B_SP
GCF_900637215.1,Bifidobacterium longum subsp. infantis,NCTC11817,Complete Genome,2438,0,0,,,0,0,0,0,0,E_no_dlt
GCF_009676625.1,Limosilactobacillus fermentum,USM 8633,Complete Genome,2028,1,0,,,0,0,0,1,1,D_dltE_absent
GCF_030438335.1,Ligilactobacillus animalis,SRCM217969,Complete Genome,1719,1,0,,,0,0,0,1,1,D_dltE_absent
GCF_003410375.1,Latilactobacillus curvatus,TMW 1.1928,Complete Genome,2060,1,1,379,196.2,1,1,1,1,1,C_CYTO
GCF_009600915.1,Companilactobacillus mishanensis,TMW 1.2118,Contig,2303,1,1,372,209.5,1,1,1,0,1,B_SP
GCF_000184535.1,Companilactobacillus farciminis KCTC 3681 = DSM 20184,KCTC 3681,Scaffold,2401,1,1,349,205.0,1,1,1,0,1,B_SP
GCF_963227545.1,Companilactobacillus paralimentarius,IMDO 1MG81,Complete Genome,2464,1,1,358,192.3,1,1,1,0,1,B_SP
GCF_049241365.1,Leuconostoc citreum,DMLC23,Complete Genome,1820,1,1,378,152.9,1,1,1,1,1,A_TM
GCF_002117345.1,Levilactobacillus brevis,TMW 1.2108,Complete Genome,2770,1,1,392,271.2,1,1,1,1,1,B_SP
GCF_980654405.1,Companilactobacillus nodensis,-,Contig,2379,1,1,372,200.3,1,1,1,0,1,B_SP
GCF_035919605.1,Apilactobacillus kunkeei,GYUN-333,Complete Genome,1354,0,0,,,0,0,0,1,1,E_no_dlt
GCF_056485845.1,Enterococcus faecium,s47v1,Complete Genome,2966,1,1,389,149.6,1,1,1,1,0,A_TM
GCF_007992035.1,Companilactobacillus crustorum,NBRC 107159,Contig,2056,1,1,358,201.2,1,1,1,0,1,B_SP
GCF_006493225.1,Apilactobacillus micheneri,HV_14,Contig,1388,0,0,,,0,0,0,1,1,E_no_dlt
GCF_002370415.1,Leuconostoc mesenteroides,LK-151,Complete Genome,2071,1,1,380,132.7,1,1,1,1,1,A_TM
GCF_030061895.1,Lacticaseibacillus paracasei,GM-080,Complete Genome,2852,1,1,385,192.1,1,1,1,1,1,A_TM
GCF_019107585.1,Lacticaseibacillus casei,N,Chromosome,2698,1,1,387,190.0,1,1,1,1,1,B_SP
GCF_049562395.1,Limosilactobacillus mucosae,Q2,Complete Genome,1926,1,0,,,0,0,0,1,1,D_dltE_absent
GCF_050485625.1,Enterococcus faecalis,C2198,Complete Genome,3166,1,1,388,178.7,1,1,1,1,0,A_TM
GCF_045348395.1,Lactococcus lactis,2B-1,Complete Genome,2514,1,0,,,0,0,0,0,0,D_dltE_absent
GCF_017134375.1,Limosilactobacillus fermentum,GR1007,Complete Genome,2030,1,0,,,0,0,0,1,1,D_dltE_absent
GCF_057979015.1,Pediococcus pentosaceus,HBC1,Complete Genome,1771,1,1,367,148.6,1,1,1,0,1,B_SP
GCF_018449495.1,Lacticaseibacillus rhamnosus,Lr-G14,Contig,2625,1,1,386,200.7,1,1,1,1,1,B_SP
GCF_011045395.1,Ligilactobacillus salivarius,IBB3154,Complete Genome,1982,1,0,,,0,0,0,1,1,D_dltE_absent
GCF_045689645.1,Lactococcus garvieae,VC13,Complete Genome,2086,1,0,,,0,0,0,0,0,D_dltE_absent
GCF_017132755.1,Bifidobacterium longum subsp. suillum,JCM 19995,Complete Genome,1842,0,0,,,0,0,0,0,0,E_no_dlt
GCF_039880275.1,Levilactobacillus brevis,PYN10-6-2,Complete Genome,2573,1,1,392,272.6,1,1,1,1,1,B_SP
GCF_050877025.1,Companilactobacillus alimentarius,CNTA 209,Scaffold,2288,1,1,358,207.8,1,1,1,0,1,B_SP
GCF_060107825.1,Lacticaseibacillus paracasei,PC18,Complete Genome,2817,1,1,401,198.5,1,1,1,1,1,A_TM
GCF_046843085.1,Pediococcus acidilactici,GR-5,Complete Genome,1967,1,1,382,174.0,1,1,1,0,1,B_SP
GCF_030062785.1,Ligilactobacillus salivarius,S92,Complete Genome,2070,1,0,,,0,0,0,1,1,D_dltE_absent
GCF_054881455.1,Companilactobacillus sp. FL22-3,FL22-3,Contig,2376,1,1,360,185.4,1,1,1,1,1,B_SP
GCF_030253625.1,Bifidobacterium animalis subsp. lactis,GG6C12,Complete Genome,1535,0,0,,,0,0,0,0,0,E_no_dlt
GCF_054601835.1,Companilactobacillus alimentarius,SHB9,Contig,2463,1,1,358,207.8,1,1,1,0,1,B_SP
GCF_058595845.1,Limosilactobacillus reuteri,WR-E9,Complete Genome,2158,1,0,,,0,0,0,1,1,D_dltE_absent
GCF_013423865.1,Limosilactobacillus mucosae,A1,Complete Genome,1944,1,0,,,0,0,0,1,1,D_dltE_absent
GCF_001433745.1,Lacticaseibacillus zeae DSM 20178 = KCTC 3804,DSM 20178,Scaffold,2817,1,1,387,187.7,1,1,1,1,1,B_SP
GCF_006493235.1,Apilactobacillus micheneri,HV_29,Contig,1435,0,0,,,0,0,0,1,1,E_no_dlt
GCF_001438825.1,Companilactobacillus crustorum,LMG 23699,Scaffold,2107,1,1,358,201.2,1,1,1,0,1,B_SP
GCF_004088235.1,Latilactobacillus curvatus,SRCM103465,Complete Genome,1930,1,1,392,199.6,1,1,1,1,1,A_TM
GCF_057732895.1,Latilactobacillus sakei,Lactobacillus sakei CVL-001,Complete Genome,2002,1,1,383,176.0,1,1,1,1,1,B_SP
GCF_030388685.1,Apilactobacillus kunkeei,S1,Complete Genome,1341,0,0,,,0,0,0,1,1,E_no_dlt
GCF_001434775.1,Companilactobacillus farciminis KCTC 3681 = DSM 20184,DSM 20184,Contig,2422,1,1,358,204.8,1,1,1,0,1,B_SP
GCF_008033195.1,Leuconostoc citreum,CBA3627,Complete Genome,1849,1,1,378,152.9,1,1,1,1,1,A_TM
GCF_051165835.1,Ligilactobacillus animalis,NP51,Complete Genome,1777,1,0,,,0,0,0,1,1,D_dltE_absent
GCF_043951805.1,Companilactobacillus sp. FL22-1,FL22-1,Contig,2365,1,1,360,185.4,1,1,1,1,1,B_SP
GCF_024498575.1,Leuconostoc mesenteroides,GSICC 31207,Complete Genome,2013,1,1,380,136.1,1,1,1,1,1,A_TM
GCF_009697285.1,Enterococcus faecium,VRE,Complete Genome,3002,1,1,389,149.6,1,1,1,1,0,A_TM
GCF_001013375.1,Lacticaseibacillus casei,N87,Contig,2683,1,1,387,189.5,1,1,1,1,1,B_SP
GCF_045689635.1,Lactococcus garvieae,VC11,Complete Genome,2090,1,0,,,0,0,0,0,0,D_dltE_absent
GCF_018986755.2,Enterococcus faecalis,1207/14,Complete Genome,3293,1,1,388,178.7,1,1,1,1,0,A_TM
GCF_963227135.1,Companilactobacillus paralimentarius,R19079,Complete Genome,2506,1,1,358,192.3,1,1,1,0,1,B_SP
GCF_035621435.1,Latilactobacillus curvatus,K285,Complete Genome,1891,1,1,379,196.2,1,1,1,1,1,C_CYTO
GCF_001767275.1,Pediococcus acidilactici,ZPA017,Complete Genome,1951,1,1,382,172.9,1,1,1,0,1,B_SP
GCF_004125465.1,Lacticaseibacillus rhamnosus,LR-GG-MoProbi,Contig,2568,1,1,386,200.7,1,1,1,1,1,B_SP
GCF_017134355.1,Limosilactobacillus fermentum,GR1008,Complete Genome,2023,1,0,,,0,0,0,1,1,D_dltE_absent
GCF_033882205.1,Pediococcus pentosaceus,LA0061,Complete Genome,1841,1,1,367,150.6,1,1,1,0,1,B_SP
GCF_025369755.1,Limosilactobacillus reuteri,AM_LB1,Complete Genome,2116,1,0,,,0,0,0,1,1,D_dltE_absent
GCF_044502405.1,Bifidobacterium animalis subsp. lactis,HOM2120,Complete Genome,1538,0,0,,,0,0,0,0,0,E_no_dlt
GCF_060285845.1,Companilactobacillus farciminis,N6_4B,Contig,2490,1,1,358,201.1,1,1,1,0,1,B_SP
GCF_045348405.1,Lactococcus lactis,2B-5,Complete Genome,2520,1,0,,,0,0,0,0,0,D_dltE_absent
GCF_902386575.1,Lacticaseibacillus zeae,-,Contig,2684,1,1,387,189.5,1,1,1,1,1,B_SP
GCF_001676805.1,Levilactobacillus brevis,NPS-QW-145,Complete Genome,2413,1,1,392,271.5,1,1,1,1,1,B_SP
GCF_016649195.2,Lactococcus lactis,LB7,Complete Genome,2841,1,0,,,0,0,0,0,0,D_dltE_absent
GCF_048629115.1,Limosilactobacillus mucosae,SLAM-JK01,Complete Genome,1820,1,0,,,0,0,0,1,1,D_dltE_absent
GCF_019297795.1,Bifidobacterium longum subsp. suillum,KCTC 15605,Complete Genome,1835,0,0,,,0,0,0,0,0,E_no_dlt
GCF_026013725.1,Lacticaseibacillus paracasei,ATG-E1,Complete Genome,2851,1,1,401,198.5,1,1,1,1,1,A_TM
GCF_001434585.1,Companilactobacillus crustorum JCM 15951,JCM 15951,Contig,2103,1,1,358,201.2,1,1,1,0,1,B_SP
GCF_963227115.1,Companilactobacillus paralimentarius,R19081,Complete Genome,2450,1,1,379,192.6,1,1,1,0,1,B_SP
GCF_029677405.1,Latilactobacillus sakei,CNSC001WB,Complete Genome,2002,1,1,383,176.0,1,1,1,1,1,B_SP
GCF_030062825.1,Ligilactobacillus salivarius,S32,Complete Genome,2057,1,0,,,0,0,0,1,1,D_dltE_absent
GCF_019977575.1,Enterococcus faecium,AA622,Complete Genome,2931,1,1,386,132.7,1,1,1,1,0,A_TM
GCF_009931715.1,Lacticaseibacillus paracasei,CACC 566,Complete Genome,2958,1,1,401,198.5,1,1,1,1,1,A_TM
GCF_060304605.1,Pediococcus pentosaceus,LBMPA18,Complete Genome,1799,1,1,367,150.6,1,1,1,0,1,B_SP
GCF_000020425.1,Bifidobacterium longum subsp. infantis ATCC 15697 = JCM 1222 = DSM 20088,ATCC 15697,Complete Genome,2440,0,0,,,0,0,0,0,0,E_no_dlt
GCF_017068315.1,Limosilactobacillus fermentum,GR1103,Complete Genome,2020,1,0,,,0,0,0,1,1,D_dltE_absent
GCF_007954705.1,Leuconostoc citreum,CBA3623,Complete Genome,1872,1,1,378,152.3,1,1,1,1,1,A_TM
GCF_030438385.1,Ligilactobacillus animalis,SRCM217975,Complete Genome,1686,1,0,,,0,0,0,1,1,D_dltE_absent
GCF_006493515.1,Apilactobacillus micheneri,HV_31,Contig,1387,0,0,,,0,0,0,1,1,E_no_dlt
GCF_021329025.1,Lactococcus garvieae,IBB3403,Complete Genome,2138,1,0,,,0,0,0,0,0,D_dltE_absent
GCF_054188025.1,Leuconostoc mesenteroides,F18G103C,Complete Genome,1891,1,1,380,134.6,1,1,1,1,1,A_TM
GCF_001281265.1,Apilactobacillus kunkeei DSM 12361 = ATCC 700308,YH-15,Contig,1344,0,0,,,0,0,0,1,1,E_no_dlt
GCF_028878205.1,Lacticaseibacillus casei,UD1001,Scaffold,2830,1,1,387,190.0,1,1,1,1,1,B_SP
GCF_005796005.1,Lacticaseibacillus zeae,CRBIP24.58,Contig,2763,1,1,387,187.7,1,1,1,1,1,B_SP
GCF_056679055.1,Limosilactobacillus mucosae,HDM,Complete Genome,1830,1,0,,,0,0,0,1,1,D_dltE_absent
GCF_022483845.1,Companilactobacillus sp.,-,Contig,2517,1,1,371,230.2,1,1,1,0,1,B_SP
GCF_050485045.1,Enterococcus faecalis,C8816,Complete Genome,3251,1,1,388,178.7,1,1,1,1,0,A_TM
GCF_900639535.1,Enterococcus faecium,-,Complete Genome,2955,1,1,389,149.6,1,1,1,1,0,A_TM
GCF_016835115.1,Bifidobacterium animalis subsp. lactis,H1,Complete Genome,1540,0,0,,,0,0,0,0,0,E_no_dlt
GCF_050410815.1,Levilactobacillus brevis,CRAI,Complete Genome,2402,1,1,392,272.6,1,1,1,1,1,B_SP
GCF_001922325.1,Pediococcus acidilactici,BCC1,Complete Genome,1973,1,1,382,173.0,1,1,1,0,1,B_SP
GCF_964063415.1,Latilactobacillus sakei,-,Complete Genome,2031,1,1,383,176.0,1,1,1,1,1,B_SP
GCF_006493545.1,Apilactobacillus micheneri,HV_11,Contig,1434,0,0,,,0,0,0,1,1,E_no_dlt
GCF_031165135.1,Leuconostoc citreum,SH12,Complete Genome,1736,1,1,378,157.5,1,1,1,1,1,A_TM
GCF_963227155.1,Companilactobacillus crustorum,IMDO BLWM12,Contig,2114,1,1,358,201.2,1,1,1,0,1,B_SP
GCF_049942735.1,Pediococcus acidilactici,SY23,Complete Genome,2023,1,1,379,174.4,1,1,1,0,1,B_SP
GCF_011754305.1,Lacticaseibacillus casei,L.cR4,Scaffold,2324,1,1,398,182.5,1,1,1,1,0,A_TM
GCF_002162055.1,Ligilactobacillus salivarius,ZLS006,Complete Genome,1981,1,0,,,0,0,0,1,1,D_dltE_absent
GCF_000743075.1,Lacticaseibacillus rhamnosus,24,Contig,2642,1,1,386,200.7,1,1,1,1,1,B_SP
GCF_005796045.1,Lacticaseibacillus zeae,CRBIP24.44,Contig,2833,1,1,376,187.6,1,1,1,1,1,B_SP
GCF_022483325.1,Companilactobacillus sp.,-,Contig,2516,1,1,371,230.2,1,1,1,0,1,B_SP
GCF_055437745.2,Lactococcus garvieae,20-1E.,Complete Genome,2005,1,0,,,0,0,0,0,0,D_dltE_absent
GCF_057180205.1,Ligilactobacillus animalis,Sh6,Complete Genome,1709,1,0,,,0,0,0,1,1,D_dltE_absent
GCF_004103675.1,Leuconostoc mesenteroides,SRCM103453,Complete Genome,2080,1,1,380,134.6,1,1,1,1,1,A_TM
GCF_020023775.1,Limosilactobacillus reuteri,SD-LRE2-IT,Complete Genome,2124,1,0,,,0,0,0,1,1,D_dltE_absent
GCF_024665195.1,Limosilactobacillus fermentum,PCC,Complete Genome,2036,1,0,,,0,0,0,1,1,D_dltE_absent
GCF_016835135.1,Bifidobacterium animalis subsp. lactis,H3,Complete Genome,1539,0,0,,,0,0,0,0,0,E_no_dlt
GCF_002117325.1,Levilactobacillus brevis,TMW 1.2113,Complete Genome,2390,1,1,392,271.8,1,1,1,1,0,B_SP
GCF_001433825.1,Apilactobacillus kunkeei DSM 12361 = ATCC 700308,DSM 12361,Scaffold,1346,0,0,,,0,0,0,1,1,E_no_dlt
GCF_016586205.1,Companilactobacillus farciminis,KB1089,Contig,2323,1,1,358,203.6,1,1,1,0,1,B_SP
GCF_001698165.1,Latilactobacillus curvatus,WiKim52,Complete Genome,1894,1,1,382,199.6,1,1,1,1,1,C_CYTO
GCF_000269965.1,Bifidobacterium longum subsp. infantis ATCC 15697 = JCM 1222 = DSM 20088,JCM 1222,Complete Genome,2435,0,0,,,0,0,0,0,0,E_no_dlt
GCF_965286075.1,Companilactobacillus paralimentarius,PUR-C17-01,Complete Genome,2395,1,1,358,192.3,1,1,1,0,1,B_SP
GCF_015668455.1,Lacticaseibacillus rhamnosus,1001270B_150601_F12,Scaffold,2593,1,1,386,200.7,1,1,1,1,1,B_SP
GCF_050485635.1,Enterococcus faecalis,C2196,Complete Genome,3125,1,1,388,180.2,1,1,1,1,0,A_TM
GCF_059803955.1,Companilactobacillus crustorum,M22,Contig,2441,1,1,358,201.1,1,1,1,0,1,B_SP
GCF_055394355.1,Pediococcus pentosaceus,TOKAI 759m,Complete Genome,1834,1,1,367,148.5,1,1,1,0,1,B_SP
GCF_056517455.1,Lactococcus lactis,PRL2024,Complete Genome,2694,1,0,,,0,0,0,0,0,D_dltE_absent
GCF_030345055.1,Limosilactobacillus reuteri,M1,Complete Genome,2094,1,0,,,0,0,0,1,1,D_dltE_absent
GCF_022484265.1,Companilactobacillus sp.,-,Contig,2516,1,1,371,230.2,1,1,1,0,1,B_SP
GCF_001434535.1,Ligilactobacillus animalis KCTC 3501 = DSM 20602,DSM 20602,Scaffold,1761,1,0,,,0,0,0,1,1,D_dltE_absent
GCF_023734195.1,Latilactobacillus sakei,TMW 1.46,Complete Genome,2003,1,1,383,176.0,1,1,1,1,1,B_SP
GCF_035330705.1,Lacticaseibacillus paracasei,S135-24W,Complete Genome,2715,1,1,401,198.5,1,1,1,0,1,A_TM
GCF_024800665.1,Leuconostoc citreum,PL105,Complete Genome,1754,1,1,378,154.0,1,1,1,1,1,A_TM
GCF_030062845.1,Ligilactobacillus salivarius,S35,Complete Genome,2071,1,0,,,0,0,0,1,1,D_dltE_absent
GCF_002224505.1,Latilactobacillus curvatus,KG6,Complete Genome,1823,1,1,379,196.2,1,1,1,1,1,C_CYTO
GCF_052492655.1,Limosilactobacillus mucosae,SLAM-JH01,Complete Genome,1780,1,0,,,0,0,0,1,1,D_dltE_absent
GCF_056485905.1,Enterococcus faecium,p463s,Complete Genome,2929,1,1,389,149.6,1,1,1,1,0,A_TM
GCF_963227695.1,Companilactobacillus paralimentarius,IMDO EBRM1,Complete Genome,2477,1,1,358,192.6,1,1,1,0,1,B_SP
GCF_905192925.1,Companilactobacillus farciminis,-,Contig,2361,1,1,358,204.8,1,1,1,0,1,B_SP
GCF_006493275.1,Apilactobacillus micheneri,HV_21,Contig,1385,0,0,,,0,0,0,1,1,E_no_dlt
GCF_005864085.1,Lacticaseibacillus casei,FAM 20446,Contig,2622,1,1,398,182.5,1,1,1,1,1,A_TM
GCF_050368845.1,Lactococcus lactis,S11-599,Complete Genome,2423,1,0,,,0,0,0,0,0,D_dltE_absent
GCF_057815485.1,Lactococcus garvieae,20-1E,Complete Genome,2005,1,0,,,0,0,0,0,0,D_dltE_absent
GCF_019718775.1,Apilactobacillus kunkeei,7K11C,Contig,1442,0,0,,,0,0,0,1,1,E_no_dlt
GCF_902381625.1,Bifidobacterium longum,-,Complete Genome,2440,0,0,,,0,0,0,0,0,E_no_dlt
GCF_007923185.1,Pediococcus pentosaceus,SL001,Complete Genome,1831,1,1,367,145.6,1,1,1,0,1,A_TM
GCF_051200885.1,Leuconostoc mesenteroides,BIM B-2063G,Complete Genome,2006,1,1,380,136.4,1,1,1,1,1,A_TM
GCF_006770685.1,Pediococcus acidilactici,JQII-5,Complete Genome,1884,1,1,382,174.0,1,1,1,0,1,B_SP
GCF_014081765.1,Latilactobacillus sakei,CBA3635,Complete Genome,2010,1,1,383,176.0,1,1,1,1,1,B_SP
GCF_017134335.1,Limosilactobacillus fermentum,GR1009,Complete Genome,2013,1,0,,,0,0,0,1,1,D_dltE_absent
GCF_050485055.1,Enterococcus faecalis,C8811,Complete Genome,3232,1,1,388,180.2,1,1,1,1,0,A_TM
GCF_047716125.1,Bifidobacterium animalis subsp. lactis,SK-9,Complete Genome,1530,0,0,,,0,0,0,0,0,E_no_dlt
GCF_000183825.1,Ligilactobacillus animalis KCTC 3501 = DSM 20602,KCTC 3501,Scaffold,1727,1,0,,,0,0,0,1,1,D_dltE_absent
GCF_965286315.1,Levilactobacillus brevis,PUR-C42-01,Complete Genome,2555,1,1,392,272.6,1,1,1,1,1,B_SP
GCF_028878215.1,Lacticaseibacillus zeae,UD2202,Scaffold,2750,1,1,387,190.0,1,1,1,1,1,B_SP
GCF_025189525.1,Lacticaseibacillus rhamnosus,CIRM-BIA 2133,Contig,2548,1,1,386,199.9,1,1,1,1,1,B_SP
GCF_981069375.1,Lactococcus garvieae,20-1E,Complete Genome,2005,1,0,,,0,0,0,0,0,D_dltE_absent
GCF_022483585.1,Companilactobacillus sp.,-,Contig,2515,1,1,371,230.2,1,1,1,0,1,B_SP
GCF_030721705.1,Limosilactobacillus reuteri,RE225,Complete Genome,1927,1,0,,,0,0,0,1,1,D_dltE_absent
GCF_040803205.1,Lacticaseibacillus paracasei,B1,Complete Genome,2926,1,1,385,193.0,1,1,1,1,1,A_TM
GCF_028994235.1,Lactococcus lactis,P-1,Complete Genome,2463,1,0,,,0,0,0,0,0,D_dltE_absent
GCF_006493495.1,Apilactobacillus micheneri,HV_03,Contig,1386,0,0,,,0,0,0,1,1,E_no_dlt
GCF_000248095.2,Limosilactobacillus mucosae LM1,LM1,Complete Genome,2151,1,0,,,0,0,0,1,1,D_dltE_absent
GCF_024172665.1,Latilactobacillus curvatus,TMW 1.595,Complete Genome,1818,1,1,379,196.2,1,1,1,1,1,C_CYTO
GCF_029167605.1,Bifidobacterium animalis subsp. lactis,MH-02,Complete Genome,1537,0,0,,,0,0,0,0,0,E_no_dlt
GCF_039905885.1,Pediococcus acidilactici,13_7,Complete Genome,2004,1,1,382,174.0,1,1,1,0,1,B_SP
GCF_982553935.1,Leuconostoc citreum,-,Complete Genome,1808,1,1,378,154.0,1,1,1,1,1,A_TM
GCF_009295905.1,Companilactobacillus paralimentarius,LP238,Chromosome,2440,1,1,358,192.3,1,1,1,0,1,B_SP
GCF_003316935.1,Limosilactobacillus reuteri,SKKU-OGDONS-01,Complete Genome,1918,1,0,,,0,0,0,1,1,D_dltE_absent
GCF_060303405.1,Pediococcus pentosaceus,LBMEG02,Complete Genome,1894,1,1,367,148.6,1,1,1,0,1,B_SP
GCF_002007625.1,Enterococcus faecium,2014-VREF-41,Complete Genome,2911,1,1,389,149.6,1,1,1,1,0,A_TM
GCF_030062875.1,Ligilactobacillus salivarius,S39,Complete Genome,2070,1,0,,,0,0,0,1,1,D_dltE_absent
GCF_024172325.1,Latilactobacillus curvatus,TMW 1.1390,Complete Genome,1889,1,1,392,201.1,1,1,1,1,1,B_SP
GCF_052784005.1,Bifidobacterium longum,SLAM_BIL02,Complete Genome,2042,0,0,,,0,0,0,0,0,E_no_dlt
GCF_034424865.1,Lacticaseibacillus casei,C3,Contig,2238,1,1,398,182.5,1,1,1,1,1,A_TM
GCF_023218815.1,Apilactobacillus kunkeei,3,Contig,1418,0,0,,,0,0,0,1,1,E_no_dlt
GCF_006494835.1,Enterococcus faecalis,VE14089,Complete Genome,3070,1,1,388,178.7,1,1,1,1,0,A_TM
GCF_965286515.1,Leuconostoc mesenteroides,IBB-P124,Complete Genome,2061,1,1,380,134.6,1,1,1,1,1,A_TM
GCF_000418515.1,Lacticaseibacillus paracasei,LOCK919,Complete Genome,2939,1,1,385,193.0,1,1,1,1,1,A_TM
GCF_014898655.1,Limosilactobacillus mucosae,LM011,Chromosome,1880,1,0,,,0,0,0,1,1,D_dltE_absent
GCF_051252675.1,Lacticaseibacillus rhamnosus,LR02,Contig,2633,1,1,386,200.7,1,1,1,1,1,B_SP
GCF_009764345.1,Companilactobacillus paralimentarius,DSM 13238,Contig,2491,1,1,358,192.3,1,1,1,0,1,B_SP
GCF_900234375.1,Latilactobacillus sakei,MFPB16A1401,Complete Genome,1949,1,1,383,176.0,1,1,1,1,1,B_SP
GCF_030062895.1,Ligilactobacillus salivarius,S40,Complete Genome,2079,1,0,,,0,0,0,0,1,D_dltE_absent
GCF_011032765.1,Limosilactobacillus fermentum,AGR1485,Complete Genome,1984,1,0,,,0,0,0,1,1,D_dltE_absent
GCF_047344935.1,Leuconostoc mesenteroides,F17,Complete Genome,2042,1,1,380,134.0,1,1,1,1,1,A_TM
GCF_001705475.1,Ligilactobacillus animalis,P38,Contig,1815,1,0,,,0,0,0,1,1,D_dltE_absent
GCF_001281285.1,Apilactobacillus kunkeei,LAni,Contig,1329,0,0,,,0,0,0,1,1,E_no_dlt
GCF_001657075.1,Lacticaseibacillus rhamnosus,Lrh17,Contig,2645,1,1,386,200.7,1,1,1,1,1,B_SP
GCF_028131645.1,Enterococcus faecalis,SVR2330,Complete Genome,3178,1,1,388,180.2,1,1,1,1,0,A_TM
GCF_006493185.1,Apilactobacillus micheneri,HV_13,Contig,1434,0,0,,,0,0,0,1,1,E_no_dlt
GCF_033879915.1,Lactococcus lactis,NCK401,Complete Genome,2413,1,0,,,0,0,0,0,0,D_dltE_absent
GCF_039654845.1,Lacticaseibacillus casei,THT 030401,Scaffold,2484,1,1,398,182.5,1,1,1,1,1,A_TM
GCF_042851965.1,Bifidobacterium longum,i07-0019-H7,Complete Genome,2017,0,0,,,0,0,0,0,0,E_no_dlt
GCF_965814075.1,Leuconostoc citreum,VUB-19M7,Complete Genome,1732,1,1,378,154.0,1,1,1,1,1,A_TM
GCF_060305165.1,Pediococcus pentosaceus,LBMEG08,Complete Genome,1894,1,1,367,148.6,1,1,1,0,1,B_SP
GCF_022643325.1,Limosilactobacillus mucosae,L1,Chromosome,1822,1,0,,,0,0,0,1,1,D_dltE_absent
GCF_049930715.1,Lacticaseibacillus paracasei,G277-1.1,Complete Genome,2842,1,1,385,191.0,1,1,1,1,1,A_TM
GCF_037201785.1,Levilactobacillus brevis,LMT1-73,Complete Genome,2364,1,1,392,271.8,1,1,1,1,1,B_SP
GCF_002894975.1,Ligilactobacillus animalis,NP51,Scaffold,1781,1,0,,,0,0,0,1,1,D_dltE_absent
GCF_056485925.1,Enterococcus faecium,p344,Complete Genome,2921,1,1,389,149.6,1,1,1,1,0,A_TM
GCF_010092945.1,Latilactobacillus sakei,MBEL1397,Complete Genome,1878,1,1,383,176.0,1,1,1,1,1,B_SP
GCF_022642445.1,Companilactobacillus sp.,-,Contig,2440,1,1,371,230.2,1,1,1,0,0,B_SP
GCF_006493525.1,Apilactobacillus micheneri,HV_59,Contig,1345,0,0,,,0,0,0,1,1,E_no_dlt
GCF_050032855.1,Limosilactobacillus fermentum,A10,Complete Genome,1995,1,0,,,0,0,0,1,1,D_dltE_absent
GCF_030062805.1,Ligilactobacillus salivarius,S99,Complete Genome,1957,1,0,,,0,0,0,1,1,D_dltE_absent
GCF_025908255.1,Lactococcus garvieae,Alexii-6_2,Complete Genome,2018,0,0,,,0,0,0,0,0,E_no_dlt
GCF_025908235.1,Lactococcus garvieae,Alexii-11_2,Complete Genome,2018,0,0,,,0,0,0,0,0,E_no_dlt
GCF_041228385.1,Levilactobacillus brevis,BD-LB,Complete Genome,2323,1,1,392,271.8,1,1,1,1,1,B_SP
GCF_019448175.1,Pediococcus acidilactici,PMC202,Complete Genome,1912,1,1,382,176.6,1,1,1,0,1,B_SP
GCF_001281205.1,Apilactobacillus kunkeei,LAko,Contig,1372,0,0,,,0,0,0,1,1,E_no_dlt
GCF_006494855.1,Enterococcus faecalis,VE18379,Complete Genome,3044,1,1,388,178.7,1,1,1,1,0,A_TM
GCF_022642825.1,Companilactobacillus sp.,-,Contig,2385,1,1,371,230.2,1,1,1,0,0,B_SP
GCF_007954565.1,Leuconostoc citreum,CBA3624,Complete Genome,1790,1,1,378,152.3,1,1,1,1,1,A_TM
GCF_016127295.1,Leuconostoc mesenteroides,FDAARGOS_1033,Complete Genome,1998,1,1,380,134.3,1,1,1,1,1,A_TM
GCF_000801045.1,Lacticaseibacillus rhamnosus,116,Contig,2651,1,1,386,199.7,1,1,1,1,1,B_SP
GCF_047716075.1,Bifidobacterium animalis subsp. lactis,SK-14,Complete Genome,1530,0,0,,,0,0,0,0,0,E_no_dlt
GCF_900639715.1,Enterococcus faecium,-,Complete Genome,3097,1,1,389,149.6,1,1,1,1,0,A_TM
GCF_024652885.1,Limosilactobacillus reuteri,FN041,Complete Genome,2236,1,0,,,0,0,0,1,1,D_dltE_absent
GCF_028463945.1,Limosilactobacillus fermentum,MWLf-4,Complete Genome,2038,1,0,,,0,0,0,1,1,D_dltE_absent
GCF_013127755.1,Pediococcus acidilactici,PMC65,Complete Genome,1914,1,1,382,176.6,1,1,1,0,1,B_SP
GCF_004123005.1,Lacticaseibacillus casei,YNF-5,Scaffold,2500,1,1,398,182.5,1,1,1,1,1,A_TM
GCF_021018785.1,Bifidobacterium animalis subsp. lactis,DSM 15954,Complete Genome,1537,0,0,,,0,0,0,0,0,E_no_dlt
GCF_030062375.1,Latilactobacillus curvatus,ZHA1,Complete Genome,1930,1,1,382,196.8,1,1,1,1,1,C_CYTO
GCF_025447255.1,Levilactobacillus brevis,SRCM210362,Complete Genome,2466,1,1,392,272.6,1,1,1,1,1,B_SP
GCF_043386705.1,Limosilactobacillus mucosae,DSM 13345,Chromosome,2017,1,0,,,0,0,0,1,1,D_dltE_absent
GCF_003316895.1,Limosilactobacillus reuteri,Byun-re-01,Complete Genome,1896,1,0,,,0,0,0,1,1,D_dltE_absent
GCF_001434985.1,Companilactobacillus paralimentarius DSM 13238 = JCM 10415,DSM 13238,Scaffold,2437,1,1,358,192.3,1,1,1,0,1,B_SP
GCF_022643125.1,Companilactobacillus sp.,-,Contig,2440,1,1,371,230.2,1,1,1,0,0,B_SP
GCF_021266585.1,Ligilactobacillus salivarius,BNS11,Complete Genome,2108,1,0,,,0,0,0,1,1,D_dltE_absent
GCF_019704515.1,Latilactobacillus curvatus,WDN19,Complete Genome,1962,1,1,382,199.1,1,1,1,1,1,C_CYTO
GCF_030480465.1,Lactococcus lactis,ZZ-2,Complete Genome,2418,1,0,,,0,0,0,0,0,D_dltE_absent
GCF_020341655.1,Lactococcus garvieae,Lg-Granada,Complete Genome,2089,1,0,,,0,0,0,0,0,D_dltE_absent
GCF_030450025.1,Bifidobacterium longum,XZM1,Complete Genome,2048,0,0,,,0,0,0,0,0,E_no_dlt
GCF_059575575.1,Companilactobacillus paralimentarius DSM 13238 = JCM 10415,DSM 13238,Scaffold,2504,1,1,358,192.3,1,1,1,0,1,B_SP
GCF_060305695.1,Pediococcus pentosaceus,LBMEG09,Complete Genome,1894,1,1,367,148.6,1,1,1,0,1,B_SP
GCF_055534165.1,Latilactobacillus sakei,C1,Complete Genome,1986,1,1,383,174.8,1,1,1,1,1,B_SP
GCF_025252385.1,Lacticaseibacillus paracasei,VHProbi O44,Complete Genome,3005,1,1,397,163.7,1,1,1,1,1,A_TM
GCF_023809745.1,Lactococcus lactis,WiKim0124,Complete Genome,2375,1,0,,,0,0,0,0,0,D_dltE_absent
GCF_023218775.1,Apilactobacillus kunkeei,10,Contig,1447,0,0,,,0,0,0,1,1,E_no_dlt
GCF_011604585.1,Pediococcus acidilactici,PMC48,Complete Genome,1849,1,1,335,135.6,1,1,1,0,1,C_CYTO
GCF_055814325.1,Enterococcus faecalis,1604D004,Complete Genome,3095,1,1,388,180.2,1,1,1,1,0,A_TM
GCF_982267275.1,Leuconostoc mesenteroides,-,Complete Genome,1965,1,1,380,134.6,1,1,1,0,1,A_TM
GCF_060306345.1,Pediococcus pentosaceus,LBMEG06,Complete Genome,1895,1,1,367,148.6,1,1,1,0,1,B_SP
GCF_982554055.1,Latilactobacillus sakei,-,Complete Genome,1908,1,1,383,174.8,1,1,1,1,1,B_SP
GCF_030851265.1,Ligilactobacillus animalis,Fb2,Scaffold,1714,1,0,,,0,0,0,1,1,D_dltE_absent
GCF_047716085.1,Bifidobacterium animalis subsp. lactis,SK-10,Complete Genome,1529,0,0,,,0,0,0,0,0,E_no_dlt
GCF_057457665.1,Bifidobacterium longum,HME10,Complete Genome,2037,0,0,,,0,0,0,0,0,E_no_dlt
GCF_054589575.1,Ligilactobacillus animalis,L41-1,Scaffold,1814,1,0,,,0,0,0,1,1,D_dltE_absent
GCF_006493295.1,Apilactobacillus micheneri,HV_05,Contig,1418,0,0,,,0,0,0,1,1,E_no_dlt
GCF_013487925.1,Limosilactobacillus reuteri,1B,Complete Genome,2080,1,0,,,0,0,0,1,1,D_dltE_absent
GCF_012955485.1,Lacticaseibacillus paracasei,347-16,Complete Genome,2959,1,1,401,198.5,1,1,1,1,1,A_TM
GCF_006493445.1,Apilactobacillus micheneri,HV_33,Contig,1389,0,0,,,0,0,0,1,1,E_no_dlt
GCF_000026405.1,Leuconostoc citreum KM20,KM20,Complete Genome,1808,1,1,378,157.5,1,1,1,1,1,A_TM
GCF_003957415.1,Latilactobacillus curvatus,IRG2,Complete Genome,1874,1,1,379,196.2,1,1,1,1,1,C_CYTO
GCF_001656765.1,Lacticaseibacillus rhamnosus,Lrh34,Contig,2747,1,1,386,199.7,1,1,1,1,1,B_SP
GCF_965286305.1,Leuconostoc citreum KM20,IBB-P109,Complete Genome,1719,1,1,378,152.9,1,1,1,1,1,A_TM
GCF_900639485.1,Enterococcus faecium,-,Complete Genome,2955,1,1,389,149.6,1,1,1,1,0,A_TM
GCF_000615725.1,Companilactobacillus paralimentarius DSM 13238 = JCM 10415,JCM 10415,Contig,2365,1,1,358,192.3,1,1,1,0,1,B_SP
GCF_040267735.1,Limosilactobacillus fermentum,TCI757,Complete Genome,1979,1,0,,,0,0,0,1,1,D_dltE_absent
GCF_056946035.1,Bifidobacterium longum,154_2,Complete Genome,2010,0,0,,,0,0,0,0,0,E_no_dlt
GCF_003813165.1,Levilactobacillus brevis,LMT1-73,Complete Genome,2387,1,1,392,272.9,1,1,1,1,1,B_SP
GCF_058374195.1,Lacticaseibacillus casei,LC-G11,Contig,2474,1,1,398,182.5,1,1,1,1,1,A_TM
GCF_029581115.1,Lactococcus lactis,ZFM559,Complete Genome,2472,1,0,,,0,0,0,0,0,D_dltE_absent
GCF_024665615.1,Ligilactobacillus salivarius,SS-258,Complete Genome,1926,1,0,,,0,0,0,1,1,D_dltE_absent
GCF_965136895.1,Limosilactobacillus mucosae,CIP106485T,Scaffold,2012,1,0,,,0,0,0,1,1,D_dltE_absent
GCF_022643885.1,Companilactobacillus sp.,-,Contig,2428,1,1,371,230.2,1,1,1,0,0,B_SP
GCF_055755075.1,Pediococcus pentosaceus,MIANGUAN2,Complete Genome,1812,1,1,369,148.3,1,1,1,0,1,A_TM
GCF_058355545.1,Latilactobacillus sakei,KZN_LS_MILK,Complete Genome,1924,1,1,383,176.0,1,1,1,1,1,B_SP
GCF_005795975.1,Lacticaseibacillus casei,BCRC 80156,Contig,2531,1,1,398,182.5,1,1,1,1,1,A_TM
GCF_028993695.1,Lactococcus garvieae,Pa-2,Complete Genome,2072,1,0,,,0,0,0,0,0,D_dltE_absent
GCF_002025045.1,Enterococcus faecium,-,Complete Genome,2968,1,1,389,149.6,1,1,1,1,0,A_TM
GCF_004801005.1,Ligilactobacillus animalis,09-2317,Contig,1771,1,0,,,0,0,0,1,1,D_dltE_absent
GCF_001421115.1,Apilactobacillus kunkeei,LAce,Scaffold,1366,0,0,,,0,0,0,1,1,E_no_dlt
GCF_023221555.1,Pediococcus acidilactici,BB2-4M,Complete Genome,1963,1,1,379,173.8,1,1,1,0,1,B_SP
GCF_024498315.1,Lacticaseibacillus paracasei,SMN-LBK,Complete Genome,2827,1,1,385,191.5,1,1,1,1,1,A_TM
GCF_018884225.1,Limosilactobacillus reuteri,YLR001,Complete Genome,2111,1,0,,,0,0,0,1,1,D_dltE_absent
GCF_047716145.1,Bifidobacterium animalis subsp. lactis,SK-6,Complete Genome,1532,0,0,,,0,0,0,0,0,E_no_dlt
GCF_982267225.1,Leuconostoc mesenteroides,-,Complete Genome,2032,1,1,380,134.6,1,1,1,1,1,A_TM
GCF_001436025.1,Limosilactobacillus mucosae DSM 13345,DSM 13345,Contig,2023,1,0,,,0,0,0,1,1,D_dltE_absent
GCF_024172305.1,Latilactobacillus curvatus,TMW 1.1381,Complete Genome,1808,1,1,379,196.2,1,1,1,1,1,C_CYTO
GCF_006493625.1,Apilactobacillus micheneri,HV_23,Contig,1598,0,0,,,0,0,0,1,1,E_no_dlt
GCF_031557155.1,Ligilactobacillus salivarius,S103,Complete Genome,2051,1,0,,,0,0,0,1,1,D_dltE_absent
GCF_050474495.1,Enterococcus faecalis,C1472,Complete Genome,3237,1,1,388,178.7,1,1,1,1,0,A_TM
GCF_019977495.1,Enterococcus faecium,AA620,Complete Genome,2855,1,1,386,132.7,1,1,1,1,0,A_TM
GCF_054962255.1,Leuconostoc mesenteroides,XM4,Complete Genome,2012,1,1,380,134.6,1,1,1,1,1,A_TM
GCF_001281225.1,Apilactobacillus kunkeei,LAan,Scaffold,1406,0,0,,,0,0,0,1,1,E_no_dlt
GCF_001656715.1,Lacticaseibacillus rhamnosus,Lrh15,Contig,2623,1,1,386,199.8,1,1,1,1,1,B_SP
GCF_041930265.1,Lactococcus lactis,IFLLLBEK1,Complete Genome,2420,1,0,,,0,0,0,0,0,D_dltE_absent
GCF_006494875.1,Enterococcus faecalis,VE18395,Complete Genome,3032,1,1,388,178.7,1,1,1,1,0,A_TM
GCF_009707745.1,Leuconostoc citreum,WiKim0101,Chromosome,1846,0,1,378,157.5,1,1,1,1,1,E_no_dlt
GCF_029011825.1,Limosilactobacillus fermentum,VSI05,Complete Genome,1907,1,0,,,0,0,0,1,1,D_dltE_absent
GCF_024204625.1,Limosilactobacillus fermentum,DM075,Complete Genome,1969,1,0,,,0,0,0,1,1,D_dltE_absent
GCF_005795995.1,Lacticaseibacillus casei,BCRC 17487,Contig,2520,1,1,398,182.5,1,1,1,1,1,A_TM
GCF_965286235.1,Companilactobacillus paralimentarius,VUB-H002 M9,Contig,2494,1,1,358,192.3,1,1,1,0,1,B_SP
GCF_048399145.1,Levilactobacillus brevis,DY55bre,Complete Genome,2383,1,1,392,271.4,1,1,1,1,1,B_SP
GCF_059874045.1,Levilactobacillus brevis,1-11b,Complete Genome,2349,1,1,392,272.6,1,1,1,1,1,B_SP
GCF_054111485.1,Limosilactobacillus mucosae,COESION3,Contig,1901,1,0,,,0,0,0,1,1,D_dltE_absent
GCF_001067335.1,Lacticaseibacillus rhamnosus,784_LRHA,Scaffold,2723,1,1,386,199.7,1,1,1,1,1,B_SP
GCF_052059775.1,Pediococcus pentosaceus,13_7_2A_1,Complete Genome,1746,1,1,374,160.1,1,1,1,0,1,B_SP
GCF_010092385.1,Pediococcus acidilactici,CACC 537,Complete Genome,1863,1,1,382,169.7,1,1,1,0,1,B_SP
GCF_030062935.1,Ligilactobacillus salivarius,S96,Complete Genome,2063,1,0,,,0,0,0,1,1,D_dltE_absent
GCF_022644445.1,Companilactobacillus sp.,-,Contig,2441,1,1,371,230.2,1,1,1,0,0,B_SP
GCF_041447125.1,Bifidobacterium longum,2021S6-1,Complete Genome,1929,0,0,,,0,0,0,0,0,E_no_dlt
GCF_047716195.1,Bifidobacterium animalis subsp. lactis,SK-4,Complete Genome,1532,0,0,,,0,0,0,0,0,E_no_dlt
GCF_006493615.1,Apilactobacillus kunkeei,3L,Contig,1430,0,0,,,0,0,0,1,1,E_no_dlt
GCF_016027715.1,Lactococcus garvieae,FDAARGOS_893,Complete Genome,1986,1,0,,,0,0,0,0,0,D_dltE_absent
GCF_057978265.1,Lacticaseibacillus paracasei,M501,Complete Genome,2838,1,1,385,191.5,1,1,1,1,1,A_TM
GCF_014906145.1,Pediococcus acidilactici,HN9,Complete Genome,1931,1,1,382,174.0,1,1,1,0,1,B_SP
GCF_023809725.1,Leuconostoc mesenteroides,WiKim0121,Complete Genome,2017,1,1,380,134.5,1,1,1,0,1,A_TM
GCF_022645205.1,Companilactobacillus sp.,-,Contig,2439,1,1,371,230.2,1,1,1,0,0,B_SP
GCF_058248115.1,Latilactobacillus sakei,SM_LS1,Complete Genome,1926,1,1,383,176.0,1,1,1,1,1,B_SP
GCF_054604265.1,Bifidobacterium animalis subsp. lactis,CECT 8145,Complete Genome,1538,0,0,,,0,0,0,0,0,E_no_dlt
GCF_056689135.1,Limosilactobacillus reuteri,LP4,Complete Genome,2225,1,0,,,0,0,0,1,1,D_dltE_absent
GCF_037892105.1,Lactococcus garvieae,M21102102,Complete Genome,2027,1,0,,,0,0,0,0,0,D_dltE_absent
GCF_030541705.1,Ligilactobacillus animalis,GP0046,Contig,1862,1,0,,,0,0,0,1,1,D_dltE_absent
GCF_002804045.1,Leuconostoc citreum,EFEL 2700,Chromosome,1844,1,1,378,153.9,1,1,1,1,1,A_TM
GCF_006493385.1,Apilactobacillus micheneri,HV_66,Contig,1434,0,0,,,0,0,0,1,1,E_no_dlt
GCF_001723545.1,Latilactobacillus curvatus,WiKim38,Complete Genome,1861,1,1,382,198.1,1,1,1,1,1,C_CYTO
GCF_023204955.1,Enterococcus faecium,UCH1,Complete Genome,2917,1,1,386,130.7,1,1,1,1,0,A_TM
GCF_060343445.1,Limosilactobacillus reuteri,LBMFMM3A,Complete Genome,2123,1,0,,,0,0,0,1,1,D_dltE_absent
GCF_050482265.1,Enterococcus faecalis,C1224,Complete Genome,3117,1,1,388,178.7,1,1,1,1,0,A_TM
GCF_031323805.1,Companilactobacillus paralimentarius,FUA3121,Contig,2441,1,1,358,191.6,1,1,1,0,1,B_SP
GCF_017498335.1,Lacticaseibacillus casei,HUL 5,Contig,2520,1,1,398,182.5,1,1,1,1,1,A_TM
GCF_024172625.1,Latilactobacillus curvatus,TMW 1.421,Complete Genome,1805,1,1,379,196.2,1,1,1,0,1,C_CYTO
GCF_001656835.1,Lacticaseibacillus rhamnosus,Lrh6,Contig,2594,1,1,386,199.9,1,1,1,1,1,B_SP
GCF_058355605.1,Limosilactobacillus fermentum,KZN_LF4,Complete Genome,1954,1,0,,,0,0,0,1,1,D_dltE_absent
GCF_043229955.1,Lactococcus garvieae,FUA009,Complete Genome,1899,1,0,,,0,0,0,0,0,D_dltE_absent
GCF_009791435.1,Pediococcus pentosaceus,GDIAS001,Complete Genome,1757,1,1,369,148.3,1,1,1,0,1,A_TM
GCF_040448315.1,Lactococcus lactis,FNZ339,Complete Genome,2562,1,0,,,0,0,0,0,0,D_dltE_absent
GCF_057197525.1,Levilactobacillus brevis,DX3004,Complete Genome,2362,1,1,392,272.3,1,1,1,1,1,B_SP
GCF_030062915.1,Ligilactobacillus salivarius,S91,Complete Genome,2067,1,0,,,0,0,0,1,1,D_dltE_absent
GCF_023734755.1,Lactococcus lactis,ID-5,Complete Genome,2289,1,0,,,0,0,0,0,0,D_dltE_absent
GCF_965286185.1,Companilactobacillus paralimentarius,UH015_11,Contig,2466,1,1,358,192.3,1,1,1,0,1,B_SP
GCF_022645505.1,Companilactobacillus sp.,-,Contig,2450,1,1,371,230.2,1,1,1,0,0,B_SP
GCF_000830375.1,Apilactobacillus kunkeei,AR114,Contig,1385,0,0,,,0,0,0,1,1,E_no_dlt
GCF_048517015.1,Pediococcus pentosaceus,NIBL1955,Complete Genome,1887,1,1,374,158.5,1,1,1,0,1,B_SP
GCF_041447135.1,Bifidobacterium longum,2021J6-1,Complete Genome,1920,0,0,,,0,0,0,0,0,E_no_dlt
GCF_003149115.1,Limosilactobacillus mucosae,AGR63,Contig,1674,1,0,,,0,0,0,1,0,D_dltE_absent
GCF_982267095.1,Leuconostoc mesenteroides,-,Complete Genome,2007,1,1,380,136.4,1,1,1,1,1,A_TM
GCF_982553925.1,Latilactobacillus sakei,-,Complete Genome,1973,1,1,383,176.0,1,1,1,1,1,B_SP
GCF_052907405.1,Lacticaseibacillus paracasei,NCU215,Complete Genome,2840,1,1,385,191.5,1,1,1,1,1,A_TM
GCF_002174215.1,Pediococcus acidilactici,SRCM101189,Complete Genome,1957,1,1,382,174.0,1,1,1,0,1,B_SP
GCF_001618905.1,Limosilactobacillus reuteri,ZLR003,Complete Genome,1993,1,0,,,0,0,0,1,1,D_dltE_absent
GCF_050481695.1,Enterococcus faecalis,C1225,Complete Genome,3119,1,1,388,178.7,1,1,1,1,0,A_TM
GCF_000730205.1,Bifidobacterium longum,BXY01,Complete Genome,1959,0,0,,,0,0,0,0,0,E_no_dlt
GCF_044866785.1,Bifidobacterium animalis subsp. lactis,CGMCC1.15623,Complete Genome,1537,0,0,,,0,0,0,0,0,E_no_dlt
GCF_964063385.1,Latilactobacillus curvatus,-,Complete Genome,1869,1,1,379,194.2,1,1,1,1,1,C_CYTO
GCF_963227675.1,Companilactobacillus paralimentarius,IMDO 1MG86,Contig,2463,1,1,358,192.3,1,1,1,0,1,B_SP
GCF_054589535.1,Ligilactobacillus animalis,M08-1,Scaffold,1732,1,0,,,0,0,0,1,1,D_dltE_absent
GCF_023674545.1,Lacticaseibacillus paracasei,401,Complete Genome,2872,1,1,385,191.0,1,1,1,1,1,A_TM
GCF_001068215.1,Lacticaseibacillus rhamnosus,944_LRHA,Scaffold,2573,1,1,386,200.3,1,1,1,1,1,B_SP
GCF_058352805.1,Lactococcus lactis,SM1,Complete Genome,2485,1,0,,,0,0,0,0,0,D_dltE_absent
GCF_006493305.1,Apilactobacillus micheneri,HV_62,Contig,1394,0,0,,,0,0,0,1,1,E_no_dlt
GCF_016406245.1,Leuconostoc citreum,WiKim0096,Chromosome,1680,1,1,378,155.4,1,1,1,1,1,A_TM
GCF_023277785.1,Pediococcus pentosaceus,MGB0941,Complete Genome,1845,1,1,367,148.6,1,1,1,0,0,B_SP
GCF_058355565.1,Limosilactobacillus fermentum,KZN_LF3,Complete Genome,1954,1,0,,,0,0,0,1,1,D_dltE_absent
GCF_038396735.1,Latilactobacillus sakei,A1262,Complete Genome,1888,1,1,383,174.3,1,1,1,1,1,B_SP
GCF_041226265.1,Ligilactobacillus animalis,4-211,Scaffold,2020,1,0,,,0,0,0,1,1,D_dltE_absent
GCF_900217925.1,Limosilactobacillus mucosae,AGR63,Contig,1673,1,0,,,0,0,0,1,0,D_dltE_absent
GCF_041200015.1,Levilactobacillus brevis,NS2301G3,Complete Genome,2417,1,1,392,270.6,1,1,1,1,1,B_SP
GCF_016415405.1,Enterococcus faecium,Dallas 144_1,Complete Genome,2905,1,1,389,149.6,1,1,1,1,0,A_TM
GCF_039645535.1,Lactococcus garvieae,CAHFS22LA20.5H7,Complete Genome,1862,1,0,,,0,0,0,0,0,D_dltE_absent
GCF_006493315.1,Apilactobacillus micheneri,HV_63,Contig,1394,0,0,,,0,0,0,1,1,E_no_dlt
GCF_056665955.1,Lacticaseibacillus paracasei,NIBL1583,Complete Genome,2864,1,1,401,198.9,1,1,1,1,1,A_TM
GCF_017573685.1,Lacticaseibacillus casei,HUL 12,Contig,2515,1,1,398,182.5,1,1,1,1,1,A_TM
GCF_001421135.1,Apilactobacillus kunkeei,LAfl,Scaffold,1432,0,0,,,0,0,0,1,1,E_no_dlt
GCF_057457685.1,Bifidobacterium longum,HME4,Complete Genome,2019,0,0,,,0,0,0,0,0,E_no_dlt
GCF_056485865.1,Enterococcus faecium,s123e1,Complete Genome,2880,1,1,389,149.6,1,1,1,1,0,A_TM
GCF_022646025.1,Companilactobacillus sp.,-,Contig,2441,1,1,371,230.2,1,1,1,0,0,B_SP
GCF_982267105.1,Leuconostoc mesenteroides,-,Complete Genome,1925,1,1,380,134.6,1,1,1,0,0,A_TM
GCF_008326545.1,Leuconostoc citreum,NRIC 1776,Scaffold,1752,1,1,378,152.9,1,1,1,1,1,A_TM
GCF_050171135.1,Ligilactobacillus animalis,DW3,Scaffold,2028,1,0,,,0,0,0,1,1,D_dltE_absent
GCF_038396725.1,Latilactobacillus sakei,A1291,Complete Genome,1882,1,1,383,174.3,1,1,1,0,1,B_SP
GCF_034561975.1,Bifidobacterium animalis subsp. lactis,GOLDGUT-BB18,Complete Genome,1537,0,0,,,0,0,0,0,0,E_no_dlt
GCF_054331715.1,Ligilactobacillus salivarius,T21a,Complete Genome,1819,1,0,,,0,0,0,1,1,D_dltE_absent
GCF_902385785.1,Limosilactobacillus mucosae,-,Contig,2109,1,0,,,0,0,0,1,1,D_dltE_absent
GCF_037407155.1,Lacticaseibacillus casei,MCC 0223,Contig,2535,1,1,398,182.5,1,1,1,1,1,A_TM
GCF_036419235.1,Bifidobacterium longum,DFI.7.60,Complete Genome,2163,0,0,,,0,0,0,0,0,E_no_dlt
GCF_058353125.1,Lactococcus lactis,SM2,Complete Genome,2543,1,0,,,0,0,0,0,0,D_dltE_absent
GCF_000758365.1,Ligilactobacillus salivarius,JCM1046,Complete Genome,2152,0,0,,,0,0,0,1,1,E_no_dlt
GCF_028621815.1,Pediococcus acidilactici,SRCM102024,Complete Genome,1960,1,1,382,174.0,1,1,1,0,1,B_SP
GCF_030144365.1,Latilactobacillus curvatus,KFRI-K200347,Complete Genome,1847,1,1,382,196.8,1,1,1,1,1,C_CYTO
GCF_023277805.1,Pediococcus pentosaceus,MGB0620,Complete Genome,1942,1,1,367,148.6,1,1,1,0,1,B_SP
GCF_021459965.1,Limosilactobacillus reuteri,M2021619,Complete Genome,1904,1,0,,,0,0,0,1,1,D_dltE_absent
GCF_029167565.1,Enterococcus faecalis,GENOMIC22-006,Complete Genome,3175,1,1,388,178.7,1,1,1,1,0,A_TM
GCF_006493565.1,Apilactobacillus micheneri,HV_67,Contig,1401,0,0,,,0,0,0,1,1,E_no_dlt
GCF_022646865.1,Companilactobacillus sp.,-,Contig,2440,1,1,371,230.2,1,1,1,0,0,B_SP
GCF_051094845.1,Limosilactobacillus fermentum,PV22,Complete Genome,1983,1,0,,,0,0,0,1,1,D_dltE_absent
GCF_001067025.1,Lacticaseibacillus rhamnosus,708_LRHA,Contig,2720,1,1,386,202.0,1,1,1,1,1,B_SP
GCF_004354555.1,Leuconostoc citreum,ATCC 49370,Contig,1748,1,1,378,152.9,1,1,1,1,1,A_TM
GCF_019048965.1,Leuconostoc mesenteroides,WiKim32,Complete Genome,2045,1,1,380,134.5,1,1,1,1,1,A_TM
GCF_052922265.1,Levilactobacillus brevis,KKP 3500,Complete Genome,2384,1,1,392,270.6,1,1,1,1,1,B_SP
GCF_045256935.1,Lacticaseibacillus paracasei,Egylham_14,Complete Genome,2941,1,1,385,193.0,1,1,1,1,1,A_TM
GCF_002250035.1,Latilactobacillus sakei,WiKim0063,Complete Genome,1963,1,1,383,176.0,1,1,1,1,1,B_SP
GCF_037891825.1,Lactococcus garvieae,CAHFS22OV20.5B5,Complete Genome,1862,1,0,,,0,0,0,0,0,D_dltE_absent
GCF_022212885.1,Enterococcus faecalis,142-1,Complete Genome,3131,1,1,388,180.2,1,1,1,1,0,A_TM
GCF_038441135.1,Enterococcus faecium,2016C01-052,Complete Genome,2888,1,1,386,132.7,1,1,1,1,0,A_TM
GCF_004800995.1,Ligilactobacillus animalis,14-7927,Contig,1767,1,0,,,0,0,0,1,1,D_dltE_absent
GCF_024665635.1,Lactococcus lactis,R-707-1,Complete Genome,2566,1,0,,,0,0,0,0,0,D_dltE_absent
GCF_001949975.2,Apilactobacillus kunkeei,FF30-6,Scaffold,1441,0,0,,,0,0,0,1,1,E_no_dlt
GCF_009910775.1,Apilactobacillus kunkeei,O29,Contig,1432,0,0,,,0,0,0,1,1,E_no_dlt
GCF_002173575.1,Pediococcus acidilactici,SRCM100424,Complete Genome,1937,1,1,382,174.0,1,1,1,0,1,B_SP
GCF_052932065.1,Levilactobacillus brevis,KKP3516,Complete Genome,2377,1,1,392,270.6,1,1,1,1,1,B_SP
GCF_003428375.1,Bifidobacterium animalis subsp. lactis,IDCC4301,Complete Genome,1535,0,0,,,0,0,0,0,0,E_no_dlt
GCF_016307185.1,Lacticaseibacillus casei,UBLC-42,Contig,2542,1,1,398,182.5,1,1,1,1,1,A_TM
GCF_025189305.1,Lacticaseibacillus rhamnosus,CIRM-BIA 784,Contig,2672,1,1,386,200.2,1,1,1,1,1,B_SP
GCF_028402135.1,Limosilactobacillus mucosae,F7,Contig,1848,1,0,,,0,0,0,1,1,D_dltE_absent
GCF_907163315.1,Enterococcus faecium,AUS2002,Complete Genome,2930,1,1,389,149.6,1,1,1,1,0,A_TM
GCF_030845215.1,Limosilactobacillus fermentum,A51,Complete Genome,2001,1,0,,,0,0,0,1,1,D_dltE_absent
GCF_054962205.1,Leuconostoc mesenteroides,C5,Complete Genome,1925,1,1,380,134.3,1,1,1,1,1,A_TM
GCF_002591805.1,Leuconostoc citreum,CW28,Contig,1892,1,1,378,152.3,1,1,1,1,1,A_TM
GCF_052233205.1,Bifidobacterium longum,BD3150,Complete Genome,2041,0,0,,,0,0,0,0,0,E_no_dlt
GCF_029278545.1,Enterococcus faecalis,3143,Complete Genome,3073,1,1,388,178.7,1,1,1,1,0,A_TM
GCF_021432185.1,Ligilactobacillus salivarius,2102-15,Complete Genome,1916,1,0,,,0,0,0,1,1,D_dltE_absent
GCF_009914035.1,Pediococcus pentosaceus,SRCM102740,Complete Genome,1767,1,1,374,158.5,1,1,1,0,1,B_SP
GCF_054589595.1,Ligilactobacillus animalis,L13-1,Contig,1730,1,0,,,0,0,0,1,1,D_dltE_absent
GCF_006493325.1,Apilactobacillus micheneri,HV_60,Contig,1507,0,0,,,0,0,0,1,1,E_no_dlt
GCF_056897455.1,Lacticaseibacillus casei,XJAU-2S-1,Scaffold,2727,1,1,398,182.5,1,1,1,1,1,A_TM
GCF_054331755.1,Ligilactobacillus salivarius,T17f,Complete Genome,1823,1,0,,,0,0,0,1,1,D_dltE_absent
GCF_009913995.1,Pediococcus pentosaceus,SRCM102738,Complete Genome,1772,1,1,374,158.5,1,1,1,0,1,B_SP
GCF_046939875.1,Limosilactobacillus mucosae,609A,Contig,1919,1,0,,,0,0,0,1,1,D_dltE_absent
GCF_964065205.1,Lacticaseibacillus paracasei,-,Complete Genome,2838,1,1,385,188.9,1,1,1,1,1,A_TM
GCF_982235825.1,Leuconostoc citreum,-,Contig,1814,1,1,378,152.3,1,1,1,1,1,A_TM
GCF_001308215.1,Apilactobacillus kunkeei,LAnu,Contig,1403,0,0,,,0,0,0,1,1,E_no_dlt
GCF_046113275.1,Latilactobacillus sakei,HRB10,Complete Genome,1906,1,1,383,174.8,1,1,1,1,1,B_SP
GCF_006493375.1,Apilactobacillus micheneri,HV_61,Contig,1524,0,0,,,0,0,0,1,1,E_no_dlt
GCF_003184305.1,Levilactobacillus brevis,ZLB004,Complete Genome,2475,1,1,392,268.7,1,1,1,1,1,B_SP
GCF_001518735.1,Enterococcus faecium,6E6,Complete Genome,3077,1,1,389,149.6,1,1,1,1,0,A_TM
GCF_022809755.1,Lactococcus lactis,SCB469,Complete Genome,2562,1,0,,,0,0,0,0,0,D_dltE_absent
GCF_028322705.1,Lacticaseibacillus rhamnosus,1001095st1_F3_1001095A_150126,Contig,2618,1,1,386,199.7,1,1,1,1,1,B_SP
GCF_050507075.1,Enterococcus faecalis,C1469,Complete Genome,3002,1,1,388,178.7,1,1,1,1,0,A_TM
GCF_000685785.1,Ligilactobacillus animalis,381-IL-28,Scaffold,1788,1,0,,,0,0,0,1,1,D_dltE_absent
GCF_053786295.1,Limosilactobacillus fermentum,SHY0006,Complete Genome,1913,1,0,,,0,0,0,1,1,D_dltE_absent
GCF_029953235.2,Leuconostoc mesenteroides,MSL129,Complete Genome,2020,1,1,380,134.3,1,1,1,1,1,A_TM
GCF_982554075.1,Latilactobacillus sakei,-,Complete Genome,1958,1,1,383,174.3,1,1,1,1,1,B_SP
GCF_047716065.1,Bifidobacterium animalis subsp. lactis,SK-15,Complete Genome,1528,0,0,,,0,0,0,0,0,E_no_dlt
GCF_977963825.1,Limosilactobacillus reuteri,-,Complete Genome,1907,1,0,,,0,0,0,1,1,D_dltE_absent
GCF_963265025.1,Bifidobacterium longum,-,Complete Genome,1985,0,0,,,0,0,0,0,0,E_no_dlt
GCF_027942455.1,Latilactobacillus curvatus,SRCM217410,Complete Genome,1838,1,1,382,196.8,1,1,1,1,1,C_CYTO
GCF_005930975.1,Apilactobacillus kunkeei,UASWS1868-NN17,Contig,1395,0,0,,,0,0,0,1,1,E_no_dlt
GCF_003966835.1,Lacticaseibacillus paracasei,IJH-SONE68,Complete Genome,2794,1,1,385,190.6,1,1,1,1,1,A_TM
GCF_026073035.1,Lactococcus garvieae,MS210922A,Complete Genome,1892,1,0,,,0,0,0,0,0,D_dltE_absent
GCF_049544915.1,Latilactobacillus curvatus,DRC2305,Complete Genome,1865,1,1,382,196.8,1,1,1,1,1,C_CYTO
GCF_022643505.1,Companilactobacillus sp.,-,Contig,2390,1,1,371,230.2,1,1,1,0,0,B_SP
GCF_009913895.1,Pediococcus acidilactici,SRCM102732,Complete Genome,1915,1,1,379,173.8,1,1,1,0,1,B_SP
GCF_001066715.1,Lacticaseibacillus rhamnosus,870_LRHA,Contig,2754,1,1,386,199.8,1,1,1,1,1,B_SP
GCF_036281235.1,Lacticaseibacillus casei,CUL06,Contig,2612,1,1,398,182.5,1,1,1,1,1,A_TM
GCF_055698865.1,Leuconostoc mesenteroides,XS804,Complete Genome,1972,1,1,380,134.3,1,1,1,1,1,A_TM
GCF_037414455.1,Limosilactobacillus reuteri,CUDS0384,Complete Genome,1909,1,0,,,0,0,0,1,1,D_dltE_absent
GCF_982235535.1,Leuconostoc citreum,-,Contig,1720,1,1,378,152.9,1,1,1,1,1,A_TM
GCF_044760645.1,Ligilactobacillus animalis,-,Contig,1658,1,0,,,0,0,0,1,1,D_dltE_absent
GCF_050320225.1,Limosilactobacillus reuteri,LM1063,Complete Genome,1908,1,0,,,0,0,0,1,1,D_dltE_absent
GCF_016415285.1,Enterococcus faecium,Dallas 100_1,Complete Genome,2856,1,1,389,149.6,1,1,1,1,0,A_TM
GCF_017638905.1,Lacticaseibacillus paracasei,HL182,Complete Genome,2826,1,1,385,190.6,1,1,1,1,1,A_TM
GCF_001941785.1,Limosilactobacillus fermentum,SNUV175,Complete Genome,2142,1,0,,,0,0,0,1,1,D_dltE_absent
GCF_057418985.1,Pediococcus acidilactici,TY5,Complete Genome,1954,1,1,379,173.8,1,1,1,0,1,B_SP
GCF_002289045.2,Enterococcus faecalis,H25,Complete Genome,2948,1,1,388,183.0,1,1,1,1,0,A_TM
GCF_900234405.1,Latilactobacillus sakei,-,Complete Genome,1963,1,1,383,175.0,1,1,1,1,1,B_SP
GCF_038086955.1,Bifidobacterium animalis subsp. lactis,BI040,Complete Genome,1537,0,0,,,0,0,0,0,0,E_no_dlt
GCF_982553845.1,Latilactobacillus curvatus,-,Complete Genome,1903,1,1,379,196.2,1,1,1,1,1,C_CYTO
GCF_002173595.1,Pediococcus acidilactici,SRCM100313,Complete Genome,1902,1,1,382,174.0,1,1,1,0,1,B_SP
GCF_000735255.1,Lacticaseibacillus rhamnosus K32,K32,Contig,2615,1,1,386,200.3,1,1,1,1,1,B_SP
GCF_007954645.1,Latilactobacillus curvatus,CBA3617,Complete Genome,1833,1,1,382,196.5,1,1,1,1,1,C_CYTO
GCF_023218695.1,Apilactobacillus kunkeei,R5,Contig,1332,0,0,,,0,0,0,1,1,E_no_dlt
GCF_037076375.1,Lactococcus garvieae,L21-68,Complete Genome,1890,1,0,,,0,0,0,0,0,D_dltE_absent
GCF_054790875.1,Lactococcus garvieae,Bang155.08_4B6_JG2017,Complete Genome,1907,1,0,,,0,0,0,0,0,D_dltE_absent
GCF_047716595.1,Bifidobacterium animalis subsp. lactis,SK-1,Complete Genome,1531,0,0,,,0,0,0,0,0,E_no_dlt
GCF_020221755.1,Lactococcus lactis,FDAARGOS_867,Complete Genome,2539,1,0,,,0,0,0,0,0,D_dltE_absent
GCF_046937835.1,Limosilactobacillus mucosae,M86A,Contig,1892,1,0,,,0,0,0,1,1,D_dltE_absent
GCF_030150535.1,Companilactobacillus sp.,-,Contig,2562,1,1,371,229.2,1,1,1,0,1,B_SP
GCF_048833695.1,Limosilactobacillus fermentum,GR-9,Complete Genome,1910,1,0,,,0,0,0,1,1,D_dltE_absent
GCF_982235625.1,Leuconostoc citreum,-,Contig,1733,1,1,378,152.9,1,1,1,1,1,A_TM
GCF_006228225.1,Levilactobacillus brevis,SA-C12,Complete Genome,2347,1,1,392,271.4,1,1,1,1,1,B_SP
GCF_040372245.1,Apilactobacillus micheneri,1H7-7,Scaffold,1474,0,0,,,0,0,0,1,1,E_no_dlt
GCF_057218985.1,Enterococcus faecium,ST80,Complete Genome,3037,1,1,389,149.6,1,1,1,1,0,A_TM
GCF_033813895.1,Enterococcus faecalis,ES-90-2,Complete Genome,2890,1,1,388,170.9,1,1,1,1,0,A_TM
GCF_001293145.1,Bifidobacterium longum,BG7,Complete Genome,1933,0,0,,,0,0,0,0,0,E_no_dlt
GCF_058893765.1,Limosilactobacillus reuteri,DPUMW-M12-9,Complete Genome,1910,1,0,,,0,0,0,1,1,D_dltE_absent
GCF_054331695.2,Ligilactobacillus salivarius,T2a,Complete Genome,1767,1,0,,,0,0,0,1,1,D_dltE_absent
GCF_033814155.1,Enterococcus faecalis,ES-11,Complete Genome,3180,1,1,388,180.2,1,1,1,1,0,A_TM
GCF_003255835.1,Leuconostoc mesenteroides,CBA7131,Complete Genome,2005,1,1,380,134.6,1,1,1,1,1,A_TM
GCF_058114865.1,Ligilactobacillus salivarius,LBR228,Complete Genome,1905,1,0,,,0,0,0,1,1,D_dltE_absent
GCF_055386335.1,Lactococcus garvieae,KN22525,Complete Genome,1844,1,0,,,0,0,0,0,0,D_dltE_absent
GCF_054962315.1,Leuconostoc mesenteroides,XS804,Complete Genome,1971,1,1,380,134.3,1,1,1,1,1,A_TM
GCF_029625355.1,Lacticaseibacillus paracasei,VHProbi OF10,Complete Genome,2779,1,1,401,198.5,1,1,1,1,1,A_TM
GCF_040822565.1,Lacticaseibacillus casei,ATA-LTC Lc200700,Scaffold,2533,1,1,398,182.5,1,1,1,1,1,A_TM
GCF_053708835.1,Bifidobacterium longum,LFYP82,Complete Genome,1957,0,0,,,0,0,0,0,0,E_no_dlt
GCF_024022895.1,Latilactobacillus sakei,WiKim0095,Complete Genome,1987,1,1,383,176.0,1,1,1,1,1,B_SP
GCF_009914015.1,Pediococcus pentosaceus,SRCM102739,Complete Genome,1793,1,1,374,158.5,1,1,1,0,1,B_SP
GCF_002174235.1,Levilactobacillus brevis,SRCM101106,Complete Genome,2409,1,1,392,271.4,1,1,1,1,1,B_SP
GCF_050845985.1,Limosilactobacillus reuteri,HP-B1251,Complete Genome,1901,1,0,,,0,0,0,1,1,D_dltE_absent
GCF_023734735.1,Lactococcus lactis,L8,Complete Genome,2344,1,0,,,0,0,0,0,0,D_dltE_absent
GCF_001062955.1,Lacticaseibacillus rhamnosus,214_LRHA,Scaffold,2686,1,1,386,200.7,1,1,1,1,1,B_SP
GCF_021398615.1,Limosilactobacillus reuteri,DS0384,Complete Genome,1904,1,0,,,0,0,0,1,1,D_dltE_absent
GCF_052828165.1,Enterococcus faecium,VRED06-02,Complete Genome,2900,1,1,389,149.6,1,1,1,1,0,A_TM
GCF_004328725.1,Lactococcus garvieae,JJJN1,Complete Genome,1847,1,0,,,0,0,0,0,0,D_dltE_absent
GCF_900639645.1,Enterococcus faecium,-,Complete Genome,2975,1,1,389,149.6,1,1,1,1,0,A_TM
GCF_054073705.1,Pediococcus pentosaceus,JNUCC 112,Complete Genome,1912,1,1,369,149.8,1,1,1,0,1,A_TM
GCF_026639055.1,Levilactobacillus brevis,SC013,Complete Genome,2471,1,1,392,271.4,1,1,1,1,1,B_SP
GCF_018732225.1,Latilactobacillus curvatus,SPC-SNU 70-3,Complete Genome,1799,1,1,388,197.7,1,1,1,1,1,B_SP
GCF_006381855.1,Leuconostoc citreum,G4,Contig,1792,1,1,378,151.9,1,1,1,1,1,A_TM
GCF_028401865.1,Limosilactobacillus mucosae,F2,Contig,1932,1,0,,,0,0,0,1,1,D_dltE_absent
GCF_009913875.1,Pediococcus acidilactici,SRCM102731,Complete Genome,1910,1,1,379,173.8,1,1,1,0,1,B_SP
GCF_028401905.1,Limosilactobacillus mucosae,F20,Contig,1919,1,0,,,0,0,0,1,1,D_dltE_absent
GCF_018917065.1,Ligilactobacillus animalis,N71,Contig,1732,1,0,,,0,0,0,1,1,D_dltE_absent
GCF_040790835.1,Limosilactobacillus fermentum,FOSU-YHD19,Complete Genome,1973,1,0,,,0,0,0,1,1,D_dltE_absent
GCF_001308185.1,Apilactobacillus kunkeei,LMbe,Contig,1318,0,0,,,0,0,0,1,1,E_no_dlt
GCF_003288195.1,Latilactobacillus sakei,WiKim0072,Complete Genome,1945,1,1,383,176.0,1,1,1,1,1,B_SP
GCF_905203745.1,Ligilactobacillus animalis,-,Contig,1735,1,0,,,0,0,0,1,1,D_dltE_absent
GCF_054570495.1,Ligilactobacillus salivarius,w14,Complete Genome,1922,1,0,,,0,0,0,1,1,D_dltE_absent
GCF_965286345.1,Lacticaseibacillus paracasei,KFAL1,Complete Genome,2845,1,1,397,163.4,1,1,1,1,1,A_TM
GCF_048541535.1,Leuconostoc mesenteroides,SS3N3,Complete Genome,1999,1,1,380,134.6,1,1,1,1,1,A_TM
GCF_053117665.1,Enterococcus faecalis,4953,Complete Genome,3071,1,1,388,180.2,1,1,1,1,0,A_TM
GCF_024543065.1,Leuconostoc citreum,NRRL B-1355,Contig,1616,1,1,378,148.9,1,1,1,1,1,A_TM
GCF_047716095.1,Bifidobacterium animalis subsp. lactis,SK-12,Complete Genome,1530,0,0,,,0,0,0,0,0,E_no_dlt
GCF_030291815.1,Pediococcus pentosaceus,SMFM2016-WK1,Complete Genome,1751,1,1,374,158.5,1,1,1,0,1,B_SP
GCF_001064785.1,Lacticaseibacillus rhamnosus,390_LRHA,Scaffold,2750,1,1,386,200.7,1,1,1,1,1,B_SP
GCF_028884855.1,Pediococcus acidilactici,GLP06,Complete Genome,1907,1,1,379,173.8,1,1,1,0,1,B_SP
GCF_040366445.1,Apilactobacillus kunkeei,NRIC 0776,Contig,1472,0,0,,,0,0,0,1,1,E_no_dlt
GCF_003254785.1,Latilactobacillus curvatus,ZJUNIT8,Complete Genome,1850,1,1,382,197.1,1,1,1,1,1,C_CYTO
GCF_047716135.1,Bifidobacterium animalis subsp. lactis,SK-8,Complete Genome,1533,0,0,,,0,0,0,0,0,E_no_dlt
GCF_041879435.1,Lactococcus lactis,FAM 17919,Complete Genome,2567,1,0,,,0,0,0,0,0,D_dltE_absent
GCF_000784405.1,Lacticaseibacillus rhamnosus L31,L31,Contig,2578,1,1,386,199.9,1,1,1,1,1,B_SP
GCF_027662565.1,Limosilactobacillus mucosae,AM08-5,Scaffold,1978,1,0,,,0,0,0,1,1,D_dltE_absent
GCF_055387315.1,Lactococcus garvieae,KN161025,Complete Genome,1868,1,0,,,0,0,0,0,0,D_dltE_absent
GCF_044502425.1,Pediococcus acidilactici,XJ-24,Complete Genome,1941,1,1,379,173.8,1,1,1,0,1,B_SP
GCF_028401825.1,Limosilactobacillus mucosae,F88,Contig,2035,1,0,,,0,0,0,1,1,D_dltE_absent
GCF_036923305.1,Bifidobacterium animalis subsp. lactis,TCI604,Complete Genome,1533,0,0,,,0,0,0,0,0,E_no_dlt
GCF_048572735.1,Ligilactobacillus salivarius,T25a,Complete Genome,1797,1,0,,,0,0,0,1,1,D_dltE_absent
GCF_016128215.1,Pediococcus pentosaceus,FDAARGOS_1010,Complete Genome,1827,1,1,374,157.2,1,1,1,0,1,B_SP
GCF_057376405.1,Ligilactobacillus salivarius,H701,Complete Genome,1785,1,0,,,0,0,0,1,1,D_dltE_absent
GCF_016838685.1,Bifidobacterium longum,HN001,Complete Genome,1912,0,0,,,0,0,0,0,0,E_no_dlt
GCF_037076365.1,Lactococcus garvieae,L21-12,Complete Genome,1837,1,0,,,0,0,0,0,0,D_dltE_absent
GCF_023734255.1,Latilactobacillus sakei,TMW 1.1239,Complete Genome,1857,1,1,383,176.0,1,1,1,1,1,B_SP
GCF_034328545.1,Limosilactobacillus fermentum,DX2034,Complete Genome,1974,1,0,,,0,0,0,1,1,D_dltE_absent
GCF_058662555.1,Bifidobacterium animalis subsp. lactis,LPL-RH,Complete Genome,1535,0,0,,,0,0,0,0,0,E_no_dlt
GCF_060307215.1,Lactococcus lactis,LBMWF01,Complete Genome,2421,1,0,,,0,0,0,0,0,D_dltE_absent
GCF_001663835.1,Latilactobacillus curvatus,FBA2,Complete Genome,1755,1,1,382,200.7,1,1,1,1,1,C_CYTO
GCF_059640735.1,Levilactobacillus brevis,no. 4,Complete Genome,2381,1,1,392,271.4,1,1,1,1,1,B_SP
GCF_017743155.1,Bifidobacterium longum,K5,Complete Genome,1973,0,0,,,0,0,0,0,0,E_no_dlt
GCF_004141835.1,Lacticaseibacillus paracasei,SRCM103299,Complete Genome,2860,1,1,385,191.5,1,1,1,1,1,A_TM
GCF_900094615.1,Ligilactobacillus salivarius,-,Complete Genome,1858,1,0,,,0,0,0,1,1,D_dltE_absent
GCF_059448805.1,Pediococcus acidilactici,BMG1,Complete Genome,1852,1,1,382,168.3,1,1,1,0,1,B_SP
GCF_982267185.1,Leuconostoc mesenteroides,-,Complete Genome,1998,1,1,380,134.6,1,1,1,0,1,A_TM
GCF_007633215.1,Limosilactobacillus reuteri,LL7,Complete Genome,2135,1,0,,,0,0,0,1,1,D_dltE_absent
GCF_029025725.1,Pediococcus acidilactici,CLP03,Complete Genome,1907,1,1,379,173.8,1,1,1,0,1,B_SP
GCF_040235315.1,Limosilactobacillus fermentum,JF9,Complete Genome,1933,1,0,,,0,0,0,1,1,D_dltE_absent
GCF_027693785.1,Limosilactobacillus mucosae,OF23-1pH5A,Scaffold,1999,1,0,,,0,0,0,1,1,D_dltE_absent
GCF_017743175.1,Bifidobacterium longum,K15,Complete Genome,1968,0,0,,,0,0,0,0,0,E_no_dlt
GCF_050506905.1,Enterococcus faecalis,C5845,Complete Genome,3268,1,1,388,178.7,1,1,1,1,0,A_TM
GCF_963558175.1,Ligilactobacillus animalis,-,Contig,1779,1,0,,,0,0,0,1,1,D_dltE_absent
GCF_023078515.1,Lactococcus lactis,JNU 534,Complete Genome,2380,1,0,,,0,0,0,0,0,D_dltE_absent
GCF_900178545.1,Latilactobacillus curvatus,-,Chromosome,1838,1,1,382,198.5,1,1,1,1,1,C_CYTO
GCF_965286385.1,Levilactobacillus brevis,PUR-C03-01,Complete Genome,2385,1,1,392,270.1,1,1,1,1,1,B_SP
GCF_000311965.1,Lacticaseibacillus rhamnosus LRHMDP3,LRHMDP3,Contig,2668,1,1,386,202.0,1,1,1,1,1,B_SP
GCF_000741865.1,Apilactobacillus kunkeei,MP2,Contig,1447,0,0,,,0,0,0,1,1,E_no_dlt
GCF_980642165.1,Leuconostoc citreum,-,Contig,1805,1,1,378,154.0,1,1,1,1,1,A_TM
GCF_030291855.1,Pediococcus pentosaceus,SMFM2016-NK1,Complete Genome,1726,1,1,367,145.6,1,1,1,0,0,A_TM
GCF_017309485.1,Lactococcus garvieae,LG728,Complete Genome,1993,1,0,,,0,0,0,0,0,D_dltE_absent
GCF_026626025.1,Levilactobacillus brevis,SMB091,Complete Genome,2672,1,1,392,271.4,1,1,1,1,1,B_SP
GCF_052280555.1,Limosilactobacillus reuteri,iVE-9,Complete Genome,2041,1,0,,,0,0,0,1,1,D_dltE_absent
GCF_046603985.1,Limosilactobacillus fermentum,WHH3906,Complete Genome,1931,1,0,,,0,0,0,1,1,D_dltE_absent
GCF_047716045.1,Bifidobacterium animalis subsp. lactis,SK-16,Complete Genome,1531,0,0,,,0,0,0,0,0,E_no_dlt
GCF_059101565.1,Pediococcus pentosaceus,A4,Complete Genome,1758,1,1,374,160.1,1,1,1,0,1,B_SP
GCF_006540285.1,Latilactobacillus curvatus,NBRC 15884,Contig,1775,1,1,382,196.7,1,1,1,1,1,C_CYTO
GCF_060344085.1,Lactococcus lactis,LBMEG0T6,Complete Genome,2511,1,0,,,0,0,0,0,0,D_dltE_absent
GCF_030517815.1,Limosilactobacillus reuteri,03,Complete Genome,2045,1,0,,,0,0,0,1,1,D_dltE_absent
GCF_001886635.1,Enterococcus faecium,E1,Complete Genome,2856,1,1,389,149.6,1,1,1,1,0,A_TM
GCF_003627275.1,Latilactobacillus sakei,ZFM220,Complete Genome,1920,1,1,383,176.0,1,1,1,1,1,B_SP
GCF_020181415.1,Bifidobacterium longum,NBRC 114370,Complete Genome,2123,0,0,,,0,0,0,0,0,E_no_dlt
GCF_052412395.1,Apilactobacillus kunkeei,NFICC2128,Scaffold,1336,0,0,,,0,0,0,1,1,E_no_dlt
GCF_042015765.1,Lacticaseibacillus paracasei,ZJUZ2-3,Complete Genome,2805,1,1,385,191.5,1,1,1,1,1,A_TM
GCF_054106245.1,Limosilactobacillus reuteri,LLR3,Complete Genome,2030,1,0,,,0,0,0,1,1,D_dltE_absent
GCF_980648345.1,Leuconostoc citreum,-,Contig,1781,1,1,378,152.9,1,1,1,1,1,A_TM
GCF_026184215.1,Limosilactobacillus fermentum,BRD_L14,Complete Genome,1991,1,0,,,0,0,0,1,1,D_dltE_absent
GCF_023218705.1,Apilactobacillus kunkeei,26,Contig,1347,0,0,,,0,0,0,1,1,E_no_dlt
GCF_001308195.1,Apilactobacillus kunkeei,LMbo,Contig,1395,0,0,,,0,0,0,1,1,E_no_dlt
GCF_002173555.1,Levilactobacillus brevis,SRCM101174,Complete Genome,2421,1,1,392,271.4,1,1,1,1,1,B_SP
GCF_032474955.1,Ligilactobacillus animalis,-,Contig,1838,1,0,,,0,0,0,1,1,D_dltE_absent
GCF_029167665.1,Enterococcus faecium,GENOMIC22-005,Complete Genome,2832,1,1,389,149.6,1,1,1,1,0,A_TM
GCF_001895905.1,Enterococcus faecium,VRE001,Complete Genome,2859,1,1,389,149.6,1,1,1,1,0,A_TM
GCF_019614475.1,Pediococcus pentosaceus,MR001,Complete Genome,1754,1,1,367,152.2,1,1,1,0,1,B_SP
GCF_001989555.1,Enterococcus faecalis,CLB21560,Complete Genome,3062,1,1,388,180.2,1,1,1,1,0,A_TM
GCF_060305805.1,Lactococcus lactis,LBMWF02,Complete Genome,2421,1,0,,,0,0,0,0,0,D_dltE_absent
GCF_003627235.1,Latilactobacillus sakei,ZFM225,Complete Genome,1921,1,1,383,176.0,1,1,1,1,1,B_SP
GCF_982267175.1,Leuconostoc mesenteroides,-,Complete Genome,2008,1,1,380,134.6,1,1,1,1,1,A_TM
GCF_056055795.1,Limosilactobacillus mucosae,G03,Contig,2104,1,0,,,0,0,0,1,1,D_dltE_absent
GCF_980647335.1,Leuconostoc citreum,-,Contig,1792,1,1,378,154.0,1,1,1,1,1,A_TM
GCF_003390755.1,Bifidobacterium animalis subsp. lactis,S7,Complete Genome,1519,0,0,,,0,0,0,0,0,E_no_dlt
GCF_000235865.1,Lacticaseibacillus rhamnosus ATCC 21052,ATCC 21052,Scaffold,2647,1,1,386,200.2,1,1,1,1,1,B_SP
GCF_054901315.1,Lactococcus garvieae,Lg_ABFT-1,Complete Genome,1854,1,0,,,0,0,0,0,0,D_dltE_absent
GCF_024172645.1,Latilactobacillus curvatus,TMW 1.27,Complete Genome,1925,1,1,382,199.6,1,1,1,1,1,C_CYTO
GCF_046603755.1,Enterococcus faecalis,SFAD86,Complete Genome,2823,1,1,388,180.2,1,1,1,1,0,A_TM
GCF_056673895.1,Ligilactobacillus salivarius,PC114,Complete Genome,1933,1,0,,,0,0,0,1,1,D_dltE_absent
GCF_032594375.1,Ligilactobacillus animalis,-,Contig,1776,1,0,,,0,0,0,1,1,D_dltE_absent
GCF_980646075.1,Leuconostoc citreum,-,Contig,1799,1,1,378,152.9,1,1,1,1,1,A_TM
GCF_003627875.1,Latilactobacillus sakei,LZ217,Complete Genome,1916,1,1,383,176.0,1,1,1,1,1,B_SP
GCF_016128055.1,Pediococcus acidilactici,FDAARGOS_1008,Complete Genome,1849,1,1,382,168.3,1,1,1,0,1,B_SP
GCF_020535185.1,Ligilactobacillus salivarius,AR809,Complete Genome,1826,1,0,,,0,0,0,1,1,D_dltE_absent
GCF_000026485.1,Lacticaseibacillus paracasei,BL23,Complete Genome,2851,1,1,385,192.1,1,1,1,1,1,A_TM
GCF_051158115.1,Limosilactobacillus mucosae,BE090929-5-4,Contig,1824,1,0,,,0,0,0,1,1,D_dltE_absent
GCF_046938635.1,Limosilactobacillus mucosae,M65A,Contig,1996,1,0,,,0,0,0,1,1,D_dltE_absent
GCF_057221855.1,Pediococcus acidilactici,AZMS2,Complete Genome,1825,1,1,382,174.0,1,1,1,0,1,B_SP
GCF_052055545.1,Enterococcus faecium,VRE_04,Complete Genome,3038,1,1,389,149.6,1,1,1,1,0,A_TM
GCF_001723525.1,Ligilactobacillus salivarius,CICC 23174,Complete Genome,1842,1,0,,,0,0,0,1,1,D_dltE_absent
GCF_038381215.1,Lactococcus garvieae,L2,Complete Genome,1920,1,0,,,0,0,0,0,0,D_dltE_absent
GCF_048363855.1,Ligilactobacillus animalis,-,Contig,1851,1,0,,,0,0,0,1,1,D_dltE_absent
GCF_965286525.1,Leuconostoc mesenteroides,GSL1,Complete Genome,1950,1,1,380,134.6,1,1,1,1,1,A_TM
GCF_022478075.1,Lacticaseibacillus paracasei,VHProbi F22,Complete Genome,2889,1,1,385,192.1,1,1,1,1,1,A_TM
GCF_019576095.1,Bifidobacterium animalis subsp. lactis,i797,Complete Genome,1535,0,0,,,0,0,0,0,0,E_no_dlt
GCF_054106205.1,Limosilactobacillus reuteri,LLR2,Complete Genome,1923,1,0,,,0,0,0,1,1,D_dltE_absent
GCF_055388255.1,Lacticaseibacillus paracasei,NY1301,Complete Genome,2894,1,1,385,192.1,1,1,1,1,1,A_TM
GCF_009792915.1,Leuconostoc citreum,TMW21194,Contig,1661,1,1,378,154.5,1,1,1,1,1,A_TM
GCF_053707155.1,Limosilactobacillus reuteri,HLRE05,Complete Genome,2025,1,0,,,0,0,0,1,1,D_dltE_absent
GCF_038380565.1,Lactococcus garvieae,L7,Complete Genome,1832,1,0,,,0,0,0,0,0,D_dltE_absent
GCF_009728915.1,Bifidobacterium longum,LTBL16,Complete Genome,1945,0,0,,,0,0,0,0,0,E_no_dlt
GCF_038439085.1,Enterococcus faecium,2016C08-243,Complete Genome,2822,1,1,386,132.7,1,1,1,1,0,A_TM
GCF_020906605.1,Enterococcus faecalis,E533,Complete Genome,2902,1,1,388,170.9,1,1,1,1,0,A_TM
GCF_003627315.1,Latilactobacillus sakei,ZFM229,Complete Genome,1919,1,1,383,176.0,1,1,1,1,1,B_SP
GCF_054962295.1,Leuconostoc mesenteroides,XS14,Complete Genome,1961,1,1,380,134.6,1,1,1,1,1,A_TM
GCF_022701315.1,Lacticaseibacillus paracasei,WX322,Complete Genome,2975,1,1,385,190.6,1,1,1,1,1,A_TM
GCF_032487275.1,Ligilactobacillus animalis,-,Contig,1763,1,0,,,0,0,0,1,1,D_dltE_absent
GCF_023218755.1,Apilactobacillus kunkeei,9,Contig,1381,0,0,,,0,0,0,1,1,E_no_dlt
GCF_049943105.1,Latilactobacillus curvatus,KU15003,Complete Genome,1752,1,1,382,198.6,1,1,1,1,1,C_CYTO
GCF_900234395.1,Latilactobacillus sakei,J54,Complete Genome,1901,1,1,383,174.8,1,1,1,1,1,B_SP
GCF_055698855.1,Leuconostoc mesenteroides,XS14,Complete Genome,1963,1,1,380,134.6,1,1,1,1,1,A_TM
GCF_000818055.1,Bifidobacterium animalis subsp. lactis,BF052,Complete Genome,1533,0,0,,,0,0,0,0,0,E_no_dlt
GCF_055694125.1,Pediococcus acidilactici,WSP-AZM23,Complete Genome,1799,1,1,382,174.0,1,1,1,0,1,B_SP
GCF_036301105.1,Ligilactobacillus animalis,-,Contig,1798,1,0,,,0,0,0,1,1,D_dltE_absent
GCF_050506755.1,Enterococcus faecalis,C5844,Complete Genome,3004,1,1,388,178.7,1,1,1,1,0,A_TM
GCF_051156855.1,Limosilactobacillus mucosae,BE091009-7-15,Contig,1857,1,0,,,0,0,0,1,1,D_dltE_absent
GCF_001435495.1,Latilactobacillus curvatus JCM 1096 = DSM 20019,DSM 20019,Scaffold,1793,1,1,382,196.7,1,1,1,1,1,C_CYTO
GCF_031192385.1,Leuconostoc mesenteroides,F-22,Complete Genome,1952,1,1,380,134.9,1,1,1,1,1,A_TM
GCF_058071585.1,Enterococcus faecium,VREN1631,Complete Genome,2915,1,1,389,149.6,1,1,1,1,0,A_TM
GCF_024637975.1,Ligilactobacillus salivarius,VHProbi A17,Complete Genome,1826,1,0,,,0,0,0,1,1,D_dltE_absent
GCF_001281215.1,Apilactobacillus kunkeei,LAla,Contig,1418,0,0,,,0,0,0,1,1,E_no_dlt
GCF_050506745.1,Enterococcus faecalis,C5846,Complete Genome,3049,1,1,388,178.7,1,1,1,1,0,A_TM
GCF_060303995.1,Limosilactobacillus reuteri,LBMCM1134,Complete Genome,2059,1,0,,,0,0,0,1,1,D_dltE_absent
GCF_017309505.1,Lactococcus garvieae,LG791,Complete Genome,1903,1,0,,,0,0,0,0,0,D_dltE_absent
GCF_980645805.1,Leuconostoc citreum,-,Contig,1788,1,1,378,152.9,1,1,1,1,1,A_TM
GCF_000160175.1,Lacticaseibacillus rhamnosus LMS2-1,LMS2-1,Scaffold,2823,1,1,386,199.8,1,1,1,1,1,B_SP
GCF_024272805.1,Latilactobacillus curvatus,ELA214388,Contig,1936,1,1,382,201.1,1,1,1,1,1,C_CYTO
GCF_057221875.1,Pediococcus acidilactici,AZMDH7,Complete Genome,1824,1,1,382,174.0,1,1,1,0,1,B_SP
GCF_060040195.1,Lacticaseibacillus paracasei,-,Complete Genome,2891,1,1,385,192.1,1,1,1,1,1,A_TM
GCF_028401985.1,Limosilactobacillus mucosae,F108,Contig,2037,1,0,,,0,0,0,1,1,D_dltE_absent
GCF_023218665.1,Apilactobacillus kunkeei,R13,Contig,1345,0,0,,,0,0,0,1,1,E_no_dlt
GCF_030552855.1,Bifidobacterium animalis subsp. lactis,XLTG11,Complete Genome,1535,0,0,,,0,0,0,0,0,E_no_dlt
GCF_982553995.1,Latilactobacillus sakei,-,Complete Genome,1920,1,1,383,174.8,1,1,1,1,1,B_SP
GCF_047946765.1,Ligilactobacillus salivarius,XIF24,Complete Genome,1797,1,0,,,0,0,0,1,1,D_dltE_absent
GCF_053758885.1,Leuconostoc citreum,SS1291,Contig,1752,1,1,378,152.9,1,1,1,1,1,A_TM
GCF_027693545.1,Limosilactobacillus mucosae,OF25-1pH5A,Scaffold,2011,1,0,,,0,0,0,1,1,D_dltE_absent
GCF_949417715.1,Ligilactobacillus animalis,-,Contig,1962,1,0,,,0,0,0,1,1,D_dltE_absent
GCF_054901275.1,Lactococcus garvieae,Lg_ABFT-5,Complete Genome,1854,1,0,,,0,0,0,0,0,D_dltE_absent
GCF_022699565.1,Enterococcus faecium,NY11066,Complete Genome,2775,1,1,389,149.6,1,1,1,1,0,A_TM
GCF_029743055.1,Ligilactobacillus salivarius,P1CEA3,Complete Genome,1846,1,0,,,0,0,0,1,1,D_dltE_absent
GCF_982267125.1,Leuconostoc mesenteroides,-,Complete Genome,2063,1,1,380,134.6,1,1,1,1,1,A_TM
GCF_004355265.1,Pediococcus acidilactici,ATCC 8042,Complete Genome,1852,1,1,382,168.3,1,1,1,0,1,B_SP
GCF_033570435.1,Limosilactobacillus reuteri,P43,Complete Genome,1926,1,0,,,0,0,0,1,1,D_dltE_absent
GCF_000269945.1,Lactococcus garvieae Lg2,Lg2,Complete Genome,1872,1,0,,,0,0,0,0,0,D_dltE_absent
GCF_050473905.1,Enterococcus faecalis,C1539,Complete Genome,2959,1,1,388,178.7,1,1,1,1,0,A_TM
GCF_047716185.1,Bifidobacterium animalis subsp. lactis,SK-3,Complete Genome,1531,0,0,,,0,0,0,0,0,E_no_dlt
GCF_053547335.1,Latilactobacillus curvatus,11269D021BM,Contig,1865,1,1,382,199.6,1,1,1,1,1,C_CYTO
GCF_059838095.1,Pediococcus acidilactici,0110<TAT-1,Complete Genome,1830,1,1,382,169.9,1,1,1,0,1,B_SP
GCF_059714305.1,Limosilactobacillus fermentum,FBL001,Complete Genome,1891,1,0,,,0,0,0,1,1,D_dltE_absent
GCF_902386635.1,Lacticaseibacillus paracasei,-,Complete Genome,2758,1,1,385,190.6,1,1,1,1,1,A_TM
GCF_006493415.1,Apilactobacillus kunkeei,KA_01,Contig,1395,0,0,,,0,0,0,1,1,E_no_dlt
GCF_977088555.1,Ligilactobacillus animalis,-,Contig,1855,1,0,,,0,0,0,1,1,D_dltE_absent
GCF_001010995.2,Levilactobacillus brevis,47f,Complete Genome,2481,1,1,392,271.4,1,1,1,1,1,B_SP
GCF_055533495.1,Latilactobacillus sakei,R152,Complete Genome,2049,1,1,383,174.3,1,1,1,1,1,B_SP
GCF_052943195.1,Leuconostoc citreum,TMW 2.2590,Contig,1977,1,1,378,153.1,1,1,1,1,1,A_TM
GCF_009913915.1,Leuconostoc mesenteroides,SRCM102733,Complete Genome,1982,1,1,380,134.6,1,1,1,1,1,A_TM
GCF_050511455.1,Lactococcus lactis,EIP3I (CNCM I-5388),Complete Genome,2612,1,0,,,0,0,0,0,0,D_dltE_absent
GCF_023375105.1,Bifidobacterium animalis subsp. lactis,BLa80,Complete Genome,1536,0,0,,,0,0,0,0,0,E_no_dlt
GCF_022212985.1,Enterococcus faecalis,59,Complete Genome,2979,1,1,388,180.2,1,1,1,1,0,A_TM
GCF_900639465.1,Enterococcus faecium,-,Complete Genome,2990,1,1,389,149.6,1,1,1,1,0,A_TM
GCF_055524615.1,Pediococcus pentosaceus,37X-9,Complete Genome,1755,1,1,367,145.6,1,1,1,0,1,A_TM
GCF_046938855.1,Limosilactobacillus mucosae,M592A,Contig,2031,1,0,,,0,0,0,1,1,D_dltE_absent
GCF_037414215.1,Lacticaseibacillus paracasei,LPC100,Complete Genome,2864,1,1,385,191.5,1,1,1,1,1,A_TM
GCF_051670475.1,Limosilactobacillus reuteri,CACC607,Complete Genome,2017,1,0,,,0,0,0,1,1,D_dltE_absent
GCF_023573545.1,Ligilactobacillus salivarius,S01,Complete Genome,1727,1,0,,,0,0,0,1,1,D_dltE_absent
GCF_022701235.1,Bifidobacterium longum,D2TC,Complete Genome,1956,0,0,,,0,0,0,0,0,E_no_dlt
GCF_055534665.1,Latilactobacillus sakei,R105,Complete Genome,1899,1,1,383,174.8,1,1,1,1,1,B_SP
GCF_024272815.1,Latilactobacillus curvatus,ELA204100,Contig,1849,1,1,382,195.4,1,1,1,1,1,C_CYTO
GCF_030665445.1,Limosilactobacillus fermentum,FUA033,Complete Genome,1967,1,0,,,0,0,0,1,1,D_dltE_absent
GCF_040790825.1,Lactococcus garvieae,LGAR-001,Chromosome,1933,1,0,,,0,0,0,0,0,D_dltE_absent
GCF_048476535.1,Ligilactobacillus animalis,-,Contig,1780,1,0,,,0,0,0,1,1,D_dltE_absent
GCF_040364485.1,Apilactobacillus kunkeei,FMO35,Scaffold,1493,0,0,,,0,0,0,1,1,E_no_dlt
GCF_014905055.1,Levilactobacillus brevis,NSMJ23,Complete Genome,2439,1,1,392,270.6,1,1,1,1,1,B_SP
GCF_004101585.1,Pediococcus acidilactici,SRCM103387,Complete Genome,1915,1,1,382,172.9,1,1,1,0,1,B_SP
GCF_047356775.1,Leuconostoc mesenteroides,F18,Complete Genome,1890,1,1,380,134.6,1,1,1,1,1,A_TM
GCF_052943235.1,Leuconostoc citreum,TMW 2.2586,Contig,1905,1,1,378,153.1,1,1,1,1,1,A_TM
GCF_963242175.1,Lactococcus lactis,IMDO WA12L8,Complete Genome,2311,1,0,,,0,0,0,0,0,D_dltE_absent
GCF_003606305.1,Bifidobacterium animalis subsp. lactis,HN019,Complete Genome,1534,0,0,,,0,0,0,0,0,E_no_dlt
GCF_900639545.1,Enterococcus faecium,-,Complete Genome,3013,1,1,389,149.6,1,1,1,1,0,A_TM
GCF_022691465.1,Enterococcus faecalis,VSE-WC032,Complete Genome,2869,1,1,388,180.2,1,1,1,1,0,A_TM
GCF_030291835.1,Pediococcus pentosaceus,SMFM2016-YK1,Complete Genome,1692,1,1,369,148.3,1,1,1,0,1,A_TM
GCF_046939555.1,Limosilactobacillus mucosae,M193A,Contig,1885,1,0,,,0,0,0,1,1,D_dltE_absent
GCF_002007085.2,Limosilactobacillus reuteri,MD IIE-43,Complete Genome,1915,1,0,,,0,0,0,1,1,D_dltE_absent
GCF_058070825.1,Lacticaseibacillus paracasei,Lc19,Complete Genome,2894,1,1,385,192.1,1,1,1,1,1,A_TM
GCF_032680945.1,Enterococcus faecalis,ES-397,Complete Genome,3050,1,1,388,180.2,1,1,1,1,0,A_TM
GCF_024466835.1,Ligilactobacillus salivarius,L.S.05,Complete Genome,1711,1,0,,,0,0,0,1,1,D_dltE_absent
GCF_023734295.1,Latilactobacillus sakei,TMW 1.1398,Complete Genome,1908,1,1,383,174.4,1,1,1,1,1,A_TM
GCF_024272745.1,Latilactobacillus curvatus,ELA204093,Contig,1822,1,1,382,199.6,1,1,1,1,1,C_CYTO
GCF_037099855.1,Lacticaseibacillus paracasei,DS2766,Complete Genome,2817,1,1,385,191.2,1,1,1,1,1,A_TM
GCF_029761755.1,Lactococcus garvieae,ATCC 43921,Contig,1981,1,0,,,0,0,0,0,0,D_dltE_absent
GCF_022769635.1,Ligilactobacillus animalis,-,Contig,2113,1,0,,,0,0,0,1,1,D_dltE_absent
GCF_030220125.1,Pediococcus acidilactici,F1493,Complete Genome,1846,1,1,382,174.0,1,1,1,0,1,B_SP
GCF_004194375.1,Leuconostoc mesenteroides,SRCM103460,Complete Genome,2004,1,1,380,134.6,1,1,1,1,1,A_TM
GCF_054072915.1,Bifidobacterium animalis subsp. lactis,HSLA-009,Complete Genome,1535,0,0,,,0,0,0,0,0,E_no_dlt
GCF_027693805.1,Limosilactobacillus mucosae,OF21-12A,Scaffold,2006,1,0,,,0,0,0,1,1,D_dltE_absent
GCF_005930935.1,Apilactobacillus kunkeei,UASWS1870-NN20,Contig,1341,0,0,,,0,0,0,1,1,E_no_dlt
GCF_029917105.1,Ligilactobacillus salivarius,AR612,Complete Genome,1823,1,0,,,0,0,0,1,1,D_dltE_absent
GCF_980651125.1,Leuconostoc citreum,-,Contig,1793,1,1,378,152.9,1,1,1,1,1,A_TM
GCF_005406285.1,Bifidobacterium longum,ZJ1,Complete Genome,1918,0,0,,,0,0,0,0,0,E_no_dlt
GCF_019890875.1,Limosilactobacillus fermentum,ACA-DC 179,Complete Genome,1935,1,0,,,0,0,0,1,1,D_dltE_absent
GCF_900639615.1,Enterococcus faecium,-,Complete Genome,2845,1,1,389,149.6,1,1,1,1,0,A_TM
GCF_982553905.1,Latilactobacillus sakei,-,Complete Genome,1939,1,1,383,174.4,1,1,1,1,1,B_SP
GCF_056924935.1,Limosilactobacillus reuteri,MP1,Complete Genome,2064,1,0,,,0,0,0,1,1,D_dltE_absent
GCF_959026935.1,Ligilactobacillus animalis,-,Contig,1739,1,0,,,0,0,0,1,1,D_dltE_absent
GCF_982235845.1,Latilactobacillus curvatus,-,Contig,1767,1,1,382,196.9,1,1,1,1,1,C_CYTO
GCF_009913935.1,Leuconostoc mesenteroides,SRCM102735,Complete Genome,1999,1,1,380,134.6,1,1,1,1,1,A_TM
GCF_001281165.1,Apilactobacillus kunkeei,Fhon2,Scaffold,1394,0,0,,,0,0,0,1,1,E_no_dlt
GCF_050506685.1,Enterococcus faecalis,C5882,Complete Genome,2828,1,1,388,180.2,1,1,1,1,0,A_TM
GCF_052943155.1,Leuconostoc citreum,TMW 2.2589,Contig,1857,1,1,378,153.1,1,1,1,1,1,A_TM
GCF_000194765.1,Lacticaseibacillus paracasei,BD-II,Complete Genome,2881,1,1,385,192.1,1,1,1,1,1,A_TM
GCF_900639595.1,Enterococcus faecium,-,Complete Genome,2932,1,1,389,149.6,1,1,1,1,0,A_TM
GCF_054054085.1,Lactococcus garvieae,SS1270,Contig,1967,1,0,,,0,0,0,0,0,D_dltE_absent
GCF_029536225.1,Latilactobacillus sakei,PMC104,Complete Genome,1916,1,1,383,176.0,1,1,1,1,1,B_SP
GCF_964065115.1,Levilactobacillus brevis,-,Complete Genome,2358,1,1,392,270.6,1,1,1,1,1,B_SP
GCF_048342615.1,Ligilactobacillus animalis,-,Contig,1722,1,0,,,0,0,0,1,1,D_dltE_absent
GCF_056689145.1,Limosilactobacillus reuteri,SBC5-3,Complete Genome,2001,1,0,,,0,0,0,1,1,D_dltE_absent
GCF_040543165.1,Pediococcus acidilactici,PA_ZFRA1,Complete Genome,1926,1,1,382,174.0,1,1,1,0,1,B_SP
GCF_032878815.1,Lactococcus lactis,LJL7m20,Complete Genome,2328,1,0,,,0,0,0,0,0,D_dltE_absent
GCF_982235485.1,Latilactobacillus curvatus,-,Contig,1756,1,1,382,196.9,1,1,1,1,1,C_CYTO
GCF_047716175.1,Bifidobacterium animalis subsp. lactis,SK-5,Complete Genome,1526,0,0,,,0,0,0,0,0,E_no_dlt
GCF_021253825.1,Leuconostoc mesenteroides,KNU-2,Complete Genome,2049,1,1,380,134.3,1,1,1,1,1,A_TM
GCF_055394975.1,Pediococcus pentosaceus,TOKAI 10m,Complete Genome,1800,1,1,367,148.6,1,1,1,0,1,B_SP
GCF_050506695.1,Enterococcus faecalis,C5881,Complete Genome,2828,1,1,388,180.2,1,1,1,1,0,A_TM
GCF_000687335.1,Apilactobacillus kunkeei EFB6,EFB6,Contig,1386,0,0,,,0,0,0,1,1,E_no_dlt
GCF_056270475.1,Bifidobacterium longum,BL020,Complete Genome,1961,0,0,,,0,0,0,0,0,E_no_dlt
GCF_028401995.1,Limosilactobacillus mucosae,F1,Contig,1874,1,0,,,0,0,0,1,1,D_dltE_absent
GCF_033174715.1,Leuconostoc citreum,SB6,Contig,1925,1,1,378,152.3,1,1,1,1,1,A_TM
GCF_055754795.1,Limosilactobacillus fermentum,YYY02,Complete Genome,1887,1,0,,,0,0,0,1,1,D_dltE_absent
GCF_052904645.1,Lacticaseibacillus paracasei,F50,Complete Genome,2855,1,1,385,190.8,1,1,1,1,1,A_TM
GCF_049532915.1,Ligilactobacillus salivarius,Y20,Complete Genome,1817,1,0,,,0,0,0,1,1,D_dltE_absent
GCF_002441675.1,Lactococcus garvieae,DSM 20684,Contig,1964,1,0,,,0,0,0,0,0,D_dltE_absent
GCF_051514545.1,Levilactobacillus brevis,CGMCC NO.3414,Complete Genome,2478,1,1,392,267.9,1,1,1,1,1,B_SP
GCF_900639625.1,Enterococcus faecium,-,Complete Genome,2928,1,1,389,149.6,1,1,1,1,0,A_TM
GCF_004063515.1,Limosilactobacillus fermentum,SRCM103285,Complete Genome,1996,1,0,,,0,0,0,1,1,D_dltE_absent
GCF_040250195.1,Pediococcus acidilactici,PA_ZFRFD,Complete Genome,1929,1,1,382,174.0,1,1,1,0,1,B_SP
GCF_050967595.1,Limosilactobacillus reuteri,CHF7-2,Complete Genome,1911,1,0,,,0,0,0,1,1,D_dltE_absent
GCF_040027695.1,Lactococcus lactis,BIM B-1834,Complete Genome,2390,1,0,,,0,0,0,0,0,D_dltE_absent
GCF_965814455.1,Levilactobacillus brevis,VUB-6DM1,Complete Genome,2567,1,1,392,272.9,1,1,1,1,1,B_SP
GCF_026683895.1,Bifidobacterium animalis subsp. lactis,BP026,Complete Genome,1532,0,0,,,0,0,0,0,0,E_no_dlt
GCF_016126975.1,Pediococcus pentosaceus,FDAARGOS_1011,Complete Genome,1717,1,1,367,145.6,1,1,1,0,1,A_TM
GCF_982235735.1,Latilactobacillus curvatus,-,Contig,1864,1,1,382,196.9,1,1,1,1,1,C_CYTO
GCF_023206755.1,Lactococcus lactis,KF140,Complete Genome,2370,1,0,,,0,0,0,0,0,D_dltE_absent
GCF_900109445.1,Limosilactobacillus mucosae,KHPC15,Scaffold,1757,1,0,,,0,0,0,1,1,D_dltE_absent
GCF_021432165.1,Bifidobacterium longum,T1,Complete Genome,1903,0,0,,,0,0,0,0,0,E_no_dlt
GCF_049532925.1,Pediococcus pentosaceus,Q6,Complete Genome,1708,1,1,367,145.6,1,1,1,0,1,A_TM
GCF_007954765.1,Lactococcus lactis,CBA3619,Complete Genome,2380,1,0,,,0,0,0,0,0,D_dltE_absent
GCF_046523885.1,Ligilactobacillus salivarius,TCI153,Complete Genome,1864,1,0,,,0,0,0,1,1,D_dltE_absent
GCF_049942715.1,Latilactobacillus sakei,KU15041,Complete Genome,1892,1,1,383,176.0,1,1,1,1,1,B_SP
GCF_060346175.1,Bifidobacterium longum,310,Complete Genome,1962,0,0,,,0,0,0,0,0,E_no_dlt
GCF_054850525.1,Limosilactobacillus reuteri,WLRE03,Complete Genome,1921,1,0,,,0,0,0,1,1,D_dltE_absent
GCF_054962265.1,Leuconostoc mesenteroides,XM27,Complete Genome,1890,1,1,380,134.3,1,1,1,1,1,A_TM
GCF_026168595.1,Ligilactobacillus animalis,-,Contig,1701,1,0,,,0,0,0,1,1,D_dltE_absent
GCF_004063635.1,Limosilactobacillus fermentum,SRCM 103290,Complete Genome,1880,1,0,,,0,0,0,1,1,D_dltE_absent
GCF_032190815.1,Latilactobacillus curvatus,3.8.43,Contig,1977,1,1,392,199.6,1,1,1,1,1,B_SP
GCF_033814055.1,Enterococcus faecalis,ES-108-1,Complete Genome,3114,1,1,388,180.2,1,1,1,1,0,A_TM
GCF_018991475.1,Leuconostoc citreum,3.8.12,Contig,1870,1,1,378,152.2,1,1,1,1,1,A_TM
GCF_024800685.1,Levilactobacillus brevis,PL102,Complete Genome,2391,1,1,392,271.4,1,1,1,1,1,B_SP
GCF_027594765.1,Lactococcus lactis,VHProbi V60,Complete Genome,2419,1,0,,,0,0,0,0,0,D_dltE_absent
GCF_016406465.1,Enterococcus faecium,Dallas 51_4,Complete Genome,2968,1,1,386,130.7,1,1,1,1,0,A_TM
GCF_044740695.1,Lacticaseibacillus paracasei,E11.5,Complete Genome,2825,1,1,385,191.2,1,1,1,1,1,A_TM
GCF_051257785.1,Levilactobacillus brevis,L010,Complete Genome,2418,1,1,392,271.4,1,1,1,1,1,B_SP
GCF_035200785.1,Limosilactobacillus reuteri,C501,Complete Genome,1896,1,0,,,0,0,0,1,1,D_dltE_absent
GCF_052402805.1,Pediococcus pentosaceus,13_7_13A_2,Complete Genome,1686,1,1,367,150.6,1,1,1,0,1,B_SP
GCF_052071195.1,Latilactobacillus sakei,DX3003,Complete Genome,1935,1,1,383,176.0,1,1,1,1,1,B_SP
GCF_012273035.1,Limosilactobacillus fermentum,HFD1,Complete Genome,1902,1,0,,,0,0,0,1,1,D_dltE_absent
GCF_035209715.1,Pediococcus pentosaceus,SM2D17,Complete Genome,1756,1,1,367,145.6,1,1,1,0,1,A_TM
GCF_053714395.1,Bifidobacterium longum,DPUB-15,Complete Genome,1842,0,0,,,0,0,0,0,0,E_no_dlt
GCF_036778635.1,Ligilactobacillus animalis,-,Scaffold,1681,1,0,,,0,0,0,1,1,D_dltE_absent
GCF_056270405.1,Limosilactobacillus fermentum,LF160,Complete Genome,1933,1,0,,,0,0,0,1,1,D_dltE_absent
GCF_034705275.1,Pediococcus acidilactici,IAF6519,Complete Genome,1831,1,1,382,174.0,1,1,1,0,1,B_SP
GCF_050847325.1,Limosilactobacillus fermentum,NSB2,Complete Genome,1945,1,0,,,0,0,0,1,1,D_dltE_absent
GCF_049630025.1,Leuconostoc citreum,5-1,Contig,1712,1,1,378,154.9,1,1,1,1,1,A_TM
GCF_006228245.1,Levilactobacillus brevis,UCCLB556,Complete Genome,2377,1,1,392,271.4,1,1,1,1,1,B_SP
GCF_029581635.1,Latilactobacillus curvatus,TMW 1.2272,Contig,1945,1,1,382,199.6,1,1,1,1,1,C_CYTO
GCF_038721235.1,Lactococcus lactis,Q13,Complete Genome,2415,1,0,,,0,0,0,0,0,D_dltE_absent
GCF_026073415.1,Enterococcus faecium,JHP80,Complete Genome,2742,1,1,386,130.7,1,1,1,1,0,A_TM
GCF_050916265.1,Pediococcus pentosaceus,LL-07,Complete Genome,1694,1,1,367,148.6,1,1,1,0,1,B_SP
GCF_057816445.1,Pediococcus acidilactici,MBEL10321,Complete Genome,1912,1,1,382,174.0,1,1,1,0,1,B_SP
GCF_000407125.1,Lactococcus garvieae ATCC 49156,ATCC 49156,Scaffold,1860,1,0,,,0,0,0,0,0,D_dltE_absent
GCF_040516055.1,Pediococcus pentosaceus,PP04sPP04,Complete Genome,1821,1,1,367,147.1,1,1,1,0,1,A_TM
GCF_027693345.1,Limosilactobacillus mucosae,OF26-1b12A,Scaffold,1849,1,0,,,0,0,0,1,1,D_dltE_absent
GCF_057587635.1,Pediococcus pentosaceus,SSF2,Complete Genome,1758,1,1,367,145.6,1,1,1,0,1,A_TM
GCF_002138395.1,Levilactobacillus brevis,100D8,Complete Genome,2338,1,1,392,271.4,1,1,1,1,1,B_SP
GCF_054189165.1,Bifidobacterium longum,CECT 7347,Complete Genome,1898,0,0,,,0,0,0,0,0,E_no_dlt
GCF_046531985.1,Ligilactobacillus salivarius,LZZAY01,Complete Genome,1669,1,0,,,0,0,0,1,1,D_dltE_absent
GCF_002869825.2,Limosilactobacillus fermentum,LfU21,Complete Genome,1899,1,0,,,0,0,0,1,1,D_dltE_absent
GCF_008692985.1,Lactococcus garvieae subsp. garvieae,CCUG 32208T,Contig,1971,1,0,,,0,0,0,0,0,D_dltE_absent
GCF_054130475.1,Bifidobacterium longum,HOM1190,Complete Genome,1896,0,0,,,0,0,0,0,0,E_no_dlt
GCF_041344845.1,Leuconostoc mesenteroides,yan,Complete Genome,2016,1,1,380,134.5,1,1,1,1,1,A_TM
GCF_047041105.1,Levilactobacillus brevis,H8,Complete Genome,2226,1,1,392,271.4,1,1,1,1,1,B_SP
GCF_020463755.1,Lactococcus lactis,LAC460,Complete Genome,2281,1,0,,,0,0,0,0,0,D_dltE_absent
GCF_902387355.1,Bifidobacterium animalis,-,Complete Genome,1544,0,0,,,0,0,0,0,0,E_no_dlt
GCF_050475565.1,Enterococcus faecalis,C1336,Complete Genome,2961,1,1,388,180.2,1,1,1,1,0,A_TM
GCF_000739975.1,Lactococcus garvieae NBRC 100934,NBRC 100934,Contig,1973,1,0,,,0,0,0,0,0,D_dltE_absent
GCF_011764605.1,Bifidobacterium longum,Jih1,Complete Genome,1851,0,0,,,0,0,0,0,0,E_no_dlt
GCF_047041145.1,Lactococcus lactis,L-WY410,Complete Genome,2414,1,0,,,0,0,0,0,0,D_dltE_absent
GCF_031348425.1,Lacticaseibacillus paracasei,KCKM 0245,Complete Genome,2757,1,1,385,191.2,1,1,1,1,1,A_TM
GCF_057220805.1,Pediococcus acidilactici,LBP,Complete Genome,1803,1,1,382,168.3,1,1,1,0,1,B_SP
GCF_050313655.1,Limosilactobacillus mucosae,SGI.163,Contig,2112,1,0,,,0,0,0,1,1,D_dltE_absent
GCF_002220485.1,Bifidobacterium animalis,BL3,Complete Genome,1538,0,0,,,0,0,0,0,0,E_no_dlt
GCF_003288235.1,Latilactobacillus sakei,WiKim0074,Complete Genome,1929,1,1,383,176.0,1,1,1,1,1,B_SP
GCF_028994255.1,Pediococcus pentosaceus,Ca-4,Complete Genome,1887,1,1,367,145.6,1,1,1,0,1,A_TM
GCF_033344095.1,Ligilactobacillus salivarius,C2-1,Complete Genome,1653,1,0,,,0,0,0,1,1,D_dltE_absent
GCF_055698225.1,Bifidobacterium longum,SY517,Complete Genome,2097,0,0,,,0,0,0,0,0,E_no_dlt
GCF_964062975.1,Lactococcus lactis,-,Complete Genome,2262,1,0,,,0,0,0,0,0,D_dltE_absent
GCF_060345555.1,Bifidobacterium longum,289,Complete Genome,1940,0,0,,,0,0,0,0,0,E_no_dlt
GCF_045063855.1,Leuconostoc mesenteroides,DMLM18,Complete Genome,1989,1,1,380,134.5,1,1,1,1,1,A_TM
GCF_029691425.1,Limosilactobacillus fermentum,MSJK0025,Complete Genome,1923,1,0,,,0,0,0,1,1,D_dltE_absent
GCF_002202155.1,Pediococcus pentosaceus,SRCM100194,Complete Genome,1745,1,1,367,148.5,1,1,1,0,1,B_SP
GCF_043950145.1,Limosilactobacillus fermentum,z-6,Complete Genome,1902,1,0,,,0,0,0,1,1,D_dltE_absent
GCF_022699585.1,Enterococcus faecalis,NY13321,Complete Genome,2924,1,1,388,180.2,1,1,1,1,0,A_TM
GCF_965286455.1,Levilactobacillus brevis,UH033_1,Complete Genome,2545,1,1,392,271.4,1,1,1,1,1,B_SP
GCF_018141605.1,Bifidobacterium longum,I2-2-3,Complete Genome,2037,0,0,,,0,0,0,0,0,E_no_dlt
GCF_051027615.1,Levilactobacillus brevis,SWP-TKLB01,Complete Genome,2429,1,1,392,271.0,1,1,1,1,1,B_SP
GCF_041117985.1,Lacticaseibacillus paracasei,MYA5,Complete Genome,2885,1,1,385,190.8,1,1,1,1,1,A_TM
GCF_014884605.1,Lactococcus lactis,N8,Complete Genome,2399,1,0,,,0,0,0,0,0,D_dltE_absent
GCF_018884205.1,Limosilactobacillus fermentum,YLF016,Complete Genome,1921,1,0,,,0,0,0,1,1,D_dltE_absent
GCF_016415025.1,Enterococcus faecium,Dallas 97_1,Complete Genome,2806,1,1,389,149.6,1,1,1,1,0,A_TM
GCF_002370375.1,Latilactobacillus sakei,LK-145,Complete Genome,1910,1,1,383,174.9,1,1,1,1,1,B_SP
GCF_041447105.1,Bifidobacterium animalis,20224-6,Complete Genome,1511,0,0,,,0,0,0,0,0,E_no_dlt
GCF_052932085.1,Levilactobacillus brevis,KKP3502,Complete Genome,2215,1,1,392,272.9,1,1,1,1,1,B_SP
GCF_020023755.1,Limosilactobacillus reuteri,SD-RD830-FR,Complete Genome,1838,1,0,,,0,0,0,1,0,D_dltE_absent
GCF_036755425.1,Ligilactobacillus animalis,-,Scaffold,1592,0,0,,,0,0,0,1,1,E_no_dlt
GCF_030373575.1,Limosilactobacillus mucosae,Avi24,Contig,1793,1,0,,,0,0,0,1,1,D_dltE_absent
GCF_004102585.1,Leuconostoc mesenteroides,SRCM103356,Complete Genome,1981,1,1,380,134.6,1,1,1,1,1,A_TM
GCF_024272985.1,Latilactobacillus curvatus,ELA204029,Contig,1835,1,1,382,195.4,1,1,1,1,1,C_CYTO
GCF_052943135.1,Leuconostoc citreum,TMW 2.2591,Contig,1824,1,1,378,152.0,1,1,1,1,1,A_TM
GCF_054054545.1,Ligilactobacillus salivarius,D3-8,Complete Genome,1720,1,0,,,0,0,0,1,1,D_dltE_absent
GCF_036281635.1,Enterococcus faecalis,JF1A-4353,Complete Genome,3005,1,1,388,180.2,1,1,1,1,0,A_TM
GCF_044988765.1,Lactococcus garvieae,Sashimi-1688,Contig,1979,1,0,,,0,0,0,0,0,D_dltE_absent
GCF_900639395.1,Enterococcus faecium,-,Complete Genome,2994,1,1,389,149.6,1,1,1,1,0,A_TM
GCF_980648195.1,Leuconostoc citreum,-,Contig,1919,1,1,378,155.0,1,1,1,1,1,A_TM
GCF_003199005.1,Lacticaseibacillus paracasei,Lpc10,Complete Genome,2770,1,1,385,193.0,1,1,1,1,1,A_TM
GCF_022350025.1,Levilactobacillus brevis,YSJ3,Complete Genome,2410,1,1,392,271.4,1,1,1,1,1,B_SP
GCF_006874665.1,Limosilactobacillus reuteri,YSJL-12,Complete Genome,1987,1,0,,,0,0,0,1,1,D_dltE_absent
GCF_022670815.1,Lactococcus lactis,AH1,Complete Genome,2472,1,0,,,0,0,0,0,0,D_dltE_absent
GCF_982553915.1,Latilactobacillus sakei,-,Complete Genome,1889,1,1,383,174.2,1,1,1,1,1,B_SP
GCF_000407645.1,Lactococcus garvieae ATCC 49156,ATCC 49156,Contig,1862,1,0,,,0,0,0,0,0,D_dltE_absent
GCF_034704615.1,Pediococcus acidilactici,IAF5919,Complete Genome,1854,1,1,382,174.0,1,1,1,0,1,B_SP
GCF_040790875.1,Pediococcus pentosaceus,RS-1,Complete Genome,1683,1,1,374,158.5,1,1,1,0,1,B_SP
GCF_016127135.1,Lactococcus lactis,FDAARGOS_1064,Complete Genome,2360,1,0,,,0,0,0,0,0,D_dltE_absent
GCF_024272755.1,Latilactobacillus curvatus,ELA204098,Contig,1828,1,1,382,195.4,1,1,1,1,1,C_CYTO
GCF_000817045.1,Bifidobacterium animalis,A6,Complete Genome,1544,0,0,,,0,0,0,0,0,E_no_dlt
GCF_060346195.1,Bifidobacterium longum,272,Complete Genome,1893,0,0,,,0,0,0,0,0,E_no_dlt
GCF_003429405.1,Pediococcus pentosaceus,SS1-3,Complete Genome,1726,1,1,367,145.6,1,1,1,0,1,A_TM
GCF_044988625.1,Lactococcus garvieae,Sashimi-1038,Contig,2153,1,0,,,0,0,0,0,0,D_dltE_absent
GCF_027697925.1,Limosilactobacillus mucosae,AM96-01DM3TA-r,Scaffold,2055,0,0,,,0,0,0,1,1,E_no_dlt
GCF_016617695.1,Limosilactobacillus fermentum,B44,Complete Genome,1888,1,0,,,0,0,0,1,1,D_dltE_absent
GCF_964186905.1,Leuconostoc citreum,-,Contig,1748,1,1,378,154.5,1,1,1,1,1,A_TM
GCF_004103635.1,Pediococcus acidilactici,SRCM103444,Complete Genome,1796,1,1,382,169.2,1,1,1,0,1,B_SP
GCF_024397675.1,Ligilactobacillus salivarius,SNK-6,Complete Genome,1740,1,0,,,0,0,0,1,1,D_dltE_absent
GCF_050110905.1,Pediococcus acidilactici,SWP-CGPA01,Complete Genome,1779,1,1,382,169.9,1,1,1,0,1,B_SP
GCF_002242615.1,Limosilactobacillus fermentum,SK152,Complete Genome,1944,1,0,,,0,0,0,1,1,D_dltE_absent
GCF_015377505.1,Bifidobacterium animalis,TK-J6A,Complete Genome,1538,0,0,,,0,0,0,0,0,E_no_dlt
GCF_024800105.1,Leuconostoc mesenteroides,PL03,Complete Genome,1984,1,1,380,134.3,1,1,1,1,1,A_TM
GCF_008041995.1,Bifidobacterium animalis,B06,Complete Genome,1535,0,0,,,0,0,0,0,0,E_no_dlt
GCF_051294845.1,Levilactobacillus brevis,DPL5,Complete Genome,2287,1,1,392,270.1,1,1,1,1,1,B_SP
GCF_030371305.1,Limosilactobacillus mucosae,Avi25,Contig,1873,1,0,,,0,0,0,1,1,D_dltE_absent
GCF_040371495.1,Enterococcus faecalis,EF01,Complete Genome,2995,1,1,388,178.7,1,1,1,1,0,A_TM
GCF_028402065.1,Limosilactobacillus mucosae,F146,Contig,2068,1,0,,,0,0,0,1,1,D_dltE_absent
GCF_058173425.1,Leuconostoc mesenteroides,B12-B2,Complete Genome,1894,1,1,380,134.6,1,1,1,1,1,A_TM
GCF_013487885.1,Ligilactobacillus salivarius,2D,Complete Genome,1840,1,0,,,0,0,0,1,1,D_dltE_absent
GCF_025215665.1,Lacticaseibacillus paracasei,ALAC-4,Complete Genome,2783,1,1,385,190.6,1,1,1,1,1,A_TM
GCF_000008925.1,Ligilactobacillus salivarius UCC118,UCC118,Complete Genome,2002,1,0,,,0,0,0,1,1,D_dltE_absent
GCF_050425945.1,Enterococcus faecalis,Efa-W12,Complete Genome,2830,1,1,388,180.2,1,1,1,1,0,A_TM
GCF_053154025.1,Enterococcus faecium,Ch-Efm2,Complete Genome,2631,1,1,386,130.7,1,1,1,1,0,A_TM
GCF_049913355.1,Latilactobacillus sakei,TCI147,Complete Genome,1865,1,1,383,176.0,1,1,1,1,1,B_SP
GCF_023218865.1,Leuconostoc citreum,TMW 2.2455,Contig,1991,1,1,378,153.1,1,1,1,1,1,A_TM
GCF_056725945.1,Lacticaseibacillus paracasei,D11,Complete Genome,2776,1,1,401,198.9,1,1,1,1,1,A_TM
GCF_030585585.1,Limosilactobacillus reuteri,NL02,Complete Genome,1873,1,0,,,0,0,0,1,1,D_dltE_absent
GCF_034090685.1,Ligilactobacillus animalis,-,Contig,2122,1,0,,,0,0,0,1,1,D_dltE_absent
GCF_021228035.1,Bifidobacterium longum,VHProbi Y08,Complete Genome,1894,0,0,,,0,0,0,0,0,E_no_dlt
GCF_023734355.1,Latilactobacillus sakei,TMW 1.578,Complete Genome,1847,1,1,383,175.0,1,1,1,1,1,B_SP
GCF_054491145.1,Latilactobacillus curvatus,L6-9,Scaffold,1978,1,1,382,199.6,1,1,1,1,1,C_CYTO
GCF_052943255.1,Leuconostoc citreum,TMW 2.2367,Contig,1902,1,1,378,153.1,1,1,1,1,1,A_TM
GCF_038665115.1,Enterococcus faecium,EF9953,Complete Genome,2818,1,1,386,130.7,1,1,1,1,0,A_TM
GCF_000761115.1,Lactococcus lactis,AI06,Complete Genome,2234,1,0,,,0,0,0,0,0,D_dltE_absent
GCF_044988645.1,Lactococcus garvieae,Sashimi-1093,Contig,1951,1,0,,,0,0,0,0,0,D_dltE_absent
GCF_034259105.1,Limosilactobacillus reuteri,IMAUJBR3,Complete Genome,1911,1,0,,,0,0,0,1,1,D_dltE_absent
GCF_016864255.1,Enterococcus faecium,WGS1811-4-7,Complete Genome,2887,1,1,389,149.6,1,1,1,1,0,A_TM
GCF_016028695.1,Pediococcus pentosaceus,FDAARGOS_873,Complete Genome,1673,1,1,367,152.2,1,1,1,0,1,B_SP
GCF_048629775.1,Pediococcus acidilactici,TL3,Complete Genome,1790,1,1,382,168.3,1,1,1,0,1,B_SP
GCF_013694365.1,Limosilactobacillus reuteri,CNEI-KCA3,Complete Genome,2196,1,0,,,0,0,0,1,1,D_dltE_absent
GCF_052409125.1,Bifidobacterium longum,MCGI11,Complete Genome,1824,0,0,,,0,0,0,0,0,E_no_dlt
GCF_024273015.1,Latilactobacillus curvatus,ELA214002,Contig,1836,1,1,382,195.4,1,1,1,1,1,C_CYTO
GCF_011770105.1,Bifidobacterium animalis,Probio-M8,Complete Genome,1537,0,0,,,0,0,0,0,0,E_no_dlt
GCF_057376805.1,Latilactobacillus curvatus,UNCP-T6M03,Contig,1917,1,1,382,198.1,1,1,1,1,1,C_CYTO
GCF_900205745.1,Limosilactobacillus fermentum,IMDO 130101,Complete Genome,1877,1,0,,,0,0,0,1,1,D_dltE_absent
GCF_056838005.1,Lactococcus garvieae,942,Contig,1835,1,0,,,0,0,0,0,0,D_dltE_absent
GCF_051157655.1,Limosilactobacillus mucosae,BE090929-6-25,Contig,1742,1,0,,,0,0,0,1,1,D_dltE_absent
GCF_055284835.1,Pediococcus acidilactici,LP05,Complete Genome,1780,1,1,382,168.3,1,1,1,0,1,B_SP
GCF_965286465.1,Levilactobacillus brevis,UH013_6,Complete Genome,2245,1,1,392,271.4,1,1,1,1,1,B_SP
GCF_000143435.1,Ligilactobacillus salivarius CECT 5713,CECT 5713,Complete Genome,1956,1,0,,,0,0,0,1,1,D_dltE_absent
GCF_016027975.1,Lactococcus lactis,FDAARGOS_887,Complete Genome,2433,1,0,,,0,0,0,0,0,D_dltE_absent
GCF_023704215.1,Bifidobacterium animalis,HY8002,Complete Genome,1534,0,0,,,0,0,0,0,0,E_no_dlt
GCF_030369975.1,Leuconostoc mesenteroides,SRCM217106,Complete Genome,1935,1,1,380,134.6,1,1,1,1,1,A_TM
GCF_052943115.1,Leuconostoc citreum,TMW 2.2593,Contig,1787,1,1,378,154.0,1,1,1,1,1,A_TM
GCF_002982155.1,Pediococcus pentosaceus,KCCM 40703,Complete Genome,1680,1,1,367,152.2,1,1,1,0,1,B_SP
GCF_051157935.1,Limosilactobacillus mucosae,BE090929-5-45,Contig,1749,1,0,,,0,0,0,1,1,D_dltE_absent
GCF_029866805.1,Enterococcus faecalis,NY13412,Complete Genome,2830,1,1,388,179.7,1,1,1,1,0,A_TM
GCF_005886715.1,Enterococcus faecium,UAMSEF_09,Complete Genome,2917,1,1,386,130.7,1,1,1,1,0,A_TM
GCF_004936435.1,Bifidobacterium longum,51A,Complete Genome,1880,0,0,,,0,0,0,0,0,E_no_dlt
GCF_001011095.1,Ligilactobacillus salivarius str. Ren,Ren,Complete Genome,1817,1,0,,,0,0,0,1,1,D_dltE_absent
GCF_000194785.1,Lacticaseibacillus paracasei,LC2W,Complete Genome,2817,1,1,385,192.1,1,1,1,1,1,A_TM
GCF_965286585.1,Limosilactobacillus fermentum,HF-IBB-205,Complete Genome,1940,1,0,,,0,0,0,1,1,D_dltE_absent
GCF_035928175.1,Limosilactobacillus reuteri,VHProbi V43,Complete Genome,1903,1,0,,,0,0,0,1,1,D_dltE_absent
GCF_002115685.1,Leuconostoc citreum,DmW_111,Contig,1793,1,1,378,152.9,1,1,1,1,1,A_TM
GCF_982553895.1,Latilactobacillus sakei,-,Complete Genome,1967,1,1,383,174.8,1,1,1,1,1,B_SP
GCF_051048205.1,Levilactobacillus brevis,KU15176,Complete Genome,2304,1,1,392,273.5,1,1,1,1,1,B_SP
GCF_023744395.1,Latilactobacillus curvatus,DRD-171,Scaffold,2086,1,1,379,196.2,1,1,1,1,1,C_CYTO
GCF_016406545.1,Enterococcus faecium,Dallas 53_2,Complete Genome,2782,1,1,389,149.6,1,1,1,1,0,A_TM
GCF_014334715.1,Lactococcus lactis,K_LL005,Complete Genome,2179,1,0,,,0,0,0,0,0,D_dltE_absent
GCF_054962195.1,Leuconostoc mesenteroides,AP7,Complete Genome,1944,1,1,380,134.7,1,1,1,1,1,A_TM
GCF_044988825.1,Lactococcus garvieae,Fecal-929,Contig,2086,1,0,,,0,0,0,0,0,D_dltE_absent
GCF_023277765.1,Pediococcus pentosaceus,MGB0055,Complete Genome,1686,1,1,367,148.5,1,1,1,0,1,B_SP
GCF_013348825.1,Limosilactobacillus reuteri,AN417,Complete Genome,1934,1,0,,,0,0,0,1,1,D_dltE_absent
GCF_003345275.1,Enterococcus faecalis,TY1,Complete Genome,3001,1,1,388,180.2,1,1,1,1,0,A_TM
GCF_053852175.1,Pediococcus acidilactici,HP-B1099,Complete Genome,1779,1,1,382,169.9,1,1,1,0,1,B_SP
GCF_046603915.1,Bifidobacterium longum,SFAD19,Complete Genome,1865,0,0,,,0,0,0,0,0,E_no_dlt
GCF_057379195.1,Latilactobacillus curvatus,UNCP-C6M10,Contig,1923,1,1,382,198.1,1,1,1,1,1,C_CYTO
GCF_016406365.1,Enterococcus faecium,Dallas 53_1,Complete Genome,2782,1,1,389,149.6,1,1,1,1,0,A_TM
GCF_004135895.1,Bifidobacterium animalis,01,Complete Genome,1530,0,0,,,0,0,0,0,0,E_no_dlt
GCF_024494505.1,Limosilactobacillus fermentum,PMC101,Complete Genome,1923,1,0,,,0,0,0,1,1,D_dltE_absent
GCF_027672185.1,Lactococcus garvieae,AM17-43,Scaffold,1902,1,0,,,0,0,0,0,0,D_dltE_absent
GCF_001688685.2,Limosilactobacillus reuteri,I49,Complete Genome,1807,1,0,,,0,0,0,1,1,D_dltE_absent
GCF_900103925.1,Limosilactobacillus mucosae,WCC8,Contig,1755,1,0,,,0,0,0,1,1,D_dltE_absent
GCF_045689685.1,Levilactobacillus brevis,A156,Complete Genome,2239,1,1,392,271.4,1,1,1,1,1,B_SP
GCF_029581755.1,Latilactobacillus curvatus,TMW 1.591,Contig,1743,1,1,382,197.3,1,1,1,1,1,C_CYTO
GCF_048630145.1,Pediococcus acidilactici,HI5,Complete Genome,1792,1,1,382,168.3,1,1,1,0,1,B_SP
GCF_002735985.1,Ligilactobacillus salivarius,BCRC 12574,Chromosome,1939,1,0,,,0,0,0,1,1,D_dltE_absent
GCF_982267115.1,Leuconostoc mesenteroides,-,Complete Genome,2058,1,1,380,134.6,1,1,1,1,1,A_TM
GCF_057554825.1,Lactococcus garvieae,LC2323,Contig,1844,1,0,,,0,0,0,0,0,D_dltE_absent
GCF_036227545.1,Bifidobacterium animalis,B01,Complete Genome,1530,0,0,,,0,0,0,0,0,E_no_dlt
GCF_027676085.1,Leuconostoc citreum,UN03-210,Scaffold,1762,1,1,378,152.9,1,1,1,1,1,A_TM
GCF_050427495.1,Enterococcus faecalis,Efa-W3,Complete Genome,2831,1,1,388,180.2,1,1,1,1,0,A_TM
GCF_965286485.1,Pediococcus acidilactici,15M9,Complete Genome,1850,1,1,382,174.0,1,1,1,0,1,B_SP
GCF_046940055.1,Limosilactobacillus mucosae,174A,Contig,1837,1,0,,,0,0,0,1,1,D_dltE_absent
GCF_048282615.1,Lacticaseibacillus paracasei,439,Complete Genome,2802,1,1,385,191.5,1,1,1,1,1,A_TM
GCF_037414395.1,Lacticaseibacillus paracasei,CUDS0725,Complete Genome,2781,1,1,385,192.1,1,1,1,1,1,A_TM
GCF_001688645.2,Bifidobacterium animalis subsp. animalis,YL2,Complete Genome,1593,0,0,,,0,0,0,0,0,E_no_dlt
GCF_002736025.1,Ligilactobacillus salivarius,BCRC 14759,Chromosome,1917,1,0,,,0,0,0,1,1,D_dltE_absent
GCF_002224565.1,Latilactobacillus sakei,FAM18311,Complete Genome,1932,1,1,383,174.8,1,1,1,1,1,B_SP
GCF_000695895.1,Bifidobacterium animalis,RH,Complete Genome,1536,0,0,,,0,0,0,0,0,E_no_dlt
GCF_051153815.1,Limosilactobacillus mucosae,BE1101-7-14,Contig,1833,1,0,,,0,0,0,1,1,D_dltE_absent
GCF_925293145.1,Leuconostoc citreum,-,Contig,1905,1,1,378,152.3,1,1,1,1,1,A_TM
GCF_050822385.1,Lactococcus lactis,lxl,Complete Genome,2246,1,0,,,0,0,0,0,0,D_dltE_absent
GCF_980643355.1,Leuconostoc citreum,-,Contig,1811,1,1,378,154.0,1,1,1,1,1,A_TM
GCF_050516325.1,Leuconostoc mesenteroides,B22051,Complete Genome,1935,1,1,380,134.6,1,1,1,1,1,A_TM
GCF_003020765.1,Enterococcus faecium,AUSMDU00004142,Complete Genome,2802,1,1,389,149.6,1,1,1,1,0,A_TM
GCF_009913955.1,Pediococcus pentosaceus,SRCM102736,Complete Genome,1722,1,1,367,145.6,1,1,1,0,1,A_TM
GCF_002025065.1,Enterococcus faecium,-,Complete Genome,2875,1,1,389,149.6,1,1,1,1,0,A_TM
GCF_022212965.1,Enterococcus faecalis,101-1,Complete Genome,2891,1,1,388,178.7,1,1,1,1,0,A_TM
GCF_054404865.1,Limosilactobacillus reuteri,MKLQ3807-13,Complete Genome,1877,1,0,,,0,0,0,1,1,D_dltE_absent
GCF_018141585.1,Bifidobacterium longum,K2-21-4,Complete Genome,2027,0,0,,,0,0,0,0,0,E_no_dlt
GCF_004208615.1,Limosilactobacillus reuteri,ATG-F4,Complete Genome,1899,1,0,,,0,0,0,1,1,D_dltE_absent
GCF_003268715.1,Lacticaseibacillus paracasei,LC355,Complete Genome,2817,1,1,385,191.5,1,1,1,1,1,A_TM
GCF_025190625.1,Latilactobacillus curvatus,CIRM-BIA 1458,Scaffold,1770,1,1,382,199.6,1,1,1,1,1,C_CYTO
GCF_029537335.1,Limosilactobacillus fermentum,CYLB55,Complete Genome,1836,1,0,,,0,0,0,1,1,D_dltE_absent
GCF_980652735.1,Latilactobacillus curvatus,-,Contig,1894,1,1,382,199.6,1,1,1,1,1,C_CYTO
GCF_023734315.1,Latilactobacillus sakei,TMW 1.114,Complete Genome,1855,1,1,383,175.0,1,1,1,1,1,B_SP
GCF_057536295.1,Lactococcus garvieae,LC2313,Contig,1840,1,0,,,0,0,0,0,0,D_dltE_absent
GCF_964065285.1,Levilactobacillus brevis,-,Complete Genome,2313,1,1,392,271.4,1,1,1,1,1,B_SP
GCF_021228055.1,Limosilactobacillus reuteri,VHProbi M07,Complete Genome,1899,1,0,,,0,0,0,1,1,D_dltE_absent
GCF_050822395.1,Lactococcus lactis,A32,Complete Genome,2257,1,0,,,0,0,0,0,0,D_dltE_absent
GCF_965638075.1,Pediococcus acidilactici,9MM1,Complete Genome,1918,1,1,382,174.0,1,1,1,0,1,B_SP
GCF_023734335.1,Latilactobacillus sakei,TMW 1.417,Complete Genome,1853,1,1,383,175.0,1,1,1,1,1,B_SP
GCF_036784755.1,Limosilactobacillus fermentum,GBJ,Complete Genome,1865,1,0,,,0,0,0,1,1,D_dltE_absent
GCF_034702085.1,Pediococcus acidilactici,P72N,Complete Genome,1789,1,1,379,173.8,1,1,1,0,1,B_SP
GCF_003722275.1,Lactococcus lactis,IL1403,Complete Genome,2242,1,0,,,0,0,0,0,0,D_dltE_absent
GCF_003671995.1,Bifidobacterium animalis subsp. animalis,CNCM I-4602,Complete Genome,1502,0,0,,,0,0,0,0,0,E_no_dlt
GCF_965286105.1,Levilactobacillus brevis,VUB-H025 M21,Complete Genome,2275,1,1,392,270.1,1,1,1,1,1,B_SP
GCF_053470885.1,Ligilactobacillus salivarius,LMG9476,Contig,1901,1,0,,,0,0,0,1,1,D_dltE_absent
GCF_052466185.1,Pediococcus pentosaceus,L1,Complete Genome,1677,1,1,374,158.5,1,1,1,0,1,B_SP
GCF_051158495.1,Limosilactobacillus mucosae,BE090929-5-25,Contig,1743,1,0,,,0,0,0,1,1,D_dltE_absent
GCF_054962335.1,Leuconostoc mesenteroides,XS806,Complete Genome,1946,1,1,380,134.3,1,1,1,1,1,A_TM
GCF_900114225.1,Limosilactobacillus mucosae,KHPX11,Scaffold,1753,1,0,,,0,0,0,1,1,D_dltE_absent
GCF_060346155.1,Bifidobacterium longum,201,Complete Genome,1763,0,0,,,0,0,0,0,0,E_no_dlt
GCF_000025245.2,Bifidobacterium animalis subsp. lactis BB-12,BB-12,Complete Genome,1537,0,0,,,0,0,0,0,0,E_no_dlt
GCF_016743895.1,Enterococcus faecalis,T90-1,Complete Genome,2841,1,1,388,180.2,1,1,1,1,0,A_TM
GCF_057004665.1,Ligilactobacillus salivarius,BBS2,Chromosome,1931,1,0,,,0,0,0,1,1,D_dltE_absent
GCF_044988585.1,Lactococcus garvieae,Sashimi-1088,Contig,1973,1,0,,,0,0,0,0,0,D_dltE_absent
GCF_051158015.1,Limosilactobacillus mucosae,BE090929-5-43,Contig,1738,1,0,,,0,0,0,1,1,D_dltE_absent
GCF_041734185.1,Lacticaseibacillus paracasei,MGL98,Complete Genome,2789,1,1,385,192.1,1,1,1,1,1,A_TM
GCF_024158625.1,Leuconostoc citreum,R-80370,Contig,1880,1,1,378,155.0,1,1,1,1,1,A_TM
GCF_980645565.1,Latilactobacillus curvatus,-,Contig,1894,1,1,382,199.6,1,1,1,1,1,C_CYTO
GCF_002079585.1,Ligilactobacillus salivarius,DSM 20554,Scaffold,1906,1,0,,,0,0,0,1,1,D_dltE_absent
GCF_055534655.1,Latilactobacillus sakei,R238,Complete Genome,1845,1,1,383,174.8,1,1,1,1,1,B_SP
GCF_016406525.1,Enterococcus faecium,Dallas 71_2,Complete Genome,2853,1,1,389,149.6,1,1,1,1,0,A_TM
GCF_044988905.1,Lactococcus garvieae,Fecal-364,Contig,1905,1,0,,,0,0,0,0,0,D_dltE_absent
GCF_052943215.1,Leuconostoc citreum,TMW 2.2587,Contig,1934,1,1,378,151.6,1,1,1,1,1,A_TM
GCF_980648305.1,Latilactobacillus curvatus,-,Contig,1894,1,1,382,199.6,1,1,1,1,1,C_CYTO
GCF_047650305.1,Pediococcus pentosaceus,K6,Complete Genome,1694,1,1,374,158.5,1,1,1,0,1,B_SP
GCF_003957355.1,Pediococcus acidilactici,PB22,Complete Genome,1801,1,1,379,173.8,1,1,1,0,1,B_SP
GCF_055533515.1,Latilactobacillus sakei,R51,Complete Genome,1881,1,1,383,175.0,1,1,1,1,1,B_SP
GCF_053818865.1,Lactococcus lactis,BIM B-425,Complete Genome,2305,1,0,,,0,0,0,0,0,D_dltE_absent
GCF_014334375.1,Bifidobacterium longum,LC67,Complete Genome,1863,0,0,,,0,0,0,0,0,E_no_dlt
GCF_018798865.1,Levilactobacillus brevis,SPC-SNU 70-2,Complete Genome,2360,1,1,392,270.1,1,1,1,1,1,B_SP
GCF_051131145.1,Lactococcus lactis,DMLL15,Complete Genome,2321,1,0,,,0,0,0,0,0,D_dltE_absent
GCF_006770865.1,Pediococcus pentosaceus,JQI-7,Complete Genome,1666,1,1,367,145.6,1,1,1,0,1,A_TM
GCF_051045955.1,Limosilactobacillus fermentum,HF06,Complete Genome,1916,1,0,,,0,0,0,1,1,D_dltE_absent
GCF_982267245.1,Leuconostoc mesenteroides,-,Complete Genome,1965,1,1,380,134.3,1,1,1,1,1,A_TM
GCF_001411765.2,Pediococcus pentosaceus,wikim20,Complete Genome,1701,1,1,367,148.5,1,1,1,0,1,B_SP
GCF_028201535.1,Bifidobacterium longum,LBUX23,Complete Genome,1803,0,0,,,0,0,0,0,0,E_no_dlt
GCF_965136025.1,Ligilactobacillus salivarius,CIP103140T,Scaffold,1882,1,0,,,0,0,0,1,1,D_dltE_absent
GCF_020882115.1,Enterococcus faecalis,Fac74,Complete Genome,2897,1,1,388,170.9,1,1,1,1,0,A_TM
GCF_023242235.1,Bifidobacterium longum,W13,Complete Genome,1834,0,0,,,0,0,0,0,0,E_no_dlt
GCF_045012815.1,Pediococcus acidilactici,WT 1,Complete Genome,1877,1,1,369,158.4,1,1,1,0,1,B_SP
GCF_980650795.1,Leuconostoc citreum,-,Contig,1839,1,1,378,154.0,1,1,1,1,1,A_TM
GCF_002865565.1,Lacticaseibacillus paracasei,HD1.7,Complete Genome,2679,1,1,401,198.9,1,1,1,1,1,A_TM
GCF_000359625.1,Levilactobacillus brevis KB290,KB290,Complete Genome,2459,1,1,392,271.4,1,1,1,0,1,B_SP
GCF_965286615.1,Levilactobacillus brevis,VUB-H037 M3,Complete Genome,2474,1,1,392,271.4,1,1,1,1,1,B_SP
GCF_058071505.1,Enterococcus faecium,VREN0576,Complete Genome,2926,1,1,389,149.6,1,1,1,1,0,A_TM
GCF_044988785.1,Lactococcus garvieae,Sashimi-1090,Contig,1978,1,0,,,0,0,0,0,0,D_dltE_absent
GCF_051157775.1,Limosilactobacillus mucosae,BE090929-6-22,Contig,1746,1,0,,,0,0,0,1,1,D_dltE_absent
GCF_037201945.1,Leuconostoc mesenteroides,Lm10,Complete Genome,1913,1,1,380,134.3,1,1,1,1,1,A_TM
GCF_040961095.1,Limosilactobacillus reuteri,BG-R33 (DSM 33633),Complete Genome,1909,1,0,,,0,0,0,1,1,D_dltE_absent
GCF_016653595.1,Pediococcus acidilactici,pll,Complete Genome,1819,1,1,379,173.8,1,1,1,0,1,B_SP
GCF_029823545.1,Ligilactobacillus salivarius,LMG 9477,Contig,1885,1,0,,,0,0,0,1,1,D_dltE_absent
GCF_050427045.1,Enterococcus faecalis,Efa-W4,Complete Genome,2832,1,1,388,180.2,1,1,1,1,0,A_TM
GCF_014490015.1,Enterococcus faecium,AML0157,Complete Genome,2952,1,1,389,149.6,1,1,1,1,0,A_TM
GCF_980647945.1,Leuconostoc citreum,-,Contig,1863,1,1,378,154.0,1,1,1,1,1,A_TM
GCF_000092765.1,Bifidobacterium animalis subsp. lactis V9,V9,Complete Genome,1540,0,0,,,0,0,0,0,0,E_no_dlt
GCF_002902825.1,Lacticaseibacillus paracasei,HDS-01,Complete Genome,2709,1,1,401,198.9,1,1,1,1,1,A_TM
GCF_021165875.1,Limosilactobacillus reuteri,VHProbi E18,Complete Genome,1897,1,0,,,0,0,0,1,1,D_dltE_absent
GCF_056619795.1,Enterococcus faecium,E343,Complete Genome,2794,1,1,386,132.7,1,1,1,1,0,A_TM
GCF_041200135.1,Limosilactobacillus fermentum,NS2301G2,Complete Genome,1884,1,0,,,0,0,0,1,1,D_dltE_absent
GCF_055535225.1,Latilactobacillus sakei,R31,Complete Genome,1847,1,1,383,174.8,1,1,1,1,1,B_SP
GCF_980651155.1,Latilactobacillus curvatus,-,Contig,1895,1,1,382,199.6,1,1,1,1,1,C_CYTO
GCF_040962025.1,Limosilactobacillus reuteri,ATCC PTA 5289,Complete Genome,1909,1,0,,,0,0,0,1,1,D_dltE_absent
GCF_000471945.1,Bifidobacterium animalis subsp. lactis ATCC 27673,ATCC 27673,Complete Genome,1518,0,0,,,0,0,0,0,0,E_no_dlt
GCF_033631205.1,Lactococcus lactis,B26,Complete Genome,2400,1,0,,,0,0,0,0,0,D_dltE_absent
GCF_044988705.1,Lactococcus garvieae,Sashimi-1079,Contig,2014,1,0,,,0,0,0,0,0,D_dltE_absent
GCF_980648455.1,Latilactobacillus curvatus,-,Contig,1900,1,1,382,199.6,1,1,1,1,1,C_CYTO
GCF_046939935.1,Limosilactobacillus mucosae,383A,Contig,1965,1,0,,,0,0,0,1,1,D_dltE_absent
GCF_060276335.1,Pediococcus pentosaceus,BS12,Complete Genome,1647,1,1,369,148.3,1,1,1,0,1,A_TM
GCF_963237045.1,Limosilactobacillus fermentum,IMDO TC9L10,Complete Genome,1891,1,0,,,0,0,0,1,1,D_dltE_absent
GCF_044988635.1,Lactococcus garvieae,Fecal-733,Contig,1842,1,0,,,0,0,0,0,0,D_dltE_absent
GCF_053470905.1,Ligilactobacillus salivarius,LMG9477,Contig,1884,1,0,,,0,0,0,1,1,D_dltE_absent
GCF_014334075.1,Bifidobacterium longum,BIM B-813D,Complete Genome,1765,0,0,,,0,0,0,0,0,E_no_dlt
GCF_048320275.1,Leuconostoc mesenteroides,RB3.3,Complete Genome,1876,1,1,380,134.7,1,1,1,1,1,A_TM
GCF_052402435.1,Pediococcus acidilactici,FM-Pa-JXM94,Complete Genome,1757,1,1,382,177.4,1,1,1,0,1,B_SP
GCF_964186775.1,Leuconostoc citreum,-,Contig,1927,1,1,378,152.9,1,1,1,1,1,A_TM
GCF_018732245.1,Limosilactobacillus fermentum,9-4,Complete Genome,1910,1,0,,,0,0,0,1,1,D_dltE_absent
GCF_055814335.1,Enterococcus faecalis,1403D011,Complete Genome,2988,1,1,388,180.2,1,1,1,1,0,A_TM
GCF_000022705.1,Bifidobacterium animalis subsp. lactis Bl-04,Bl-04; ATCC SD5219,Complete Genome,1537,0,0,,,0,0,0,0,0,E_no_dlt
GCF_016406345.1,Enterococcus faecium,Dallas 91,Complete Genome,2782,1,1,389,149.6,1,1,1,1,0,A_TM
GCF_965286605.1,Levilactobacillus brevis,VUB-H042 M19,Complete Genome,2334,1,1,392,271.4,1,1,1,1,1,B_SP
GCF_015377585.1,Lacticaseibacillus paracasei,TK-P4A,Complete Genome,2824,1,1,385,190.1,1,1,1,1,1,A_TM
GCF_028402165.1,Limosilactobacillus mucosae,F17,Contig,1927,1,0,,,0,0,0,1,1,D_dltE_absent
GCF_040142685.1,Limosilactobacillus reuteri,LU150,Complete Genome,1896,1,0,,,0,0,0,1,1,D_dltE_absent
GCF_054962235.1,Leuconostoc mesenteroides,XM7,Complete Genome,1889,1,1,380,134.3,1,1,1,1,1,A_TM
GCF_040285135.1,Ligilactobacillus salivarius,NCK1355,Contig,1949,1,0,,,0,0,0,1,1,D_dltE_absent
GCF_980653115.1,Latilactobacillus curvatus,-,Contig,1896,1,1,382,199.6,1,1,1,1,1,C_CYTO
GCF_014489455.1,Enterococcus faecalis,SF28073,Complete Genome,3040,1,1,388,178.7,1,1,1,1,0,A_TM
GCF_980645945.1,Leuconostoc citreum,-,Contig,1934,1,1,378,152.9,1,1,1,1,1,A_TM
GCF_965638125.1,Latilactobacillus sakei,E-153429,Complete Genome,1928,1,1,383,174.8,1,1,1,1,1,B_SP
GCF_044988685.1,Lactococcus garvieae,Sashimi-1080,Contig,2016,1,0,,,0,0,0,0,0,D_dltE_absent
GCF_041734755.1,Lacticaseibacillus paracasei,YGRT25,Complete Genome,2835,1,1,385,192.1,1,1,1,1,1,A_TM
GCF_907177285.1,Enterococcus faecium,-,Complete Genome,2905,1,1,389,149.6,1,1,1,1,0,A_TM
GCF_024205345.1,Lactococcus lactis,17M1,Complete Genome,2245,1,0,,,0,0,0,0,0,D_dltE_absent
GCF_038396715.1,Pediococcus acidilactici,A1602,Complete Genome,1734,1,1,382,177.4,1,1,1,0,1,B_SP
GCF_055534155.1,Latilactobacillus sakei,L210,Complete Genome,1820,1,1,383,174.8,1,1,1,1,1,B_SP
GCF_042464795.1,Limosilactobacillus reuteri,LDHa,Complete Genome,1819,1,0,,,0,0,0,1,1,D_dltE_absent
GCF_036261395.1,Pediococcus pentosaceus,VHProbi M59,Complete Genome,1734,1,1,374,158.5,1,1,1,0,1,B_SP
GCF_000816205.1,Bifidobacterium animalis subsp. lactis KLDS2.0603,KLDS 2.0603,Complete Genome,1536,0,0,,,0,0,0,0,0,E_no_dlt
GCF_016028815.1,Lactococcus lactis,FDAARGOS_866,Complete Genome,2425,1,0,,,0,0,0,0,0,D_dltE_absent
GCF_023656945.1,Latilactobacillus curvatus,HFS9,Scaffold,1913,1,1,388,201.1,1,1,1,1,1,B_SP
GCF_008086305.1,Bifidobacterium longum,BAMA-B05,Complete Genome,1824,0,0,,,0,0,0,0,0,E_no_dlt
GCF_046939315.1,Limosilactobacillus mucosae,M387A,Contig,1927,1,0,,,0,0,0,1,1,D_dltE_absent
GCF_050106585.1,Pediococcus pentosaceus,SL,Complete Genome,1665,1,1,367,145.6,1,1,1,0,1,A_TM
GCF_011365045.1,Lactococcus garvieae,TILSE2,Contig,2072,1,0,,,0,0,0,0,0,D_dltE_absent
GCF_029223925.1,Limosilactobacillus fermentum,KUFM408,Complete Genome,1902,1,0,,,0,0,0,1,1,D_dltE_absent
GCF_001435955.1,Ligilactobacillus salivarius DSM 20555 = ATCC 11741,DSM 20555,Contig,1890,1,0,,,0,0,0,1,1,D_dltE_absent
GCF_000829295.1,Bifidobacterium longum,105-A,Complete Genome,1775,0,0,,,0,0,0,0,0,E_no_dlt
GCF_020150035.1,Pediococcus acidilactici,MT25,Complete Genome,1687,1,1,379,175.0,1,1,1,0,1,B_SP
GCF_041870135.1,Levilactobacillus brevis,CHEE98,Chromosome,2695,1,1,392,271.5,1,1,1,1,0,B_SP
GCF_980648485.1,Leuconostoc citreum,-,Contig,2006,1,1,378,157.5,1,1,1,1,1,A_TM
GCF_052784075.1,Limosilactobacillus fermentum,SLAM_LAF05,Complete Genome,1902,1,0,,,0,0,0,1,1,D_dltE_absent
GCF_000220885.1,Bifidobacterium animalis subsp. lactis CNCM I-2494,CNCM I-2494,Complete Genome,1536,0,0,,,0,0,0,0,0,E_no_dlt
GCF_059100065.1,Leuconostoc mesenteroides,BZ1505,Complete Genome,1887,1,1,380,133.7,1,1,1,1,1,A_TM
GCF_006228305.1,Levilactobacillus brevis,UCCLB521,Complete Genome,2235,0,1,392,271.4,1,1,1,1,1,E_no_dlt
GCF_055768265.1,Enterococcus faecium,2402H4,Complete Genome,2927,1,1,389,149.6,1,1,1,1,0,A_TM
GCF_004099885.1,Limosilactobacillus mucosae,L24-B,Scaffold,1884,0,0,,,0,0,0,1,1,E_no_dlt
GCF_030517125.1,Enterococcus faecalis,EfsPF36,Complete Genome,2919,1,1,388,180.2,1,1,1,1,0,A_TM
GCF_982267055.1,Leuconostoc mesenteroides,-,Complete Genome,1887,1,1,380,134.3,1,1,1,1,1,A_TM
GCF_015377805.1,Limosilactobacillus reuteri,TK-F8A,Complete Genome,1896,1,0,,,0,0,0,1,1,D_dltE_absent
GCF_054112745.1,Ligilactobacillus salivarius,AF2319,Scaffold,1927,1,0,,,0,0,0,1,1,D_dltE_absent
GCF_046581425.1,Lacticaseibacillus paracasei,BBM398,Complete Genome,2761,1,1,401,198.9,1,1,1,1,1,A_TM
GCF_050469755.1,Enterococcus faecalis,H820,Complete Genome,2851,1,1,388,178.7,1,1,1,1,0,A_TM
GCF_024272925.1,Latilactobacillus curvatus,ELA214060,Contig,1708,1,1,382,199.3,1,1,1,1,1,C_CYTO
GCF_052943075.1,Leuconostoc citreum,TMW 2.2594,Contig,1949,1,1,378,153.1,1,1,1,1,1,A_TM
GCF_031929565.1,Lactococcus garvieae,M29,Scaffold,2004,1,0,,,0,0,0,0,0,D_dltE_absent
GCF_008728475.1,Enterococcus faecium,V2937,Complete Genome,2793,1,1,389,149.6,1,1,1,1,0,A_TM
GCF_056934435.2,Pediococcus acidilactici,ITV26,Complete Genome,1783,1,1,382,177.4,1,1,1,0,1,B_SP
GCF_042464815.1,Limosilactobacillus reuteri,LSHe,Complete Genome,1820,1,0,,,0,0,0,1,1,D_dltE_absent
GCF_982554095.1,Latilactobacillus sakei,-,Complete Genome,1848,1,1,383,176.0,1,1,1,1,1,B_SP
GCF_050596945.1,Lacticaseibacillus paracasei,CYLB 1019,Complete Genome,2832,1,1,385,192.1,1,1,1,1,1,A_TM
GCF_000414215.2,Bifidobacterium animalis subsp. lactis Bl12,Bl12,Complete Genome,1538,0,0,,,0,0,0,0,0,E_no_dlt
GCF_044988865.1,Lactococcus garvieae,CutFruit-1737,Contig,2012,1,0,,,0,0,0,0,0,D_dltE_absent
GCF_003722255.1,Lactococcus lactis,IL6288,Complete Genome,2011,1,0,,,0,0,0,0,0,D_dltE_absent
GCF_055533525.1,Latilactobacillus sakei,PP1,Complete Genome,1847,1,1,383,174.8,1,1,1,1,1,B_SP
GCF_004102605.1,Pediococcus acidilactici,SRCM103367,Complete Genome,1792,1,1,382,173.6,1,1,1,0,1,B_SP
GCF_046939535.1,Limosilactobacillus mucosae,M212A,Contig,2131,1,0,,,0,0,0,1,1,D_dltE_absent
GCF_037482195.1,Pediococcus pentosaceus,SPC L77-1,Complete Genome,1708,1,1,374,158.5,1,1,1,0,1,B_SP
GCF_029542225.1,Lactococcus lactis,EP2,Complete Genome,2195,1,0,,,0,0,0,0,0,D_dltE_absent
GCF_000277325.1,Bifidobacterium animalis subsp. lactis B420,B420,Complete Genome,1536,0,0,,,0,0,0,0,0,E_no_dlt
GCF_001719085.1,Bifidobacterium longum,35624,Complete Genome,1765,0,0,,,0,0,0,0,0,E_no_dlt
GCF_964187045.1,Leuconostoc citreum,-,Contig,1881,1,1,378,154.0,1,1,1,1,1,A_TM
GCF_052059785.1,Pediococcus pentosaceus,5_5_8_1,Complete Genome,1635,1,1,369,149.7,1,1,1,0,1,A_TM
GCF_027676065.1,Limosilactobacillus mucosae,UN03-220,Scaffold,1811,1,0,,,0,0,0,1,1,D_dltE_absent
GCF_030290995.1,Limosilactobacillus fermentum,KUFM407,Complete Genome,1918,1,0,,,0,0,0,1,1,D_dltE_absent
GCF_020091325.1,Enterococcus faecium,HJP554,Complete Genome,2734,1,1,389,149.6,1,1,1,1,0,A_TM
GCF_009931635.1,Bifidobacterium longum,CACC 517,Complete Genome,1774,0,0,,,0,0,0,0,0,E_no_dlt
GCF_040285095.1,Ligilactobacillus salivarius,NCK1352,Contig,1930,1,0,,,0,0,0,1,1,D_dltE_absent
GCF_040556855.1,Levilactobacillus brevis,TCI988,Chromosome,2262,1,1,392,271.4,1,1,1,1,1,B_SP
GCF_045037805.1,Limosilactobacillus reuteri,ZY15,Complete Genome,1971,1,0,,,0,0,0,1,1,D_dltE_absent
GCF_058437045.1,Limosilactobacillus fermentum,KUFM06,Complete Genome,1906,1,0,,,0,0,0,1,1,D_dltE_absent
GCF_030434015.1,Ligilactobacillus salivarius,SRCM217594,Contig,1873,1,0,,,0,0,0,1,1,D_dltE_absent
GCF_045183415.1,Leuconostoc mesenteroides,DMLM17,Complete Genome,1896,1,1,380,134.6,1,1,1,1,1,A_TM
GCF_000014465.1,Levilactobacillus brevis ATCC 367,ATCC 367,Complete Genome,2198,1,1,392,270.1,1,1,1,1,1,B_SP
GCF_023744385.1,Latilactobacillus curvatus,DRD-170,Scaffold,2077,1,1,379,196.2,1,1,1,1,1,C_CYTO
GCF_025188575.1,Leuconostoc citreum,CIRM-BIA 742,Contig,1754,1,1,378,152.9,1,1,1,1,1,A_TM
GCF_042715415.1,Ligilactobacillus salivarius,PG21,Contig,2164,1,0,,,0,0,0,1,1,D_dltE_absent
GCF_045919585.1,Leuconostoc mesenteroides,HY303,Complete Genome,1810,1,1,380,134.6,1,1,1,1,1,A_TM
GCF_023743295.1,Latilactobacillus curvatus,DRD-164,Scaffold,2076,1,1,379,196.2,1,1,1,1,1,C_CYTO
GCF_022648425.1,Enterococcus faecalis,UAMS_EL54,Complete Genome,3091,1,1,388,178.7,1,1,1,1,0,A_TM
GCF_045689675.1,Enterococcus faecium,EfmR138,Complete Genome,2524,1,1,389,149.6,1,1,1,1,0,A_TM
GCF_048320265.1,Leuconostoc mesenteroides,RB3.1,Complete Genome,1874,1,1,380,134.7,1,1,1,1,1,A_TM
GCF_011365245.1,Lactococcus garvieae,TILSE6,Contig,2100,1,0,,,0,0,0,0,0,D_dltE_absent
GCF_057418975.1,Lacticaseibacillus paracasei,LK10,Complete Genome,2832,1,1,385,193.0,1,1,1,1,1,A_TM
GCF_056924875.1,Limosilactobacillus reuteri,MP3,Complete Genome,1976,1,0,,,0,0,0,1,1,D_dltE_absent
GCF_050428045.1,Enterococcus faecalis,DFI-250,Complete Genome,2944,1,1,388,180.2,1,1,1,1,0,A_TM
GCF_059640915.1,Pediococcus acidilactici,SCFF996,Complete Genome,1708,1,1,382,174.1,1,1,1,0,1,B_SP
GCF_055535235.1,Latilactobacillus sakei,M1,Complete Genome,1831,1,1,383,174.8,1,1,1,1,1,B_SP
GCF_029581685.1,Latilactobacillus curvatus,TMW 1.2270,Contig,1876,1,1,382,199.6,1,1,1,1,1,C_CYTO
GCF_003627255.1,Lacticaseibacillus paracasei,ZFM54,Complete Genome,2776,1,1,385,193.0,1,1,1,1,1,A_TM
GCF_000277345.1,Bifidobacterium animalis subsp. lactis Bi-07,Bi-07,Complete Genome,1535,0,0,,,0,0,0,0,0,E_no_dlt
GCF_900088425.1,Lactococcus lactis subsp. lactis,A12,Complete Genome,2525,1,0,,,0,0,0,0,0,D_dltE_absent
GCF_044988775.1,Lactococcus garvieae,Sashimi-1656,Contig,1904,1,0,,,0,0,0,0,0,D_dltE_absent
GCF_964063755.1,Latilactobacillus sakei,-,Complete Genome,1855,1,1,383,174.8,1,1,1,1,1,B_SP
GCF_028401785.1,Limosilactobacillus mucosae,F45,Contig,2031,1,0,,,0,0,0,1,1,D_dltE_absent
GCF_050916405.1,Pediococcus pentosaceus,M1,Complete Genome,1596,1,1,369,149.7,1,1,1,0,1,A_TM
GCF_055764335.1,Limosilactobacillus fermentum,X1,Complete Genome,1891,1,0,,,0,0,0,1,1,D_dltE_absent
GCF_041545465.1,Lactococcus lactis,MA5,Complete Genome,2282,1,0,,,0,0,0,0,0,D_dltE_absent
GCF_026802365.1,Enterococcus faecalis,T30,Complete Genome,2932,1,1,388,180.2,1,1,1,1,0,A_TM
GCF_054901215.1,Bifidobacterium longum,DD98,Complete Genome,1789,0,0,,,0,0,0,0,0,E_no_dlt
GCF_000469365.1,Levilactobacillus brevis ATCC 14869 = DSM 20054,ATCC 14869,Scaffold,2427,1,1,392,272.3,1,1,1,1,1,B_SP
GCF_009930955.1,Pediococcus pentosaceus,SRCM102734,Complete Genome,1600,1,1,369,148.3,1,1,1,0,1,A_TM
GCF_013307125.1,Lacticaseibacillus paracasei,Lp02,Complete Genome,2768,1,1,401,200.1,1,1,1,1,1,A_TM
GCF_029961225.1,Limosilactobacillus fermentum,EFEL6800,Complete Genome,1956,1,0,,,0,0,0,1,1,D_dltE_absent
GCF_036324385.1,Leuconostoc mesenteroides,ML2,Complete Genome,1900,1,1,380,134.6,1,1,1,1,1,A_TM
GCF_040267655.1,Bifidobacterium longum,PMC72,Complete Genome,1758,0,0,,,0,0,0,0,0,E_no_dlt
GCF_982553975.1,Latilactobacillus sakei,-,Complete Genome,1792,1,1,383,174.8,1,1,1,1,1,B_SP
GCF_965136155.1,Levilactobacillus brevis,CIP102806T,Contig,2372,1,1,392,272.3,1,1,1,1,1,B_SP
GCF_050492135.1,Enterococcus faecalis,C1551,Complete Genome,2959,1,1,388,178.7,1,1,1,1,0,A_TM
GCF_029223965.1,Limosilactobacillus fermentum,KUFM423,Complete Genome,1915,1,0,,,0,0,0,1,1,D_dltE_absent
GCF_046237615.1,Lactococcus lactis subsp. lactis,303,Complete Genome,2696,1,0,,,0,0,0,0,0,D_dltE_absent
GCF_980650195.1,Leuconostoc citreum,-,Contig,1920,1,1,378,152.3,1,1,1,1,1,A_TM
GCF_014905075.1,Lacticaseibacillus paracasei,NFFJ04,Complete Genome,2933,1,1,385,192.0,1,1,1,1,1,A_TM
GCF_015238595.1,Levilactobacillus brevis,HQ1-1,Chromosome,2445,1,1,392,271.4,1,1,1,1,1,B_SP
GCF_052906905.1,Pediococcus pentosaceus,SLAM_PEP01,Complete Genome,1601,1,1,374,158.5,1,1,1,0,1,B_SP
GCF_036689565.1,Latilactobacillus sakei subsp. sakei,DCF0720,Complete Genome,1993,1,1,383,174.8,1,1,1,1,1,B_SP
GCF_900639605.1,Enterococcus faecium,-,Complete Genome,2899,1,1,389,149.6,1,1,1,1,0,A_TM
GCF_030434115.1,Ligilactobacillus salivarius,SRCM217619,Contig,1809,1,0,,,0,0,0,1,1,D_dltE_absent
GCF_037100215.1,Bifidobacterium longum subsp. longum,DS1566,Complete Genome,2273,0,0,,,0,0,0,0,0,E_no_dlt
GCF_900234345.1,Latilactobacillus sakei,FLEC01,Complete Genome,1849,1,1,383,174.8,1,1,1,1,1,B_SP
GCF_001046835.1,Limosilactobacillus reuteri,IRT,Complete Genome,1848,1,0,,,0,0,0,1,1,D_dltE_absent
GCF_004359915.1,Leuconostoc citreum,TR116,Contig,1784,1,1,378,157.5,1,1,1,1,1,A_TM
GCF_019844055.1,Pediococcus acidilactici,ZY271,Complete Genome,1638,1,1,382,175.7,1,1,1,0,1,B_SP
GCF_054030945.1,Pediococcus pentosaceus,AFY-9,Complete Genome,1664,1,1,369,148.3,1,1,1,0,1,A_TM
GCF_024272865.1,Latilactobacillus curvatus,ELA214062,Contig,1743,1,1,382,199.4,1,1,1,1,1,C_CYTO
GCF_980644685.1,Latilactobacillus curvatus,-,Contig,1996,1,1,382,199.3,1,1,1,1,1,C_CYTO
GCF_000224965.2,Bifidobacterium animalis subsp. lactis BLC1,BLC1,Complete Genome,1538,0,0,,,0,0,0,0,0,E_no_dlt
GCF_030291755.1,Limosilactobacillus fermentum,RC4,Complete Genome,1837,1,0,,,0,0,0,1,1,D_dltE_absent
GCF_029911905.1,Lactococcus garvieae,ZB-1,Scaffold,1840,1,0,,,0,0,0,0,0,D_dltE_absent
GCF_033130085.1,Enterococcus faecium,8419,Complete Genome,2722,1,1,386,132.7,1,1,1,1,0,A_TM
GCF_027676025.1,Limosilactobacillus mucosae,UN03-219,Scaffold,1802,1,0,,,0,0,0,1,1,D_dltE_absent
GCF_059089415.1,Pediococcus acidilactici,46A,Complete Genome,1984,1,1,382,174.0,1,1,1,0,1,B_SP
GCF_033194755.1,Ligilactobacillus salivarius,CavFT-hAR125,Contig,1887,1,0,,,0,0,0,1,1,D_dltE_absent
GCF_020353915.1,Bifidobacterium longum subsp. longum,NBRC 114494,Complete Genome,2044,0,0,,,0,0,0,0,0,E_no_dlt
GCF_048320255.1,Leuconostoc mesenteroides,SFIP4N4,Complete Genome,1872,1,1,380,134.7,1,1,1,1,1,A_TM
GCF_000172535.2,Bifidobacterium animalis subsp. lactis HN019,HN019,Complete Genome,1535,0,0,,,0,0,0,0,0,E_no_dlt
GCF_039848575.1,Pediococcus pentosaceus,MIANGUAN,Complete Genome,1747,1,1,374,158.5,1,1,1,0,1,B_SP
GCF_051911155.1,Limosilactobacillus reuteri,sample_A,Complete Genome,1916,1,0,,,0,0,0,1,1,D_dltE_absent
GCF_051157635.1,Limosilactobacillus mucosae,BE090929-6-26,Contig,1743,1,0,,,0,0,0,1,1,D_dltE_absent
GCF_022648285.1,Enterococcus faecalis,UAMS_EL56,Complete Genome,3092,1,1,388,178.7,1,1,1,1,0,A_TM
GCF_009738515.1,Bifidobacterium longum,JSRL02,Complete Genome,1779,0,0,,,0,0,0,0,0,E_no_dlt
GCF_049244305.1,Leuconostoc mesenteroides,DMLM19,Complete Genome,1803,1,1,380,134.6,1,1,1,1,1,A_TM
GCF_902385835.1,Ligilactobacillus salivarius,-,Contig,1820,1,0,,,0,0,0,1,1,D_dltE_absent
GCF_040267725.1,Lacticaseibacillus paracasei,TCI727,Complete Genome,2852,1,1,385,189.6,1,1,1,1,1,A_TM
GCF_024800585.1,Limosilactobacillus fermentum,JNU 532,Complete Genome,1902,1,0,,,0,0,0,1,1,D_dltE_absent
GCF_036352235.1,Enterococcus faecalis,IDRL-7538,Complete Genome,2899,1,1,388,175.6,1,1,1,1,0,A_TM
GCF_006406175.1,Leuconostoc citreum,TR153,Contig,1865,1,1,378,157.5,1,1,1,1,1,A_TM
GCF_059292935.1,Lactococcus garvieae,-,Contig,1841,1,0,,,0,0,0,0,0,D_dltE_absent
GCF_000807975.1,Levilactobacillus brevis BSO 464,BSO 464,Chromosome,2460,0,1,392,270.6,1,1,1,1,1,E_no_dlt
GCF_049163355.1,Lacticaseibacillus paracasei,FD1,Complete Genome,2749,1,1,401,198.5,1,1,1,1,1,A_TM
GCF_023115335.1,Pediococcus acidilactici,CITKHZ7,Chromosome,1727,1,1,378,174.4,1,1,1,0,1,B_SP
GCF_907176815.1,Enterococcus faecium,-,Complete Genome,2795,1,1,389,149.6,1,1,1,1,0,A_TM
GCF_023734235.1,Latilactobacillus sakei subsp. sakei,TMW 1.1189,Complete Genome,1818,0,1,383,176.0,1,1,1,1,1,E_no_dlt
GCF_982267065.1,Leuconostoc mesenteroides,-,Complete Genome,1918,1,1,380,134.6,1,1,1,1,1,A_TM
GCF_027694665.1,Limosilactobacillus mucosae,OF13-2A,Scaffold,1823,1,0,,,0,0,0,1,1,D_dltE_absent
GCF_021383585.1,Limosilactobacillus reuteri,RTR,Complete Genome,1830,1,0,,,0,0,0,1,1,D_dltE_absent
GCF_002078615.4,Lactococcus lactis subsp. lactis,UC77,Complete Genome,2511,1,0,,,0,0,0,0,0,D_dltE_absent
GCF_022648595.1,Enterococcus faecalis,UAMS_EL53,Complete Genome,3087,1,1,388,178.7,1,1,1,1,0,A_TM
GCF_002078975.4,Lactococcus lactis subsp. lactis,UC06,Complete Genome,2611,1,0,,,0,0,0,0,0,D_dltE_absent
GCF_024272965.1,Latilactobacillus curvatus,ELA214059,Contig,1701,1,1,382,199.3,1,1,1,1,1,C_CYTO
GCF_000496265.1,Pediococcus pentosaceus SL4,SL4,Complete Genome,1711,1,1,374,158.5,1,1,1,0,1,B_SP
GCF_030480425.1,Lacticaseibacillus paracasei,L14,Complete Genome,2694,1,1,385,190.6,1,1,1,1,1,A_TM
GCF_057443975.1,Lactococcus lactis subsp. lactis,sef432,Complete Genome,2429,1,0,,,0,0,0,0,0,D_dltE_absent
GCF_059292915.1,Lactococcus garvieae,-,Contig,1843,1,0,,,0,0,0,0,0,D_dltE_absent
GCF_017357345.1,Bifidobacterium longum subsp. longum,JCM 7053,Complete Genome,1976,0,0,,,0,0,0,0,0,E_no_dlt
GCF_023734275.1,Latilactobacillus sakei,TMW 1.1396,Complete Genome,1784,1,1,383,174.8,1,1,1,1,1,B_SP
GCF_028463865.1,Bifidobacterium animalis subsp. lactis,BAMA-B06/BAu-B0111,Chromosome,1541,0,0,,,0,0,0,0,0,E_no_dlt
GCF_026222635.1,Pediococcus acidilactici,loliI FS10,Chromosome,1791,1,1,382,177.4,1,1,1,0,1,B_SP
GCF_054456875.1,Limosilactobacillus fermentum,S64,Complete Genome,1881,1,0,,,0,0,0,1,1,D_dltE_absent
GCF_964063405.1,Leuconostoc mesenteroides,-,Complete Genome,1823,1,1,380,134.3,1,1,1,1,1,A_TM
GCF_900452615.1,Levilactobacillus brevis,NCTC13386,Contig,2413,1,1,392,271.0,1,1,1,1,1,B_SP
GCF_000021425.1,Bifidobacterium animalis subsp. lactis AD011,AD011,Complete Genome,1523,0,0,,,0,0,0,0,0,E_no_dlt
GCF_052064895.1,Ligilactobacillus salivarius,W58,Contig,1889,1,0,,,0,0,0,1,1,D_dltE_absent
GCF_020616875.1,Enterococcus faecalis,EFS36,Complete Genome,2896,1,1,388,180.2,1,1,1,1,0,A_TM
GCF_008326505.1,Leuconostoc citreum,F192-5,Scaffold,2023,1,1,378,151.3,1,1,1,1,1,A_TM
GCF_049205275.1,Limosilactobacillus mucosae,IATA082,Contig,1875,1,0,,,0,0,0,1,1,D_dltE_absent
GCF_014060965.1,Leuconostoc citreum,SG255,Contig,1848,1,1,378,152.3,1,1,1,1,1,A_TM
GCF_058091775.1,Bifidobacterium longum subsp. longum,H4,Complete Genome,2097,0,0,,,0,0,0,0,0,E_no_dlt
GCF_026409165.1,Enterococcus faecium,DVT1681,Complete Genome,2822,1,1,386,130.7,1,1,1,1,0,A_TM
GCF_042714325.1,Ligilactobacillus salivarius,P1CEA3,Contig,1847,1,0,,,0,0,0,1,1,D_dltE_absent
GCF_900639505.1,Enterococcus faecium,-,Complete Genome,2870,1,1,389,149.6,1,1,1,1,0,A_TM
GCF_046603855.1,Limosilactobacillus fermentum,SFAD 38,Complete Genome,1868,1,0,,,0,0,0,1,1,D_dltE_absent
GCF_050920525.1,Limosilactobacillus reuteri,i 24.1/2,Complete Genome,1744,1,0,,,0,0,0,1,1,D_dltE_absent
GCF_980651685.1,Leuconostoc citreum,-,Contig,1956,1,1,378,155.1,1,1,1,1,1,A_TM
GCF_050920515.1,Limosilactobacillus reuteri,i 24.2/2,Complete Genome,1755,1,0,,,0,0,0,1,1,D_dltE_absent
GCF_001433855.1,Levilactobacillus brevis ATCC 14869 = DSM 20054,DSM 20054,Scaffold,2378,1,1,392,272.3,1,1,1,1,1,B_SP
GCF_024272885.1,Latilactobacillus curvatus,ELA214061,Contig,1791,1,1,382,199.3,1,1,1,1,1,C_CYTO
GCF_022699545.1,Enterococcus faecium,NY11067,Complete Genome,2739,1,1,389,149.6,1,1,1,1,0,A_TM
GCF_053547915.1,Latilactobacillus curvatus,11261D021BM,Contig,2061,1,1,382,198.5,1,1,1,1,1,C_CYTO
GCF_057896145.1,Leuconostoc mesenteroides,SM3,Complete Genome,1854,1,1,380,134.6,1,1,1,1,1,A_TM
GCF_053892055.1,Lactococcus garvieae,3831,Contig,1842,1,0,,,0,0,0,0,0,D_dltE_absent
GCF_982235695.1,Levilactobacillus brevis,-,Contig,2454,1,1,392,270.6,1,1,1,1,1,B_SP
GCF_046765415.1,Lactococcus garvieae,RIT855,Contig,2172,1,0,,,0,0,0,0,0,D_dltE_absent
GCF_001689055.2,Enterococcus faecalis,KB1,Complete Genome,2716,1,1,388,180.2,1,1,1,1,0,A_TM
GCF_000146325.1,Pediococcus acidilactici DSM 20284,DSM 20284,Scaffold,1800,1,1,379,173.8,1,1,1,0,1,B_SP
GCF_026183435.1,Limosilactobacillus reuteri,BRD_L17,Complete Genome,1775,1,0,,,0,0,0,1,1,D_dltE_absent
GCF_012396515.1,Pediococcus acidilactici,CCUG 32235,Contig,1797,1,1,379,173.8,1,1,1,0,1,B_SP
GCF_041893825.1,Lacticaseibacillus paracasei,FMT2,Complete Genome,2789,1,1,385,192.1,1,1,1,1,1,A_TM
GCF_030284625.1,Bifidobacterium animalis subsp. lactis,LPL-RH,Chromosome,1538,0,0,,,0,0,0,0,0,E_no_dlt
GCF_005049195.1,Latilactobacillus curvatus,S46,Contig,1810,1,1,382,196.2,1,1,1,1,1,C_CYTO
GCF_016696725.1,Bifidobacterium animalis,YL2,Chromosome,1596,0,0,,,0,0,0,0,0,E_no_dlt
GCF_018437525.1,Latilactobacillus sakei subsp. sakei,ob4.1,Complete Genome,1966,1,1,383,176.0,1,1,1,1,1,B_SP
GCF_051156795.1,Limosilactobacillus mucosae,BE091009-7-26,Contig,1852,1,0,,,0,0,0,1,1,D_dltE_absent
GCF_053892015.1,Lactococcus garvieae,3832,Contig,1892,1,0,,,0,0,0,0,0,D_dltE_absent
GCF_046939625.1,Limosilactobacillus mucosae,M184A,Contig,1956,1,0,,,0,0,0,1,1,D_dltE_absent
GCF_013395015.3,Lactococcus lactis subsp. lactis,G121,Complete Genome,2556,1,0,,,0,0,0,0,0,D_dltE_absent
GCF_055180315.1,Lactococcus lactis subsp. lactis,FAM 17927,Complete Genome,2669,1,0,,,0,0,0,0,0,D_dltE_absent
GCF_965286435.1,Pediococcus acidilactici,9MM1,Chromosome,1914,1,1,382,174.0,1,1,1,0,1,B_SP
GCF_925291425.1,Ligilactobacillus salivarius,-,Contig,1947,1,0,,,0,0,0,1,1,D_dltE_absent
GCF_016726885.1,Pediococcus pentosaceus,FDAARGOS_1134,Complete Genome,1648,1,1,374,158.5,1,1,1,0,1,B_SP
GCF_055523635.1,Pediococcus pentosaceus,MRD-MSTF54,Complete Genome,1604,1,1,380,158.5,1,1,1,0,0,A_TM
GCF_040084745.1,Bifidobacterium animalis subsp. lactis,BGI-N3,Chromosome,1536,0,0,,,0,0,0,0,0,E_no_dlt
GCF_050428545.1,Enterococcus faecalis,CI-8010,Complete Genome,2972,1,1,388,175.2,1,1,1,1,0,A_TM
GCF_059183025.1,Bifidobacterium longum subsp. longum,MM0364,Complete Genome,2065,0,0,,,0,0,0,0,0,E_no_dlt
GCF_046581445.1,Lacticaseibacillus paracasei,BBM396,Complete Genome,2763,1,1,401,198.9,1,1,1,1,1,A_TM
GCF_978042585.1,Limosilactobacillus mucosae,-,Contig,2014,1,0,,,0,0,0,1,1,D_dltE_absent
GCF_058135445.1,Lacticaseibacillus paracasei,OS4,Complete Genome,2570,1,1,385,192.1,1,1,1,1,1,A_TM
GCF_002192435.1,Limosilactobacillus fermentum,LAC FRN-92,Complete Genome,1830,1,0,,,0,0,0,1,1,D_dltE_absent
GCF_002738245.1,Ligilactobacillus salivarius,SGL 03,Scaffold,1893,1,0,,,0,0,0,1,1,D_dltE_absent
GCF_002105575.1,Latilactobacillus sakei,Probio65,Chromosome,1939,1,1,383,176.0,1,1,1,1,1,B_SP
GCF_022559185.1,Latilactobacillus sakei,C21B,Chromosome,1941,1,1,383,174.8,1,1,1,1,1,B_SP
GCF_001437285.1,Pediococcus pentosaceus,DSM 20336,Contig,1633,1,1,369,147.8,1,1,1,0,1,A_TM
GCF_001077275.1,Leuconostoc citreum,1301_LGAS,Scaffold,1729,1,1,378,152.3,1,1,1,1,1,A_TM
GCF_055180575.1,Lactococcus lactis subsp. lactis,FAM 27995,Complete Genome,2597,1,0,,,0,0,0,0,0,D_dltE_absent
GCF_025194065.1,Latilactobacillus curvatus,CIRM-BIA 468,Contig,1748,1,1,382,197.3,1,1,1,1,1,C_CYTO
GCF_014651255.1,Pediococcus acidilactici,JCM 8797,Contig,1799,1,1,379,173.8,1,1,1,0,1,B_SP
GCF_054053745.1,Pediococcus pentosaceus,SS1259,Contig,1641,1,1,369,147.8,1,1,1,0,1,A_TM
GCF_016406505.1,Enterococcus faecium,Dallas 87_1,Complete Genome,2935,1,1,386,130.7,1,1,1,1,0,A_TM
GCF_003433375.1,Leuconostoc mesenteroides,WiKim33,Complete Genome,1880,1,1,380,134.6,1,1,1,1,1,A_TM
GCF_000741485.1,Bifidobacterium animalis subsp. animalis,LMG 10508,Contig,1478,0,0,,,0,0,0,0,0,E_no_dlt
GCF_028898865.1,Bifidobacterium longum subsp. longum,F2,Complete Genome,1971,0,0,,,0,0,0,0,0,E_no_dlt
GCF_023078415.1,Limosilactobacillus reuteri,EFEL6901,Complete Genome,1864,1,0,,,0,0,0,1,1,D_dltE_absent
GCF_003346795.1,Limosilactobacillus fermentum,LDTM 7301,Complete Genome,1864,1,0,,,0,0,0,1,1,D_dltE_absent
GCF_040516035.1,Latilactobacillus sakei subsp. sakei,CBA3649,Complete Genome,1917,1,1,383,176.0,1,1,1,1,1,B_SP
GCF_056530455.1,Limosilactobacillus fermentum,P111,Complete Genome,1951,1,0,,,0,0,0,1,1,D_dltE_absent
GCF_965118885.1,Latilactobacillus curvatus,SF766,Contig,1912,1,1,382,198.5,1,1,1,1,1,C_CYTO
GCF_982235475.1,Levilactobacillus brevis,-,Contig,2506,1,1,392,270.6,1,1,1,1,1,B_SP
GCF_030437975.1,Lactococcus lactis subsp. lactis,KMGR2-43,Complete Genome,2657,1,0,,,0,0,0,0,0,D_dltE_absent
GCF_982235835.1,Levilactobacillus brevis,-,Contig,2548,1,1,392,271.4,1,1,1,1,1,B_SP
GCF_053892265.1,Lactococcus garvieae,3749,Contig,1903,1,0,,,0,0,0,0,0,D_dltE_absent
GCF_045273105.1,Bifidobacterium animalis,MRD3454,Chromosome,1480,0,0,,,0,0,0,0,0,E_no_dlt
GCF_000708635.2,Pediococcus pentosaceus CGMCC 7049,CGMCC 7049,Complete Genome,1798,1,1,369,148.3,1,1,1,0,1,A_TM
GCF_018336555.1,Leuconostoc mesenteroides,wikim19,Complete Genome,1667,1,1,380,136.4,1,1,1,1,1,A_TM
GCF_023611865.3,Lactococcus lactis subsp. lactis,229,Complete Genome,2477,1,0,,,0,0,0,0,0,D_dltE_absent
GCF_051157135.1,Limosilactobacillus mucosae,BE090929-6-43,Contig,1742,1,0,,,0,0,0,1,1,D_dltE_absent
GCF_013393765.1,Bifidobacterium longum subsp. longum,YS108R,Complete Genome,2045,0,0,,,0,0,0,0,0,E_no_dlt
GCF_007989545.1,Leuconostoc citreum,NBRC 102476,Contig,1724,1,1,378,152.3,1,1,1,1,1,A_TM
GCF_018348525.1,Lactococcus garvieae,INF126,Contig,2199,1,0,,,0,0,0,0,0,D_dltE_absent
GCF_028656255.1,Ligilactobacillus salivarius,SRCM217603,Contig,1773,1,0,,,0,0,0,1,1,D_dltE_absent
GCF_024054255.2,Limosilactobacillus fermentum,DM072,Complete Genome,1931,1,0,,,0,0,0,1,1,D_dltE_absent
GCF_900092475.1,Enterococcus faecium,-,Complete Genome,2967,1,1,389,149.6,1,1,1,1,0,A_TM
GCF_025122205.1,Leuconostoc citreum,LBAE H6,Contig,1760,1,1,378,154.0,1,1,1,1,1,A_TM
GCF_050506885.1,Enterococcus faecalis,C5858,Complete Genome,3031,1,1,388,179.7,1,1,1,1,0,A_TM
GCF_001722065.1,Levilactobacillus brevis,DPC 6108,Contig,2695,1,1,392,272.6,1,1,1,1,0,B_SP
GCF_020412465.1,Limosilactobacillus reuteri,19-E-6,Complete Genome,1743,1,0,,,0,0,0,1,1,D_dltE_absent
GCF_016415505.1,Enterococcus faecium,Dallas 155,Complete Genome,2836,1,1,386,130.7,1,1,1,1,0,A_TM
GCF_965286145.1,Lacticaseibacillus paracasei,HF-IBB-214,Complete Genome,2786,1,1,385,191.2,1,1,1,1,1,A_TM
GCF_982267295.1,Leuconostoc mesenteroides,-,Complete Genome,1732,1,1,380,134.3,1,1,1,1,1,A_TM
GCF_002318935.1,Levilactobacillus brevis,D7,Contig,2675,1,1,392,270.6,1,1,1,1,1,B_SP
GCF_056863915.1,Limosilactobacillus reuteri,MG5463,Complete Genome,1833,1,0,,,0,0,0,1,1,D_dltE_absent
GCF_040516045.1,Leuconostoc mesenteroides subsp. mesenteroides,CBA3650,Complete Genome,1975,1,1,380,133.6,1,1,1,0,1,A_TM
GCF_015548535.1,Lactococcus garvieae,1001287H_170206_H11,Contig,1926,1,0,,,0,0,0,0,0,D_dltE_absent
GCF_017357325.1,Bifidobacterium longum subsp. longum,JCM 11342,Complete Genome,1995,0,0,,,0,0,0,0,0,E_no_dlt
GCF_051210395.1,Pediococcus acidilactici,SY21,Contig,1983,1,1,379,174.4,1,1,1,0,1,B_SP
GCF_050476085.1,Enterococcus faecalis,C1321,Complete Genome,2764,1,1,388,180.2,1,1,1,1,0,A_TM
GCF_051157615.1,Limosilactobacillus mucosae,BE090929-6-29,Contig,1769,1,0,,,0,0,0,1,1,D_dltE_absent
GCF_029823335.1,Pediococcus acidilactici,NCFB2767,Contig,1799,1,1,379,173.8,1,1,1,0,1,B_SP
GCF_054209635.1,Lacticaseibacillus paracasei,UOS1,Complete Genome,2606,1,1,385,192.1,1,1,1,1,1,A_TM
GCF_001514415.1,Lacticaseibacillus paracasei,KL1,Complete Genome,2563,1,1,401,198.9,1,1,1,1,1,A_TM
GCF_003129685.1,Ligilactobacillus salivarius,A3iob,Contig,1938,1,0,,,0,0,0,1,1,D_dltE_absent
GCF_051158835.1,Limosilactobacillus mucosae,BE090929-5-16,Contig,1889,1,0,,,0,0,0,1,1,D_dltE_absent
GCF_000026065.1,Latilactobacillus sakei subsp. sakei 23K,23K,Complete Genome,1795,1,1,383,174.8,1,1,1,1,1,B_SP
GCF_022559205.1,Latilactobacillus sakei,E23B,Chromosome,1890,1,1,383,174.8,1,1,1,1,1,B_SP
GCF_980650985.1,Leuconostoc citreum,-,Contig,1780,1,1,378,152.3,1,1,1,1,1,A_TM
GCF_029070905.1,Ligilactobacillus salivarius,C57,Scaffold,2017,1,0,,,0,0,0,1,1,D_dltE_absent
GCF_030489665.1,Lactococcus lactis subsp. lactis,CAB701,Complete Genome,2388,1,0,,,0,0,0,0,0,D_dltE_absent
GCF_025562955.2,Lactococcus lactis subsp. lactis,UL021,Complete Genome,2597,1,0,,,0,0,0,0,0,D_dltE_absent
GCF_008728455.1,Enterococcus faecium,V1836,Complete Genome,2947,1,1,386,130.7,1,1,1,1,0,A_TM
GCF_980650915.1,Leuconostoc citreum,-,Contig,1780,1,1,378,152.3,1,1,1,1,1,A_TM
GCF_029542265.1,Pediococcus pentosaceus,EN5,Chromosome,1746,1,1,367,148.5,1,1,1,0,1,B_SP
GCF_029823395.1,Pediococcus pentosaceus,LMG 11488,Contig,1643,1,1,369,147.8,1,1,1,0,1,A_TM
GCF_051628875.1,Limosilactobacillus fermentum,P91,Complete Genome,1897,1,0,,,0,0,0,1,1,D_dltE_absent
GCF_032919725.1,Leuconostoc mesenteroides subsp. mesenteroides,MSJK0064,Complete Genome,1877,1,1,380,134.3,1,1,1,0,1,A_TM
GCF_907165365.1,Enterococcus faecium,-,Complete Genome,2938,1,1,389,149.6,1,1,1,1,0,A_TM
GCF_025193945.1,Latilactobacillus curvatus,CIRM-BIA 1635,Contig,1785,1,1,382,196.7,1,1,1,1,1,C_CYTO
GCF_046116425.1,Lacticaseibacillus paracasei,M115-8W-2,Complete Genome,2664,1,1,385,192.6,1,1,1,1,1,A_TM
GCF_016406565.1,Enterococcus faecium,Dallas 57,Complete Genome,2787,1,1,389,149.6,1,1,1,1,0,A_TM
GCF_040959015.1,Limosilactobacillus reuteri,MG4722,Complete Genome,1841,1,0,,,0,0,0,1,1,D_dltE_absent
GCF_033881405.1,Leuconostoc mesenteroides,FFL48,Complete Genome,1685,1,1,380,136.4,1,1,1,1,1,A_TM
GCF_053471005.1,Latilactobacillus curvatus,NCFB2739,Scaffold,1798,1,1,382,196.7,1,1,1,1,1,C_CYTO
GCF_004154555.1,Bifidobacterium animalis subsp. lactis,1528B,Contig,1572,0,0,,,0,0,0,0,0,E_no_dlt
GCF_029581735.1,Latilactobacillus curvatus,TMW 1.706,Contig,1773,1,1,382,196.7,1,1,1,1,1,C_CYTO
GCF_030295805.1,Enterococcus faecalis,L6D,Complete Genome,2834,1,1,388,170.9,1,1,1,1,0,A_TM
GCF_002077975.1,Lactococcus garvieae,A1,Contig,1944,0,0,,,0,0,0,0,0,E_no_dlt
GCF_015101725.1,Bifidobacterium longum subsp. longum,JCM 11340,Complete Genome,1997,0,0,,,0,0,0,0,0,E_no_dlt
GCF_030211355.1,Lactococcus garvieae,1108/02,Contig,2193,1,0,,,0,0,0,0,0,D_dltE_absent
GCF_023507505.1,Pediococcus pentosaceus,PC2-1(F2),Contig,1744,1,1,367,148.5,1,1,1,0,1,B_SP
GCF_022559145.1,Latilactobacillus sakei,E28G,Chromosome,1967,1,1,383,175.0,1,1,1,1,1,B_SP
GCF_024637935.1,Limosilactobacillus fermentum,VHProbi O48,Complete Genome,1864,1,0,,,0,0,0,1,1,D_dltE_absent
GCF_050506825.1,Enterococcus faecalis,C6389,Complete Genome,2851,1,1,388,180.2,1,1,1,1,0,A_TM
GCF_018408975.1,Bifidobacterium animalis subsp. lactis,BS 01,Contig,1695,0,0,,,0,0,0,0,0,E_no_dlt
GCF_045786175.1,Limosilactobacillus fermentum,WHH2644,Complete Genome,1819,1,0,,,0,0,0,1,1,D_dltE_absent
GCF_982235715.1,Levilactobacillus brevis,-,Contig,2554,1,1,392,271.4,1,1,1,1,1,B_SP
GCF_053758745.1,Pediococcus acidilactici,SS2008,Contig,1797,1,1,379,173.8,1,1,1,0,1,B_SP
GCF_024272945.1,Latilactobacillus curvatus,ELA204033,Contig,1811,1,1,392,201.1,1,1,1,1,1,B_SP
GCF_982235455.1,Levilactobacillus brevis,-,Contig,2317,1,1,392,272.9,1,1,1,1,1,B_SP
GCF_014900535.1,Bifidobacterium longum subsp. longum,JCM 11343,Complete Genome,1955,0,0,,,0,0,0,0,0,E_no_dlt
GCF_023278655.1,Bifidobacterium animalis,YL2,Chromosome,1598,0,0,,,0,0,0,0,0,E_no_dlt
GCF_050847035.1,Lactococcus garvieae,TRM 1301,Contig,2056,1,0,,,0,0,0,0,0,D_dltE_absent
GCF_059184895.1,Bifidobacterium longum subsp. longum,MM0259,Complete Genome,2001,0,0,,,0,0,0,0,0,E_no_dlt
GCF_022691485.1,Enterococcus faecalis,VRE-WC031,Complete Genome,3017,1,1,388,180.2,1,1,1,1,0,A_TM
GCF_051155495.1,Limosilactobacillus mucosae,BE1003-7-1,Contig,1738,1,0,,,0,0,0,1,1,D_dltE_absent
GCF_004054355.1,Pediococcus acidilactici,SRCM 103289,Contig,1929,1,1,382,174.0,1,1,1,0,1,B_SP
GCF_055793385.1,Limosilactobacillus fermentum,BN21,Complete Genome,1897,1,0,,,0,0,0,1,1,D_dltE_absent
GCF_020412485.1,Limosilactobacillus reuteri,19-E-3,Complete Genome,1747,1,0,,,0,0,0,1,1,D_dltE_absent
GCF_009865815.1,Ligilactobacillus salivarius,JSWX5_1,Contig,1767,1,0,,,0,0,0,1,1,D_dltE_absent
GCF_038756885.1,Bifidobacterium animalis subsp. lactis,HN 9,Contig,1547,0,0,,,0,0,0,0,0,E_no_dlt
GCF_982235575.1,Levilactobacillus brevis,-,Contig,2471,1,1,392,271.4,1,1,1,1,1,B_SP
GCF_060344675.1,Limosilactobacillus reuteri,LBMFMA2A,Complete Genome,1784,1,0,,,0,0,0,1,1,D_dltE_absent
GCF_980648475.1,Leuconostoc citreum,-,Contig,1716,1,1,378,152.3,1,1,1,1,1,A_TM
GCF_051157115.1,Limosilactobacillus mucosae,BE090929-6-40,Contig,1748,1,0,,,0,0,0,1,1,D_dltE_absent
GCF_002117185.1,Leuconostoc mesenteroides subsp. mesenteroides,BD1710,Complete Genome,2056,1,1,380,134.9,1,1,1,1,1,A_TM
GCF_046581435.1,Lacticaseibacillus paracasei,BBM397,Complete Genome,2763,1,1,401,198.9,1,1,1,1,1,A_TM
GCF_054495485.1,Levilactobacillus brevis,JP0063,Contig,2594,1,1,392,270.6,1,1,1,1,1,B_SP
GCF_029350895.1,Ligilactobacillus salivarius,Salm-9,Scaffold,1991,1,0,,,0,0,0,1,1,D_dltE_absent
GCF_050427975.1,Enterococcus faecalis,DFI-266,Complete Genome,2948,1,1,388,175.2,1,1,1,1,0,A_TM
GCF_059236425.1,Bifidobacterium longum subsp. longum,MM0289,Complete Genome,2000,0,0,,,0,0,0,0,0,E_no_dlt
GCF_045273835.1,Latilactobacillus sakei,MRD5403,Chromosome,1789,1,1,383,174.8,1,1,1,1,1,B_SP
GCF_006782925.1,Lactococcus garvieae,RTCLI04,Contig,1936,1,0,,,0,0,0,0,0,D_dltE_absent
GCF_052601095.1,Lacticaseibacillus paracasei,YWC-01,Complete Genome,2701,1,1,385,192.1,1,1,1,1,1,A_TM
GCF_051153795.1,Limosilactobacillus mucosae,BE1101-7-25,Contig,1896,1,0,,,0,0,0,1,1,D_dltE_absent
GCF_044337395.1,Lactococcus lactis subsp. lactis,NCDO702,Complete Genome,2533,1,0,,,0,0,0,0,0,D_dltE_absent
GCF_051210405.1,Pediococcus acidilactici,SY22,Contig,1983,1,1,379,174.4,1,1,1,0,1,B_SP
GCF_022559165.1,Latilactobacillus sakei,C22G,Chromosome,1921,1,1,383,176.0,1,1,1,1,1,B_SP
GCF_001437115.1,Pediococcus acidilactici,DSM 19927,Scaffold,1927,1,1,382,176.6,1,1,1,0,1,B_SP
GCF_040425675.1,Bifidobacterium animalis subsp. lactis,KL101,Contig,1534,0,0,,,0,0,0,0,0,E_no_dlt
GCF_043550855.1,Lactococcus lactis subsp. lactis,EIP20A,Complete Genome,2480,1,0,,,0,0,0,0,0,D_dltE_absent
GCF_008016885.1,Ligilactobacillus salivarius,C12,Contig,1790,1,0,,,0,0,0,1,1,D_dltE_absent
GCF_044866795.1,Lactococcus lactis subsp. lactis,MGEL24009,Complete Genome,2354,1,0,,,0,0,0,0,0,D_dltE_absent
GCF_000789175.1,Limosilactobacillus mucosae,DPC 6426,Contig,1863,1,0,,,0,0,0,1,1,D_dltE_absent
GCF_007992275.1,Pediococcus pentosaceus,NBRC 107768,Contig,1632,1,1,369,147.8,1,1,1,0,1,A_TM
GCF_025188625.1,Leuconostoc citreum,CIRM-BIA 2098,Contig,1857,1,1,378,152.3,1,1,1,1,1,A_TM
GCF_004354495.1,Pediococcus pentosaceus,ATCC 33316,Contig,1636,1,1,369,147.8,1,1,1,0,1,A_TM
GCF_039757495.1,Ligilactobacillus salivarius,1001095st1_B1_1001095IJ_161003,Scaffold,1910,1,0,,,0,0,0,1,1,D_dltE_absent
GCF_014898235.1,Bifidobacterium longum subsp. longum,JCM 11341,Complete Genome,1997,0,0,,,0,0,0,0,0,E_no_dlt
GCF_046197065.1,Enterococcus faecium,aus0233,Complete Genome,2993,1,1,389,149.6,1,1,1,1,0,A_TM
GCF_002148235.1,Leuconostoc mesenteroides subsp. mesenteroides,FM06,Complete Genome,1822,1,1,380,135.6,1,1,1,1,1,A_TM
GCF_025188565.1,Leuconostoc citreum,CIRM-BIA 2092,Contig,1855,1,1,378,152.3,1,1,1,1,1,A_TM
GCF_003255875.1,Limosilactobacillus fermentum,CBA7106,Complete Genome,1869,1,0,,,0,0,0,1,1,D_dltE_absent
GCF_060344655.1,Limosilactobacillus reuteri,LBMFMA2B,Complete Genome,1784,1,0,,,0,0,0,1,1,D_dltE_absent
GCF_029910175.1,Enterococcus faecalis,NY13410,Complete Genome,2812,1,1,388,178.7,1,1,1,1,0,A_TM
GCF_038994215.1,Bifidobacterium animalis subsp. lactis,HT 12,Contig,1592,0,0,,,0,0,0,0,0,E_no_dlt
GCF_024272845.1,Latilactobacillus curvatus,ELA204096,Contig,1806,1,1,382,199.6,1,1,1,1,1,C_CYTO
GCF_030378305.1,Levilactobacillus brevis,SRCM217016,Contig,2543,1,1,392,271.4,1,1,1,1,1,B_SP
GCF_027664525.1,Limosilactobacillus mucosae,AF95-06DT-1A,Scaffold,2016,1,0,,,0,0,0,1,1,D_dltE_absent
GCF_000019245.4,Lacticaseibacillus paracasei,Zhang,Complete Genome,2616,1,1,385,193.0,1,1,1,1,1,A_TM
GCF_056837845.1,Leuconostoc citreum,S29_1,Scaffold,1978,1,1,378,153.2,1,1,1,1,1,A_TM
GCF_001583825.1,Leuconostoc mesenteroides subsp. mesenteroides,BD3749,Complete Genome,1918,1,1,380,134.6,1,1,1,1,1,A_TM
GCF_040566435.1,Ligilactobacillus salivarius,C1-4,Scaffold,1752,1,0,,,0,0,0,1,1,D_dltE_absent
GCF_900215905.1,Latilactobacillus sakei,J18,Chromosome,1753,1,1,383,176.0,1,1,1,1,1,B_SP
GCF_964187085.1,Leuconostoc citreum,-,Contig,1968,1,1,378,151.9,1,1,1,1,1,A_TM
GCF_050426975.1,Enterococcus faecalis,Efa-W5,Complete Genome,2776,1,1,388,180.2,1,1,1,1,0,A_TM
GCF_040516025.1,Lactococcus lactis subsp. lactis,CBA3648,Complete Genome,2351,1,0,,,0,0,0,0,0,D_dltE_absent
GCF_003020685.1,Enterococcus faecium,AUSMDU00004167,Complete Genome,2826,1,1,389,149.6,1,1,1,1,0,A_TM
GCF_038441155.1,Enterococcus faecium,2010C10-174,Complete Genome,2850,1,1,389,149.6,1,1,1,1,0,A_TM
GCF_024158965.2,Lacticaseibacillus paracasei,DM001,Complete Genome,2616,1,1,385,191.2,1,1,1,1,1,A_TM
GCF_900454755.1,Pediococcus pentosaceus,NCTC8066,Contig,1807,1,1,367,145.6,1,1,1,0,1,A_TM
GCF_054729215.1,Limosilactobacillus reuteri subsp. reuteri,MM4-1A,Complete Genome,1897,1,0,,,0,0,0,1,1,D_dltE_absent
GCF_041888795.1,Limosilactobacillus reuteri subsp. kinnaridis,BG-R46,Complete Genome,1916,1,0,,,0,0,0,1,1,D_dltE_absent
GCF_003288215.1,Latilactobacillus sakei,WiKim0073,Chromosome,1921,1,1,383,176.0,1,1,1,1,1,B_SP
GCF_001446275.1,Bifidobacterium longum subsp. longum,CCUG30698,Complete Genome,1994,0,0,,,0,0,0,0,0,E_no_dlt
GCF_024272895.1,Latilactobacillus curvatus,ELA204092,Contig,1793,1,1,392,201.1,1,1,1,1,1,B_SP
GCF_001981905.1,Latilactobacillus curvatus,RI-406,Contig,1934,1,1,382,198.5,1,1,1,1,1,C_CYTO
GCF_002078435.1,Lactococcus lactis subsp. lactis,275,Complete Genome,2593,1,0,,,0,0,0,0,0,D_dltE_absent
GCF_000512955.1,Leuconostoc mesenteroides KFRI-MG,KFRI-MG,Complete Genome,1809,1,1,380,134.6,1,1,1,1,1,A_TM
GCF_018866265.1,Limosilactobacillus fermentum,L1,Complete Genome,1849,1,0,,,0,0,0,1,0,D_dltE_absent
GCF_058193175.1,Lactococcus garvieae,RP_BS_1_LAD05,Scaffold,2079,1,0,,,0,0,0,0,0,D_dltE_absent
GCF_009809595.1,Pediococcus pentosaceus,FAM19132,Contig,1883,1,1,367,150.6,1,1,1,0,1,B_SP
GCF_025958845.1,Enterococcus faecalis,BE13,Complete Genome,2720,1,1,388,171.0,1,1,1,1,0,A_TM
GCF_004055405.1,Levilactobacillus brevis,SRCM 103306,Contig,2314,1,1,392,271.4,1,1,1,1,1,B_SP
GCF_059736355.1,Pediococcus acidilactici,A1-2,Contig,1890,1,1,382,170.3,1,1,1,0,1,B_SP
GCF_059184275.1,Bifidobacterium longum subsp. longum,MB0044,Complete Genome,2054,0,0,,,0,0,0,0,0,E_no_dlt
GCF_030581835.1,Lacticaseibacillus paracasei,XJ-003,Complete Genome,2570,1,1,397,164.5,1,1,1,1,1,A_TM
GCF_058192455.1,Lactococcus garvieae,RP_BS_2_LAD02,Scaffold,2047,1,0,,,0,0,0,0,0,D_dltE_absent
GCF_049532865.1,Lacticaseibacillus paracasei,PC-01,Complete Genome,2464,1,1,401,199.4,1,1,1,1,1,A_TM
GCF_023612195.1,Limosilactobacillus fermentum,M4,Complete Genome,1845,1,0,,,0,0,0,1,1,D_dltE_absent
GCF_900215775.1,Latilactobacillus sakei,J160x1,Chromosome,1827,1,1,383,174.8,1,1,1,1,1,B_SP
GCF_059736115.1,Pediococcus acidilactici,A1-2,Contig,1892,1,1,382,170.3,1,1,1,0,1,B_SP
GCF_029823535.1,Latilactobacillus sakei,LMG 9468,Contig,1844,0,1,383,176.0,1,1,1,1,1,E_no_dlt
GCF_982235365.1,Levilactobacillus brevis,-,Contig,2535,1,1,392,271.4,1,1,1,1,1,B_SP
GCF_055180255.1,Lactococcus lactis subsp. lactis,FAM 27996,Complete Genome,2392,1,0,,,0,0,0,0,0,D_dltE_absent
GCF_056485805.1,Enterococcus faecium,s58v1,Complete Genome,2761,1,1,386,132.7,1,1,1,1,0,A_TM
GCF_055388695.1,Lactococcus lactis subsp. lactis,T-21,Complete Genome,2310,1,0,,,0,0,0,0,0,D_dltE_absent
GCF_016742875.1,Ligilactobacillus salivarius,A19,Scaffold,1715,1,0,,,0,0,0,1,1,D_dltE_absent
GCF_054795755.1,Pediococcus pentosaceus,db4,Contig,1742,1,1,374,161.3,1,1,1,0,1,B_SP
GCF_060344685.1,Limosilactobacillus reuteri,LBMFMA1A,Complete Genome,1784,1,0,,,0,0,0,1,1,D_dltE_absent
GCF_028656215.1,Pediococcus pentosaceus,SRCM217654,Contig,1672,1,1,367,152.2,1,1,1,0,1,B_SP
GCF_025122265.1,Leuconostoc citreum,LBAE C12,Contig,1780,1,1,378,157.5,1,1,1,1,1,A_TM
GCF_059235815.1,Bifidobacterium longum subsp. longum,MM0321,Complete Genome,2157,0,0,,,0,0,0,0,0,E_no_dlt
GCF_024273005.1,Latilactobacillus curvatus,ELA204023,Contig,1796,1,1,382,199.6,1,1,1,1,1,C_CYTO
GCF_001725985.1,Bifidobacterium longum subsp. longum,AH1206,Complete Genome,1961,0,0,,,0,0,0,0,0,E_no_dlt
GCF_034048795.1,Limosilactobacillus fermentum,JL-1,Complete Genome,1747,1,0,,,0,0,0,1,1,D_dltE_absent
GCF_900639495.1,Enterococcus faecium,-,Complete Genome,2872,1,1,389,149.6,1,1,1,1,0,A_TM
GCF_030211455.1,Lactococcus garvieae,170/03a,Contig,2064,1,0,,,0,0,0,0,0,D_dltE_absent
GCF_016861955.1,Limosilactobacillus fermentum,ike38,Complete Genome,1803,1,0,,,0,0,0,1,1,D_dltE_absent
GCF_000410995.1,Limosilactobacillus reuteri I5007,I5007,Complete Genome,1884,1,0,,,0,0,0,1,1,D_dltE_absent
GCF_965213345.1,Levilactobacillus brevis,-,Contig,2459,1,1,392,272.3,1,1,1,1,1,B_SP
GCF_030378285.1,Pediococcus acidilactici,SRCM217305,Contig,1892,1,1,382,174.0,1,1,1,0,1,B_SP
GCF_047613355.1,Levilactobacillus brevis,LBH1068,Contig,2527,1,1,392,271.2,1,1,1,1,1,B_SP
GCF_054491265.1,Latilactobacillus curvatus,MGF55-23,Scaffold,1905,1,1,382,197.1,1,1,1,1,1,C_CYTO
GCF_058150725.1,Leuconostoc mesenteroides,RAMULABWGS02,Chromosome,1861,1,1,380,136.3,1,1,1,1,1,A_TM
GCF_900461615.1,Leuconostoc mesenteroides,NCTC12954,Contig,1993,1,1,380,134.3,1,1,1,1,1,A_TM
GCF_058192475.1,Lactococcus garvieae,RP_BS_2_LAD07,Scaffold,2114,1,0,,,0,0,0,0,0,D_dltE_absent
GCF_040795465.1,Bifidobacterium animalis subsp. lactis,HN 9,Contig,1568,0,0,,,0,0,0,0,0,E_no_dlt
GCF_050481115.1,Enterococcus faecalis,C2195,Complete Genome,2838,1,1,388,180.2,1,1,1,1,0,A_TM
GCF_050475575.1,Enterococcus faecalis,C1329,Complete Genome,2944,1,1,388,180.2,1,1,1,1,0,A_TM
GCF_037283825.1,Pediococcus acidilactici,A1391,Contig,1785,1,1,382,177.4,1,1,1,0,1,B_SP
GCF_028402005.1,Limosilactobacillus mucosae,F4,Contig,1947,1,0,,,0,0,0,1,1,D_dltE_absent
GCF_038994355.1,Bifidobacterium animalis subsp. lactis,HN 5,Contig,1566,0,0,,,0,0,0,0,0,E_no_dlt
GCF_001191565.1,Lacticaseibacillus paracasei,CAUH35,Complete Genome,2618,1,1,385,192.1,1,1,1,1,0,A_TM
GCF_038756865.1,Bifidobacterium animalis subsp. lactis,HN 10,Contig,1537,0,0,,,0,0,0,0,0,E_no_dlt
GCF_040720955.1,Ligilactobacillus salivarius,C2-3,Scaffold,1753,1,0,,,0,0,0,1,1,D_dltE_absent
GCF_007989165.1,Latilactobacillus sakei subsp. sakei,NBRC 15893,Contig,1842,0,1,383,176.0,1,1,1,1,1,E_no_dlt
GCF_051157515.1,Limosilactobacillus mucosae,BE090929-6-33,Contig,1738,1,0,,,0,0,0,1,1,D_dltE_absent
GCF_051157075.1,Limosilactobacillus mucosae,BE090929-6-45,Contig,1734,1,0,,,0,0,0,1,1,D_dltE_absent
GCF_048657145.1,Leuconostoc citreum,LSE-4,Contig,1772,1,1,378,154.0,1,1,1,1,1,A_TM
GCF_022494905.1,Lactococcus lactis subsp. lactis,IMAU11823,Complete Genome,2525,1,0,,,0,0,0,0,0,D_dltE_absent
GCF_002009375.1,Leuconostoc mesenteroides subsp. mesenteroides,DRC0211,Complete Genome,1930,1,1,380,136.4,1,1,1,1,1,A_TM
GCF_003071445.1,Enterococcus faecium,CFSAN059071,Complete Genome,2835,1,1,389,149.6,1,1,1,1,0,A_TM
GCF_019593595.1,Ligilactobacillus salivarius,C3,Contig,1899,1,0,,,0,0,0,1,1,D_dltE_absent
GCF_028656295.1,Pediococcus pentosaceus,SRCM217686,Contig,1658,1,1,374,158.5,1,1,1,0,1,B_SP
GCF_004332015.1,Enterococcus faecalis,CVM N48037F,Complete Genome,2918,1,1,388,180.2,1,1,1,1,0,A_TM
GCF_000159455.2,Limosilactobacillus reuteri SD2112,SD2112,Complete Genome,2017,1,0,,,0,0,0,1,1,D_dltE_absent
GCF_025188495.1,Leuconostoc citreum,CIRM-BIA 2091,Contig,1874,1,1,378,152.3,1,1,1,1,1,A_TM
GCF_038022065.1,Bifidobacterium longum subsp. longum,TCI068,Complete Genome,1968,0,0,,,0,0,0,0,0,E_no_dlt
GCF_040536905.1,Lacticaseibacillus paracasei,z15,Complete Genome,2870,1,1,385,191.6,1,1,1,1,1,A_TM
GCF_029581695.1,Latilactobacillus curvatus,TMW 1.1408,Contig,1928,1,1,382,198.5,1,1,1,1,1,C_CYTO
GCF_003071425.1,Enterococcus faecium,CFSAN059070,Complete Genome,2829,1,1,389,149.6,1,1,1,1,0,A_TM
GCF_965286475.1,Latilactobacillus sakei,E-153429,Chromosome,1928,1,1,383,174.8,1,1,1,1,1,B_SP
GCF_049532745.1,Limosilactobacillus fermentum,IMAU32646,Complete Genome,1705,1,0,,,0,0,0,1,1,D_dltE_absent
GCF_058192555.1,Lactococcus garvieae,RP_BS_2_LAD06,Scaffold,2053,1,0,,,0,0,0,0,0,D_dltE_absent
GCF_020978285.1,Limosilactobacillus reuteri,-,Chromosome,2262,1,0,,,0,0,0,1,0,D_dltE_absent
GCF_000807375.1,Lactococcus lactis subsp. lactis,S0,Complete Genome,2356,1,0,,,0,0,0,0,0,D_dltE_absent
GCF_053749195.1,Levilactobacillus brevis,PL0003,Contig,2371,1,1,392,272.3,1,1,1,1,1,B_SP
GCF_059736295.1,Pediococcus acidilactici,A1-2,Contig,1890,1,1,382,170.3,1,1,1,0,1,B_SP
GCF_054491325.1,Latilactobacillus curvatus,MGF53-12,Scaffold,1903,1,1,382,197.1,1,1,1,1,1,C_CYTO
GCF_030433975.1,Pediococcus pentosaceus,SRCM217464,Contig,1746,1,1,367,145.6,1,1,1,0,1,A_TM
GCF_053758445.1,Leuconostoc mesenteroides subsp. mesenteroides,SS1238,Contig,1998,1,1,380,134.3,1,1,1,1,1,A_TM
GCF_040795435.1,Bifidobacterium animalis subsp. lactis,HT 12,Contig,1599,0,0,,,0,0,0,0,0,E_no_dlt
GCF_058194585.1,Lactococcus garvieae,WB_old_3_LAD02,Scaffold,2098,1,0,,,0,0,0,0,0,D_dltE_absent
GCF_059184055.1,Bifidobacterium longum subsp. longum,MM0160,Complete Genome,1940,0,0,,,0,0,0,0,0,E_no_dlt
GCF_004154565.1,Bifidobacterium animalis subsp. lactis,1316B,Contig,1534,0,0,,,0,0,0,0,0,E_no_dlt
GCF_901971775.1,Limosilactobacillus mucosae,INIA P508,Contig,2012,1,0,,,0,0,0,1,1,D_dltE_absent
GCF_056155685.1,Pediococcus acidilactici,PA14,Contig,1821,1,1,382,168.3,1,1,1,0,1,B_SP
GCF_022819245.1,Limosilactobacillus fermentum,SCB0035,Complete Genome,1869,1,0,,,0,0,0,1,1,D_dltE_absent
GCF_054960775.1,Bifidobacterium longum subsp. longum,iVE-15,Complete Genome,1938,0,0,,,0,0,0,0,0,E_no_dlt
GCF_009863785.1,Ligilactobacillus salivarius,FGSYC2M4_2,Contig,1820,1,0,,,0,0,0,1,1,D_dltE_absent
GCF_060497105.1,Leuconostoc citreum,TMW 2.2595,Contig,1783,1,1,378,151.9,1,1,1,1,1,A_TM
GCF_059552425.1,Limosilactobacillus fermentum,DX2052,Complete Genome,1844,1,0,,,0,0,0,1,1,D_dltE_absent
GCF_982235725.1,Levilactobacillus brevis,-,Contig,2317,1,1,392,272.9,1,1,1,1,1,B_SP
GCF_025122255.1,Leuconostoc citreum,LBAE B7,Contig,1784,1,1,378,157.5,1,1,1,1,1,A_TM
GCF_030316155.1,Enterococcus faecium,A2,Complete Genome,2584,1,1,389,149.6,1,1,1,1,0,A_TM
GCF_965286535.1,Levilactobacillus brevis,VUB-B006 M9,Contig,2296,1,1,392,271.4,1,1,1,1,1,B_SP
GCF_000234825.3,Leuconostoc mesenteroides subsp. mesenteroides J18,J18,Complete Genome,1914,1,1,380,136.4,1,1,1,1,1,A_TM
GCF_016406585.1,Enterococcus faecium,Dallas 93_3,Complete Genome,2759,1,1,389,149.6,1,1,1,1,0,A_TM
GCF_020978225.1,Limosilactobacillus reuteri,-,Chromosome,2223,1,0,,,0,0,0,1,1,D_dltE_absent
GCF_020881975.1,Enterococcus faecalis,R5,Complete Genome,2754,1,1,388,180.2,1,1,1,1,0,A_TM
GCF_043592475.1,Leuconostoc mesenteroides,MS4,Chromosome,1750,1,1,380,134.6,1,1,1,1,1,A_TM
GCF_041888805.1,Limosilactobacillus reuteri subsp. kinnaridis,DSM 17938,Complete Genome,1925,1,0,,,0,0,0,1,1,D_dltE_absent
GCF_054491285.1,Latilactobacillus curvatus,MGF55-22,Scaffold,1905,1,1,382,197.1,1,1,1,1,1,C_CYTO
GCF_032598825.1,Limosilactobacillus fermentum,PC76,Complete Genome,1719,1,0,,,0,0,0,1,1,D_dltE_absent
GCF_022819265.1,Lacticaseibacillus paracasei,SCB0563,Complete Genome,2627,1,1,385,193.0,1,1,1,1,1,A_TM
GCF_024273055.1,Latilactobacillus curvatus,ELA214117,Contig,1880,1,1,388,201.1,1,1,1,1,1,B_SP
GCF_058192515.1,Lactococcus garvieae,RP_BS_2_LAD01,Scaffold,2143,1,0,,,0,0,0,0,0,D_dltE_absent
GCF_040795585.1,Bifidobacterium animalis subsp. lactis,HN 10,Contig,1539,0,0,,,0,0,0,0,0,E_no_dlt
GCF_900216205.1,Latilactobacillus sakei,J112,Chromosome,1919,1,1,383,174.8,1,1,1,1,1,B_SP
GCF_024125485.1,Lactococcus garvieae,B974,Contig,1930,1,0,,,0,0,0,0,0,D_dltE_absent
GCF_029581675.1,Latilactobacillus curvatus,TMW 1.1365,Contig,1961,1,1,382,198.9,1,1,1,1,1,B_SP
GCF_051157475.1,Limosilactobacillus mucosae,BE090929-6-31,Contig,1735,1,0,,,0,0,0,1,1,D_dltE_absent
GCF_016921015.2,Lactococcus lactis subsp. lactis,223,Complete Genome,2457,1,0,,,0,0,0,0,0,D_dltE_absent
GCF_037283625.1,Pediococcus acidilactici,A1610,Contig,1782,1,1,382,177.4,1,1,1,0,1,B_SP
GCF_055699145.1,Lacticaseibacillus paracasei,RF7,Complete Genome,2713,1,1,385,194.3,1,1,1,1,1,A_TM
GCF_028206435.1,Pediococcus pentosaceus,SRCM217444,Scaffold,1957,1,1,374,158.5,1,1,1,0,1,B_SP
GCF_009863625.1,Ligilactobacillus salivarius,FJLHD16M3,Contig,1813,1,0,,,0,0,0,1,1,D_dltE_absent
GCF_040795505.1,Bifidobacterium animalis subsp. lactis,HN 5,Contig,1569,0,0,,,0,0,0,0,0,E_no_dlt
GCF_900215765.1,Latilactobacillus sakei,J156,Chromosome,1818,1,1,383,175.0,1,1,1,1,1,B_SP
GCF_053348255.1,Enterococcus faecalis,MBI-24-1,Complete Genome,2886,1,1,388,180.2,1,1,1,1,0,A_TM
GCF_014927285.1,Leuconostoc citreum,DmW_137,Contig,1823,1,1,378,152.3,1,1,1,1,1,A_TM
GCF_051157195.1,Limosilactobacillus mucosae,BE090929-6-38,Contig,1760,1,0,,,0,0,0,1,1,D_dltE_absent
GCF_050429585.1,Lactococcus lactis subsp. lactis,LZK-02,Complete Genome,2377,1,0,,,0,0,0,0,0,D_dltE_absent
GCF_051157595.1,Limosilactobacillus mucosae,BE090929-6-28,Contig,1739,1,0,,,0,0,0,1,1,D_dltE_absent
GCF_016415105.1,Enterococcus faecium,Dallas 103,Complete Genome,2768,1,1,389,149.6,1,1,1,1,0,A_TM
GCF_056155745.1,Pediococcus pentosaceus,NH2,Contig,1689,1,1,367,148.5,1,1,1,0,1,B_SP
GCF_008016915.1,Ligilactobacillus salivarius,C2,Contig,1900,1,0,,,0,0,0,1,1,D_dltE_absent
GCF_028864385.1,Ligilactobacillus salivarius,144-2021-8,Contig,1830,1,0,,,0,0,0,1,1,D_dltE_absent
GCF_012275185.1,Limosilactobacillus reuteri,CNI-KCA2,Chromosome,1942,1,0,,,0,0,0,1,1,D_dltE_absent
GCF_059995915.1,Bifidobacterium longum subsp. longum,MM0369,Complete Genome,1940,0,0,,,0,0,0,0,0,E_no_dlt
GCF_050320215.1,Lacticaseibacillus paracasei,LTH 2407,Complete Genome,2522,1,1,385,192.1,1,1,1,1,1,A_TM
GCF_025188705.1,Leuconostoc citreum,CIRM-BIA 1454,Contig,1959,1,1,378,152.3,1,1,1,1,1,A_TM
GCF_045527965.1,Latilactobacillus curvatus,FAM 25314,Scaffold,1909,1,1,379,196.2,1,1,1,1,1,C_CYTO
GCF_035621415.1,Limosilactobacillus fermentum,JL-2,Complete Genome,1763,1,0,,,0,0,0,1,1,D_dltE_absent
GCF_007992315.1,Latilactobacillus sakei subsp. carnosus,NBRC 107868,Contig,1955,1,1,383,174.8,1,1,1,1,1,B_SP
GCF_015325925.1,Enterococcus faecium,VRE3370,Complete Genome,2870,1,1,389,149.6,1,1,1,1,0,A_TM
GCF_019693335.1,Levilactobacillus brevis,Lbr-35,Contig,2175,1,1,392,271.4,1,1,1,1,1,B_SP
GCF_900114555.1,Lactococcus garvieae,M79,Scaffold,2056,1,0,,,0,0,0,0,0,D_dltE_absent
GCF_045269915.1,Limosilactobacillus reuteri,MRD060,Chromosome,1859,1,0,,,0,0,0,1,1,D_dltE_absent
GCF_009789085.1,Pediococcus acidilactici,FAM13875,Contig,1789,1,1,382,173.6,1,1,1,0,1,B_SP
GCF_031433065.1,Leuconostoc mesenteroides,SB1075,Chromosome,1769,1,1,380,134.6,1,1,1,1,1,A_TM
GCF_002093065.1,Levilactobacillus brevis,CRL 2013,Contig,2560,1,1,392,272.6,1,1,1,1,1,B_SP
GCF_004154525.1,Bifidobacterium animalis subsp. lactis,1813B,Contig,1535,0,0,,,0,0,0,0,0,E_no_dlt
GCF_016952955.2,Lactococcus lactis subsp. lactis,267,Complete Genome,2475,1,0,,,0,0,0,0,0,D_dltE_absent
GCF_012594215.1,Enterococcus faecalis,TH4125,Complete Genome,2816,1,1,388,180.2,1,1,1,1,0,A_TM
GCF_053759705.1,Leuconostoc mesenteroides subsp. dextranicum,SS1237,Contig,1672,1,1,380,136.4,1,1,1,1,1,A_TM
GCF_051156835.1,Limosilactobacillus mucosae,BE091009-7-16,Contig,1848,1,0,,,0,0,0,1,1,D_dltE_absent
GCF_022690785.1,Pediococcus pentosaceus,PP16CC,Contig,1796,1,1,367,152.2,1,1,1,0,1,B_SP
GCF_050858965.1,Lacticaseibacillus paracasei,CLP-E2,Complete Genome,2608,1,1,385,192.0,1,1,1,1,1,A_TM
GCF_050492125.1,Enterococcus faecalis,C1552,Complete Genome,2959,1,1,388,178.7,1,1,1,1,0,A_TM
GCF_009865885.1,Ligilactobacillus salivarius,FZJTZ69_1,Scaffold,1910,1,0,,,0,0,0,1,1,D_dltE_absent
GCF_054149065.1,Bifidobacterium longum subsp. longum,MCC10217,Complete Genome,1904,0,0,,,0,0,0,0,0,E_no_dlt
GCF_004354475.1,Latilactobacillus sakei subsp. sakei,ATCC 15521,Contig,1832,0,1,383,176.0,1,1,1,1,1,E_no_dlt
GCF_965213305.1,Pediococcus pentosaceus,-,Contig,1635,1,1,374,158.5,1,1,1,0,1,B_SP
GCF_037283705.1,Pediococcus acidilactici,A1575,Contig,1771,1,1,382,177.4,1,1,1,0,1,B_SP
GCF_009834405.1,Lacticaseibacillus paracasei,TD 062,Complete Genome,2457,1,1,385,192.1,1,1,1,1,1,A_TM
GCF_024665815.1,Lacticaseibacillus paracasei subsp. paracasei,01,Complete Genome,2895,1,1,385,192.1,1,1,1,1,1,A_TM
GCF_055383495.1,Bifidobacterium longum subsp. longum,BB536,Complete Genome,1961,0,0,,,0,0,0,0,0,E_no_dlt
GCF_050481685.1,Enterococcus faecalis,C2194,Complete Genome,2838,1,1,388,180.2,1,1,1,1,0,A_TM
GCF_042679265.1,Latilactobacillus sakei subsp. carnosus,CCUG 31331,Contig,2016,1,1,383,174.8,1,1,1,1,1,B_SP
GCF_021568595.1,Pediococcus acidilactici,BCB1H,Contig,1750,1,1,379,168.2,1,1,1,0,1,B_SP
GCF_051094935.1,Limosilactobacillus fermentum,XJC60,Complete Genome,1678,1,0,,,0,0,0,1,1,D_dltE_absent
GCF_050408565.1,Lactococcus garvieae,S14_2VN,Contig,1895,1,0,,,0,0,0,0,0,D_dltE_absent
GCF_055180595.1,Lactococcus lactis subsp. lactis,FAM 26408,Complete Genome,2500,1,0,,,0,0,0,0,0,D_dltE_absent
GCF_040795485.1,Bifidobacterium animalis subsp. lactis,HN 7,Contig,1536,0,0,,,0,0,0,0,0,E_no_dlt
GCF_009863435.1,Ligilactobacillus salivarius,FNMGHLBE2_L7,Contig,1913,1,0,,,0,0,0,1,1,D_dltE_absent
GCF_056155805.1,Pediococcus acidilactici,CLF11,Contig,1718,1,1,382,174.1,1,1,1,0,1,B_SP
GCF_902386405.1,Pediococcus pentosaceus,-,Contig,1683,1,1,369,148.3,1,1,1,0,1,A_TM
GCF_024999845.1,Latilactobacillus curvatus,CIRM-BIA 1443,Contig,1875,1,1,382,199.3,1,1,1,1,1,C_CYTO
GCF_025188465.1,Leuconostoc citreum,CIRM-BIA 2090,Contig,1840,1,1,378,152.3,1,1,1,1,1,A_TM
GCF_004154475.1,Bifidobacterium animalis subsp. lactis,1843B,Contig,1536,0,0,,,0,0,0,0,0,E_no_dlt
GCF_059183095.1,Bifidobacterium longum subsp. longum,MM0307,Complete Genome,1891,0,0,,,0,0,0,0,0,E_no_dlt
GCF_015613225.1,Pediococcus pentosaceus,LMG 11487,Scaffold,1744,1,1,380,159.4,1,1,1,0,1,A_TM
GCF_027693385.1,Limosilactobacillus mucosae,OF26-11pH9A,Scaffold,1852,1,0,,,0,0,0,1,1,D_dltE_absent
GCF_003957785.1,Enterococcus faecium,RBWH1,Complete Genome,2757,1,1,386,132.7,1,1,1,1,0,A_TM
GCF_055797455.1,Limosilactobacillus fermentum,34_SG_21,Complete Genome,1825,1,0,,,0,0,0,0,1,D_dltE_absent
GCF_017357065.1,Bifidobacterium longum subsp. longum,KCTC 3421,Complete Genome,1897,0,0,,,0,0,0,0,0,E_no_dlt
GCF_056933575.1,Ligilactobacillus salivarius,SR3,Scaffold,1746,1,0,,,0,0,0,1,1,D_dltE_absent
GCF_020785115.1,Limosilactobacillus reuteri subsp. peregrinus,LR51,Scaffold,1870,1,0,,,0,0,0,1,1,D_dltE_absent
GCF_001953605.1,Levilactobacillus brevis,EF,Contig,2769,1,1,392,271.2,1,1,1,1,1,B_SP
GCF_003860425.1,Limosilactobacillus fermentum,YL-11,Complete Genome,1704,1,0,,,0,0,0,1,1,D_dltE_absent
GCF_013432155.1,Leuconostoc citreum,BD1707,Contig,1729,1,1,378,152.3,1,1,1,1,1,A_TM
GCF_980648445.1,Latilactobacillus curvatus,-,Contig,1840,1,1,382,198.6,1,1,1,1,1,C_CYTO
GCF_053759745.1,Leuconostoc mesenteroides subsp. cremoris,SS1957,Contig,1612,1,1,380,134.8,1,1,1,0,1,A_TM
GCF_057376935.1,Levilactobacillus brevis,UNCP-T6M43,Contig,2744,1,1,392,272.6,1,1,1,1,1,B_SP
GCF_016415325.1,Enterococcus faecium,Dallas 107_1,Complete Genome,2789,1,1,389,149.6,1,1,1,1,0,A_TM
GCF_028322745.1,Lactococcus garvieae,1001287st1_H2_1001287H_170206,Contig,2044,1,0,,,0,0,0,0,0,D_dltE_absent
GCF_000160595.1,Leuconostoc mesenteroides subsp. cremoris ATCC 19254,ATCC 19254,Scaffold,1579,1,1,380,134.8,1,1,1,0,1,A_TM
GCF_023650735.1,Enterococcus faecalis,QZ076,Complete Genome,3011,1,1,388,180.2,1,1,1,1,0,A_TM
GCF_022642805.1,Limosilactobacillus reuteri,L8,Chromosome,1990,1,0,,,0,0,0,1,1,D_dltE_absent
GCF_028067445.1,Pediococcus pentosaceus,ST58,Contig,1899,1,1,367,148.6,1,1,1,0,1,B_SP
GCF_030020575.1,Enterococcus faecalis,EfsC61,Complete Genome,2849,1,1,388,180.2,1,1,1,1,0,A_TM
GCF_025188785.1,Leuconostoc citreum,CIRM-BIA 2099,Contig,1939,1,1,378,152.3,1,1,1,1,1,A_TM
GCF_965118335.1,Latilactobacillus curvatus,SF1574,Contig,1942,1,1,382,198.5,1,1,1,1,1,C_CYTO
GCF_037997085.1,Bifidobacterium longum subsp. longum,FB1-1,Complete Genome,1946,0,0,,,0,0,0,0,0,E_no_dlt
GCF_054461285.1,Lacticaseibacillus paracasei subsp. paracasei,HP7,Complete Genome,2906,1,1,401,198.5,1,1,1,1,1,A_TM
GCF_016406385.1,Enterococcus faecium,Dallas 55,Complete Genome,2805,1,1,386,130.7,1,1,1,1,0,A_TM
GCF_058192495.1,Lactococcus garvieae,RP_BS_2_LAD04,Scaffold,2128,1,0,,,0,0,0,0,0,D_dltE_absent
GCF_032598845.1,Limosilactobacillus fermentum,PC10,Complete Genome,1739,1,0,,,0,0,0,1,1,D_dltE_absent
GCF_030144745.1,Latilactobacillus sakei,HEM 224,Contig,1941,1,1,383,176.0,1,1,1,1,1,B_SP
GCF_016697045.1,Limosilactobacillus reuteri,I49,Chromosome,1832,1,0,,,0,0,0,1,1,D_dltE_absent
GCF_025562895.2,Lactococcus lactis subsp. lactis,I.1.1,Complete Genome,2523,1,0,,,0,0,0,0,0,D_dltE_absent
GCF_055180355.1,Lactococcus lactis subsp. lactis,FAM 17900,Complete Genome,2453,1,0,,,0,0,0,0,0,D_dltE_absent
GCF_925281805.1,Levilactobacillus brevis,-,Contig,2471,1,1,392,272.6,1,1,1,1,1,B_SP
GCF_057379315.1,Levilactobacillus brevis,UNCP-H6M06,Contig,2545,1,1,392,272.6,1,1,1,1,1,B_SP
GCF_030378265.1,Latilactobacillus sakei,SRCM217409,Contig,1969,1,1,383,176.0,1,1,1,1,1,B_SP
GCF_019008315.1,Pediococcus pentosaceus,ET34,Contig,1906,1,1,367,148.6,1,1,1,0,1,B_SP
GCF_007990165.1,Leuconostoc mesenteroides subsp. mesenteroides,NBRC 100496,Contig,1987,1,1,380,134.3,1,1,1,1,1,A_TM
GCF_029823215.1,Leuconostoc mesenteroides,DSM 20343,Contig,1999,1,1,380,134.3,1,1,1,1,1,A_TM
GCF_044365715.1,Lactococcus lactis subsp. lactis,NCDO184,Complete Genome,2551,1,0,,,0,0,0,0,0,D_dltE_absent
GCF_059237115.1,Bifidobacterium longum subsp. longum,MM0286,Complete Genome,1920,0,0,,,0,0,0,0,0,E_no_dlt
GCF_018517125.1,Enterococcus faecalis,18-243,Complete Genome,2873,1,1,388,180.2,1,1,1,1,0,A_TM
GCF_022213005.1,Enterococcus faecalis,43-2,Complete Genome,2883,1,1,388,180.2,1,1,1,1,0,A_TM
GCF_033783345.1,Limosilactobacillus mucosae,c4Ub_87,Contig,1797,1,0,,,0,0,0,1,1,D_dltE_absent
GCF_028743095.1,Limosilactobacillus fermentum,B-1840,Complete Genome,1708,1,0,,,0,0,0,1,1,D_dltE_absent
GCF_002442835.1,Lacticaseibacillus paracasei,FAM18149,Complete Genome,2649,0,1,385,192.1,1,1,1,1,1,E_no_dlt
GCF_032466015.1,Lacticaseibacillus paracasei,LMG 19719,Complete Genome,2583,1,1,387,191.6,1,1,1,1,1,A_TM
GCF_046588345.1,Lactococcus garvieae,TATVAM-FAB86,Contig,1945,1,0,,,0,0,0,0,0,D_dltE_absent
GCF_002179515.1,Levilactobacillus brevis,3M004,Scaffold,2307,1,1,392,270.6,1,1,1,1,1,B_SP
GCF_001435715.1,Latilactobacillus sakei subsp. carnosus DSM 15831,DSM 15831,Scaffold,1963,1,1,383,174.8,1,1,1,1,1,B_SP
GCF_001434065.1,Latilactobacillus sakei subsp. sakei DSM 20017 = JCM 1157,DSM 20017,Contig,1838,0,1,383,176.0,1,1,1,1,1,E_no_dlt
GCF_009808095.1,Pediococcus acidilactici,FAM18098,Contig,1731,1,1,382,173.1,1,1,1,0,1,B_SP
GCF_982235495.1,Leuconostoc mesenteroides,-,Contig,2016,1,1,380,134.6,1,1,1,1,1,A_TM
GCF_016920995.2,Lactococcus lactis subsp. lactis,WM1,Complete Genome,2488,1,0,,,0,0,0,0,0,D_dltE_absent
GCF_044360555.1,Lactococcus lactis subsp. lactis,E.0.1,Complete Genome,2440,1,0,,,0,0,0,0,0,D_dltE_absent
GCF_038562715.1,Bifidobacterium animalis subsp. lactis,HN 7,Contig,1536,0,0,,,0,0,0,0,0,E_no_dlt
GCF_030517415.1,Enterococcus faecalis,EfsC129,Complete Genome,2860,1,1,388,180.2,1,1,1,1,0,A_TM
GCF_015613005.1,Pediococcus pentosaceus,FAM 20746,Scaffold,1805,1,1,367,148.6,1,1,1,0,1,B_SP
GCF_054512595.1,Pediococcus acidilactici,K1,Scaffold,1902,1,1,382,170.3,1,1,1,0,1,B_SP
GCF_051156875.1,Limosilactobacillus mucosae,BE090929-7-11,Contig,1846,1,0,,,0,0,0,1,1,D_dltE_absent
GCF_016406405.1,Enterococcus faecium,Dallas 66,Complete Genome,2839,1,1,389,149.6,1,1,1,1,0,A_TM
GCF_020008065.1,Bifidobacterium longum subsp. longum,BCBL-583,Complete Genome,1868,0,0,,,0,0,0,0,0,E_no_dlt
GCF_025506255.1,Bifidobacterium animalis subsp. lactis,CUL34,Contig,1602,0,0,,,0,0,0,0,0,E_no_dlt
GCF_020784875.1,Limosilactobacillus reuteri subsp. simiae,LR66,Scaffold,1971,1,0,,,0,0,0,1,1,D_dltE_absent
GCF_041021505.1,Ligilactobacillus salivarius,NL5,Contig,1744,1,0,,,0,0,0,1,1,D_dltE_absent
GCF_043552395.1,Lactococcus lactis subsp. lactis,EIP13A,Complete Genome,2689,1,0,,,0,0,0,0,0,D_dltE_absent
GCF_051156895.1,Limosilactobacillus mucosae,BE091009-7-14,Contig,1820,1,0,,,0,0,0,1,1,D_dltE_absent
GCF_980650175.1,Latilactobacillus curvatus,-,Contig,1855,1,1,382,198.6,1,1,1,1,1,C_CYTO
GCF_025188605.1,Leuconostoc citreum,CIRM-BIA 1455,Contig,1864,1,1,378,152.3,1,1,1,1,1,A_TM
GCF_925281455.1,Pediococcus pentosaceus,-,Contig,1755,1,1,367,145.6,1,1,1,0,1,A_TM
GCF_009865705.1,Ligilactobacillus salivarius,NT64_1,Contig,1737,1,0,,,0,0,0,1,1,D_dltE_absent
GCF_040193335.1,Lactococcus garvieae,ZE2-7,Scaffold,2128,1,0,,,0,0,0,0,0,D_dltE_absent
GCF_059237045.1,Bifidobacterium longum subsp. longum,MM0003,Complete Genome,1917,0,0,,,0,0,0,0,0,E_no_dlt
GCF_907176135.1,Enterococcus faecium,-,Complete Genome,2805,1,1,389,149.6,1,1,1,1,0,A_TM
GCF_025188725.1,Leuconostoc citreum,CIRM-BIA 1457,Contig,1896,1,1,378,152.3,1,1,1,1,1,A_TM
GCF_009807885.1,Pediococcus acidilactici,FAM19476,Contig,1955,1,1,382,169.4,1,1,1,0,1,B_SP
GCF_000010145.1,Limosilactobacillus fermentum IFO 3956,IFO 3956,Complete Genome,1936,1,0,,,0,0,0,1,1,D_dltE_absent
GCF_000168255.1,Limosilactobacillus reuteri subsp. rodentium,100-23,Contig,2058,1,0,,,0,0,0,1,1,D_dltE_absent
GCF_016415425.1,Enterococcus faecium,Dallas 148,Complete Genome,2791,1,1,389,149.6,1,1,1,1,0,A_TM
GCF_004154535.1,Bifidobacterium animalis subsp. lactis,1811B,Contig,1538,0,0,,,0,0,0,0,0,E_no_dlt
GCF_009741845.1,Levilactobacillus brevis,LB_AVK,Contig,2264,1,1,410,208.0,1,1,1,0,1,B_SP
GCF_001981925.1,Latilactobacillus curvatus,RI-198,Scaffold,1776,1,1,379,196.2,1,1,1,1,1,C_CYTO
GCF_001434615.1,Limosilactobacillus reuteri subsp. reuteri JCM 1112 = DSM 20016,DSM 20016,Scaffold,1900,1,0,,,0,0,0,1,1,D_dltE_absent
GCF_051153755.1,Limosilactobacillus mucosae,BE1101-7-7,Contig,1876,1,0,,,0,0,0,1,1,D_dltE_absent
GCF_982235505.1,Leuconostoc mesenteroides,-,Contig,1990,1,1,380,134.6,1,1,1,1,1,A_TM
GCF_030219645.1,Lactococcus garvieae,T1-1,Contig,2002,1,0,,,0,0,0,0,0,D_dltE_absent
GCF_980653065.1,Latilactobacillus curvatus,-,Contig,1841,1,1,382,198.6,1,1,1,1,1,C_CYTO
GCF_028864445.1,Ligilactobacillus salivarius,198vzk-4,Contig,1998,1,0,,,0,0,0,1,1,D_dltE_absent
GCF_036689605.1,Enterococcus faecalis,HRH46,Complete Genome,2890,1,1,388,180.2,1,1,1,1,0,A_TM
GCF_027666245.1,Pediococcus acidilactici,AM77-03b14A,Scaffold,1729,1,1,382,174.1,1,1,1,0,1,B_SP
GCF_040193375.1,Lactococcus garvieae,ZE2-15,Scaffold,2127,1,0,,,0,0,0,0,0,D_dltE_absent
GCF_964186745.1,Leuconostoc citreum,-,Contig,1957,1,1,378,151.9,1,1,1,1,1,A_TM
GCF_019175405.1,Lacticaseibacillus paracasei subsp. paracasei,GR0548,Complete Genome,2770,1,1,401,198.9,1,1,1,1,1,A_TM
GCF_004154695.1,Bifidobacterium animalis subsp. lactis,1395B,Contig,1535,0,0,,,0,0,0,0,0,E_no_dlt
GCF_024355325.1,Pediococcus acidilactici,ACB25,Contig,1945,1,1,382,172.9,1,1,1,0,1,B_SP
GCF_052043995.1,Latilactobacillus sakei,DRC2408,Contig,1889,1,1,383,176.0,1,1,1,1,1,B_SP
GCF_027691385.1,Limosilactobacillus mucosae,OM16-21A,Scaffold,1849,1,0,,,0,0,0,1,1,D_dltE_absent
GCF_008868455.1,Bifidobacterium animalis subsp. lactis,BIO5764,Contig,1534,0,0,,,0,0,0,0,0,E_no_dlt
GCF_002804285.1,Lactococcus lactis subsp. lactis,G423,Complete Genome,2258,1,0,,,0,0,0,0,0,D_dltE_absent
GCF_015999605.1,Enterococcus faecium,Dallas 1,Complete Genome,2792,1,1,389,149.6,1,1,1,1,0,A_TM
GCF_009863515.1,Ligilactobacillus salivarius,FJLHD9M1,Contig,1978,1,0,,,0,0,0,1,1,D_dltE_absent
GCF_046939755.1,Limosilactobacillus mucosae,6A,Contig,2003,1,0,,,0,0,0,1,1,D_dltE_absent
GCF_023740675.1,Pediococcus pentosaceus,DRD-185,Scaffold,1876,1,1,374,161.4,1,1,1,0,1,B_SP
GCF_000179435.1,Limosilactobacillus reuteri subsp. pararodentium,mlc3,Contig,1891,1,0,,,0,0,0,1,1,D_dltE_absent
GCF_025188485.1,Leuconostoc citreum,CIRM-BIA 1453,Contig,1857,1,1,378,152.3,1,1,1,1,1,A_TM
GCF_028864355.1,Ligilactobacillus salivarius,A7-1-15,Contig,1819,1,0,,,0,0,0,1,1,D_dltE_absent
GCF_059237665.1,Bifidobacterium longum subsp. longum,MB0212,Complete Genome,1822,0,0,,,0,0,0,0,0,E_no_dlt
GCF_980650145.1,Latilactobacillus curvatus,-,Contig,1859,1,1,382,198.6,1,1,1,1,1,C_CYTO
GCF_022832635.1,Leuconostoc citreum,SCB2153,Scaffold,1914,1,1,378,152.3,1,1,1,1,1,A_TM
GCF_059642825.1,Lacticaseibacillus paracasei subsp. paracasei,SLpa017,Complete Genome,2714,1,1,401,198.9,1,1,1,1,1,A_TM
GCF_013394085.1,Limosilactobacillus fermentum,DSM 20052,Chromosome,1716,1,0,,,0,0,0,1,1,D_dltE_absent
GCF_013374035.1,Lactococcus garvieae,lg38,Scaffold,2195,1,0,,,0,0,0,0,0,D_dltE_absent
GCF_038437885.1,Enterococcus faecium,2016N21-233,Complete Genome,2731,1,1,386,132.7,1,1,1,1,0,A_TM
GCF_049945295.1,Latilactobacillus sakei,CBK-5,Contig,1895,1,1,383,176.0,1,1,1,1,1,B_SP
GCF_043854055.1,Levilactobacillus brevis,YT108,Scaffold,2471,1,1,392,271.8,1,1,1,1,1,B_SP
GCF_009807905.1,Pediococcus acidilactici,FAM19071,Contig,1927,1,1,382,168.3,1,1,1,0,1,B_SP
GCF_000179455.1,Limosilactobacillus reuteri subsp. murium,lpuph1,Contig,1997,1,0,,,0,0,0,1,1,D_dltE_absent
GCF_001742205.1,Limosilactobacillus fermentum,NCC2970,Complete Genome,1761,1,0,,,0,0,0,1,1,D_dltE_absent
GCF_054551775.1,Leuconostoc mesenteroides,KFOM0089,Contig,1953,1,1,380,134.6,1,1,1,1,1,A_TM
GCF_004154445.1,Bifidobacterium animalis subsp. lactis,1869B,Contig,1534,0,0,,,0,0,0,0,0,E_no_dlt
GCF_045528005.1,Latilactobacillus curvatus,FAM 24637,Scaffold,1836,1,1,379,196.2,1,1,1,1,1,C_CYTO
GCF_925285845.1,Levilactobacillus brevis,-,Contig,2644,1,1,392,272.6,1,1,1,1,1,B_SP
GCF_059818565.1,Enterococcus faecalis,EFS030,Complete Genome,2891,1,1,388,180.2,1,1,1,1,0,A_TM
GCF_054491305.1,Latilactobacillus curvatus,MGF53-14,Scaffold,1902,1,1,382,197.1,1,1,1,1,1,C_CYTO
GCF_029339845.1,Lactococcus garvieae,1683,Contig,2076,1,0,,,0,0,0,0,0,D_dltE_absent
GCF_007990145.1,Leuconostoc mesenteroides subsp. dextranicum,NBRC 100495,Contig,1641,1,1,380,136.4,1,1,1,1,1,A_TM
GCF_042449115.1,Lacticaseibacillus paracasei subsp. paracasei,SMB092,Complete Genome,2579,1,1,385,192.0,1,1,1,1,1,A_TM
GCF_027677925.1,Lactococcus garvieae,TM115-54,Scaffold,1916,1,0,,,0,0,0,0,0,D_dltE_absent
GCF_037026795.1,Pediococcus acidilactici,YCO-17,Contig,1921,1,1,382,174.0,1,1,1,0,1,B_SP
GCF_030517385.1,Enterococcus faecalis,EfsPF23,Complete Genome,2918,1,1,388,180.2,1,1,1,1,0,A_TM
GCF_001982025.1,Latilactobacillus curvatus,RI-124,Contig,1758,1,1,379,196.2,1,1,1,1,1,C_CYTO
GCF_038996185.1,Pediococcus acidilactici,QCH-66,Contig,2011,1,1,382,174.0,1,1,1,0,1,B_SP
GCF_038994445.1,Bifidobacterium animalis subsp. lactis,HN 24,Contig,1541,0,0,,,0,0,0,0,0,E_no_dlt
GCF_009739485.1,Lacticaseibacillus paracasei subsp. paracasei,IBB3423,Complete Genome,2953,1,1,397,163.4,1,1,1,1,1,A_TM
GCF_021184065.1,Bifidobacterium longum subsp. longum,BB-46,Complete Genome,1881,0,0,,,0,0,0,0,0,E_no_dlt
GCF_003094775.1,Bifidobacterium animalis subsp. lactis,DS27_2,Contig,1534,0,0,,,0,0,0,0,0,E_no_dlt
GCF_051156815.1,Limosilactobacillus mucosae,BE091009-7-24,Contig,1843,1,0,,,0,0,0,0,1,D_dltE_absent
GCF_024272775.1,Latilactobacillus sakei,ELA214391,Contig,1968,1,1,383,174.9,1,1,1,1,1,B_SP
GCF_030770375.1,Limosilactobacillus fermentum,B-1840,Complete Genome,1744,1,0,,,0,0,0,1,1,D_dltE_absent
GCF_044539365.1,Lactococcus garvieae,L.g_SWE11,Contig,2058,1,0,,,0,0,0,0,0,D_dltE_absent
GCF_009870175.1,Ligilactobacillus salivarius,NT62_5,Contig,1738,1,0,,,0,0,0,1,1,D_dltE_absent
GCF_043551645.1,Lactococcus lactis subsp. lactis,EIP33,Complete Genome,2541,1,0,,,0,0,0,0,0,D_dltE_absent
GCF_980649495.1,Latilactobacillus sakei,-,Contig,2069,1,1,383,175.5,1,1,1,1,1,B_SP
GCF_004099705.1,Pediococcus acidilactici,L3-A,Scaffold,1798,1,1,382,177.4,1,1,1,0,1,B_SP
GCF_025122295.1,Leuconostoc citreum,LBAE B1,Contig,1862,1,1,378,154.0,1,1,1,1,1,A_TM
GCF_015613035.1,Pediococcus pentosaceus,FAM 20709,Scaffold,1771,1,1,367,148.6,1,1,1,0,1,B_SP
GCF_045159775.1,Lactococcus lactis subsp. lactis,WHH2311,Complete Genome,2324,1,0,,,0,0,0,0,0,D_dltE_absent
GCF_029339875.1,Lactococcus garvieae,1691-2,Contig,2077,1,0,,,0,0,0,0,0,D_dltE_absent
GCF_016415465.1,Enterococcus faecium,Dallas 131_2,Complete Genome,2786,1,1,389,149.6,1,1,1,1,0,A_TM
GCF_014898215.1,Bifidobacterium longum subsp. longum,JCM 7050,Complete Genome,1846,0,0,,,0,0,0,0,0,E_no_dlt
GCF_001040725.1,Limosilactobacillus mucosae LM1,Marseille,Contig,2109,1,0,,,0,0,0,1,1,D_dltE_absent
GCF_037204105.1,Pediococcus acidilactici,YCO-23,Contig,1908,1,1,382,174.0,1,1,1,0,1,B_SP
GCF_057004725.1,Limosilactobacillus reuteri,SW26,Contig,2105,1,0,,,0,0,0,1,1,D_dltE_absent
GCF_011032745.1,Limosilactobacillus fermentum,AGR1487,Complete Genome,1789,1,0,,,0,0,0,1,1,D_dltE_absent
GCF_009863685.1,Ligilactobacillus salivarius,FJLHD10M2,Scaffold,1876,1,0,,,0,0,0,1,1,D_dltE_absent
GCF_002813615.1,Lacticaseibacillus paracasei subsp. paracasei,TMW 1.1434,Complete Genome,2755,1,1,397,163.4,1,1,1,1,1,A_TM
GCF_040795545.1,Bifidobacterium animalis subsp. lactis,HN 24,Contig,1543,0,0,,,0,0,0,0,0,E_no_dlt
GCF_000814725.1,Levilactobacillus brevis,DmCS_003,Contig,2824,1,1,392,272.6,1,1,1,1,1,B_SP
GCF_025188545.1,Leuconostoc citreum,CIRM-BIA 1456,Contig,1932,1,1,378,152.3,1,1,1,1,1,A_TM
GCF_028206175.1,Latilactobacillus sakei,SRCM217086,Contig,1908,1,1,383,176.0,1,1,1,1,1,B_SP
GCF_054953275.1,Enterococcus faecalis,B168,Complete Genome,2898,1,1,388,180.2,1,1,1,1,0,A_TM
GCF_007992255.1,Leuconostoc mesenteroides subsp. cremoris,NBRC 107766,Contig,1580,1,1,380,134.8,1,1,1,0,1,A_TM
GCF_021650835.1,Lacticaseibacillus paracasei subsp. paracasei,GR0562,Complete Genome,2774,1,1,385,191.2,1,1,1,1,1,A_TM
GCF_002804185.1,Lactococcus lactis subsp. lactis,F44,Complete Genome,2181,1,0,,,0,0,0,0,0,D_dltE_absent
GCF_016406425.1,Enterococcus faecium,Dallas 83,Complete Genome,2760,1,1,389,149.6,1,1,1,1,0,A_TM
GCF_037283805.1,Latilactobacillus sakei,A1426,Contig,1881,1,1,383,174.3,1,1,1,1,1,B_SP
GCF_032680985.1,Enterococcus faecalis,ES-2953,Complete Genome,2869,1,1,388,180.2,1,1,1,1,0,A_TM
GCF_009808655.1,Pediococcus pentosaceus,FAM18327,Contig,1754,1,1,367,145.6,1,1,1,0,1,A_TM
GCF_025515425.1,Limosilactobacillus reuteri,SRCM210547,Contig,2015,1,0,,,0,0,0,1,1,D_dltE_absent
GCF_029076635.1,Limosilactobacillus mucosae,DFI.5.78,Contig,1862,1,0,,,0,0,0,1,1,D_dltE_absent
GCF_002078855.1,Lactococcus lactis subsp. lactis,UL8,Complete Genome,2332,1,0,,,0,0,0,0,0,D_dltE_absent
GCF_036621895.1,Limosilactobacillus reuteri subsp. porcinus,3c6,Scaffold,1820,1,0,,,0,0,0,1,1,D_dltE_absent
GCF_033453085.1,Bifidobacterium longum subsp. longum,BG-L47,Complete Genome,1881,0,0,,,0,0,0,0,0,E_no_dlt
GCF_009863585.1,Ligilactobacillus salivarius,FJLHD18M1,Contig,1979,1,0,,,0,0,0,1,1,D_dltE_absent
GCF_015999425.1,Enterococcus faecium,VRE3382,Complete Genome,2792,1,1,386,130.7,1,1,1,1,0,A_TM
GCF_025122555.1,Latilactobacillus curvatus,LBAE E14,Contig,2040,1,1,382,199.6,1,1,1,1,1,C_CYTO
GCF_051158775.1,Levilactobacillus brevis,BE090929-5-18,Contig,2356,1,1,392,271.8,1,1,1,1,1,B_SP
GCF_027676125.1,Leuconostoc citreum,UN03-209,Scaffold,1759,1,1,378,154.0,1,1,1,1,1,A_TM
GCF_045111315.1,Leuconostoc mesenteroides,CBA3652,Contig,1937,1,1,380,133.2,1,1,1,1,1,A_TM
GCF_002532185.1,Levilactobacillus brevis,ZG1,Contig,2314,1,1,392,271.0,1,1,1,1,1,B_SP
GCF_028656325.1,Limosilactobacillus reuteri,SRCM217607,Contig,1959,1,0,,,0,0,0,1,1,D_dltE_absent
GCF_050908935.1,Enterococcus faecium,VR5,Complete Genome,2833,1,1,389,149.6,1,1,1,1,0,A_TM
GCF_030020475.1,Enterococcus faecalis,EfsC116,Complete Genome,2886,1,1,388,180.2,1,1,1,1,0,A_TM
GCF_025515375.1,Leuconostoc mesenteroides,SRCM210905,Contig,2022,1,1,380,134.3,1,1,1,1,1,A_TM
GCF_051158515.1,Levilactobacillus brevis,BE090929-5-26,Contig,2351,1,1,392,271.8,1,1,1,1,1,B_SP
GCF_925301365.1,Latilactobacillus sakei,-,Contig,1873,1,1,383,176.0,1,1,1,1,1,B_SP
GCF_025946745.1,Lacticaseibacillus paracasei subsp. tolerans,FX-6-1,Complete Genome,2830,1,1,385,192.1,1,1,1,1,1,A_TM
GCF_925289295.1,Pediococcus pentosaceus,-,Contig,1621,1,1,374,158.5,1,1,1,0,1,B_SP
GCF_044129385.1,Leuconostoc mesenteroides,AP7,Contig,1944,1,1,380,134.7,1,1,1,1,1,A_TM
GCF_030517565.1,Enterococcus faecalis,EfsC1,Complete Genome,2865,1,1,388,180.2,1,1,1,1,0,A_TM
GCF_017821195.2,Lactococcus lactis subsp. lactis,DRC3,Complete Genome,2488,1,0,,,0,0,0,0,0,D_dltE_absent
GCF_050516655.1,Enterococcus faecalis,C5819,Complete Genome,2935,1,1,388,180.2,1,1,1,1,0,A_TM
GCF_002901165.3,Lacticaseibacillus paracasei subsp. paracasei,NTU 101,Complete Genome,2718,1,1,401,198.3,1,1,1,1,1,A_TM
GCF_003094815.1,Bifidobacterium animalis subsp. lactis,DS24_2,Contig,1540,0,0,,,0,0,0,0,0,E_no_dlt
GCF_059997065.1,Bifidobacterium longum subsp. longum,MM0441,Complete Genome,1887,0,0,,,0,0,0,0,0,E_no_dlt
GCF_015476155.1,Lacticaseibacillus paracasei subsp. tolerans,MGB0625,Complete Genome,2949,0,1,385,191.2,1,1,1,1,1,E_no_dlt
GCF_021378045.1,Pediococcus acidilactici,ST31BZ,Scaffold,1809,1,1,382,177.4,1,1,1,0,1,B_SP
GCF_019793535.1,Pediococcus pentosaceus,SPARC2,Contig,1662,1,1,367,148.5,1,1,1,0,1,B_SP
GCF_052084705.1,Limosilactobacillus fermentum,VNUA2025,Chromosome,1855,1,0,,,0,0,0,1,1,D_dltE_absent
GCF_054491245.1,Latilactobacillus curvatus,QTR4-1,Scaffold,2064,1,1,379,196.2,1,1,1,1,1,C_CYTO
GCF_004154655.1,Bifidobacterium animalis subsp. lactis,1802B,Contig,1534,0,0,,,0,0,0,0,0,E_no_dlt
GCF_001446255.1,Bifidobacterium longum subsp. longum,NCIMB8809,Complete Genome,1834,0,0,,,0,0,0,0,0,E_no_dlt
GCF_009870295.1,Ligilactobacillus salivarius,FSDLZ20M1_2,Scaffold,1834,1,0,,,0,0,0,1,1,D_dltE_absent
GCF_058192535.1,Lactococcus garvieae,RP_BS_2_LAD03,Scaffold,2052,1,0,,,0,0,0,0,0,D_dltE_absent
GCF_051387975.1,Latilactobacillus sakei,FZJHZ2M8,Contig,2122,1,1,383,176.0,1,1,1,1,1,B_SP
GCF_044341635.1,Limosilactobacillus fermentum,M5e,Chromosome,1987,1,0,,,0,0,0,1,1,D_dltE_absent
GCF_024355265.1,Pediococcus acidilactici,ACB05,Contig,1891,1,1,382,172.9,1,1,1,0,1,B_SP
GCF_025188525.1,Leuconostoc citreum,CIRM-BIA 2088,Contig,1978,1,1,378,152.3,1,1,1,1,1,A_TM
GCF_002078495.2,Lactococcus lactis subsp. lactis,UC063,Complete Genome,2386,1,0,,,0,0,0,0,0,D_dltE_absent
GCF_009863405.1,Ligilactobacillus salivarius,FNMGHLBE8_L1,Contig,1850,1,0,,,0,0,0,1,1,D_dltE_absent
GCF_040795425.1,Bifidobacterium animalis subsp. lactis,HT 13,Contig,1537,0,0,,,0,0,0,0,0,E_no_dlt
GCF_002933755.1,Levilactobacillus brevis,NBRC 3345,Contig,2402,1,1,392,271.0,1,1,1,1,1,B_SP
GCF_038751855.1,Pediococcus pentosaceus,YCO-16,Contig,1786,1,1,367,144.0,1,1,1,0,1,A_TM
GCF_030361075.1,Leuconostoc citreum,TOM.22,Contig,1885,1,1,378,152.3,1,1,1,1,1,A_TM
GCF_965136535.1,Latilactobacillus sakei,CIP110933,Scaffold,1944,1,1,383,176.0,1,1,1,1,1,B_SP
GCF_000466785.3,Limosilactobacillus fermentum 3872,3872,Complete Genome,2117,1,0,,,0,0,0,1,1,D_dltE_absent
GCF_018588725.1,Levilactobacillus brevis,LBH1073,Contig,2656,1,1,392,271.0,1,1,1,1,1,B_SP
GCF_038441125.1,Enterococcus faecium,2016S06-219,Complete Genome,2680,1,1,386,132.7,1,1,1,1,0,A_TM
GCF_002078475.4,Lactococcus lactis subsp. lactis,UC11,Complete Genome,2375,1,0,,,0,0,0,0,0,D_dltE_absent
GCF_978021145.1,Leuconostoc mesenteroides,-,Contig,1883,1,1,380,134.6,1,1,1,1,1,A_TM
GCF_059184285.1,Bifidobacterium longum subsp. longum,MB0308,Complete Genome,1853,0,0,,,0,0,0,0,0,E_no_dlt
GCF_015613155.1,Pediococcus pentosaceus,FAM 18048,Scaffold,1754,1,1,367,145.6,1,1,1,0,1,A_TM
GCF_016921135.1,Pediococcus pentosaceus,SL-1,Contig,1671,1,1,367,148.6,1,1,1,0,1,B_SP
GCF_053060885.1,Enterococcus faecalis,DMK-009,Complete Genome,2754,1,1,388,180.2,1,1,1,1,0,A_TM
GCF_035609185.1,Limosilactobacillus fermentum,SPCL75-1,Chromosome,1916,1,0,,,0,0,0,1,1,D_dltE_absent
GCF_046883115.1,Limosilactobacillus reuteri,i 33.6/2,Contig,1862,1,0,,,0,0,0,1,1,D_dltE_absent
GCF_059997265.1,Bifidobacterium longum subsp. longum,MM0360,Complete Genome,1804,0,0,,,0,0,0,0,0,E_no_dlt
GCF_015693945.1,Lacticaseibacillus paracasei subsp. tolerans,ZY-1,Complete Genome,2921,1,1,385,191.5,1,1,1,1,1,A_TM
GCF_028864315.1,Ligilactobacillus salivarius,098-2021-6,Contig,2001,1,0,,,0,0,0,1,1,D_dltE_absent
GCF_000833415.1,Levilactobacillus brevis,TMW 1.6,Scaffold,2341,1,1,392,272.3,1,1,1,1,1,B_SP
GCF_028656225.1,Limosilactobacillus reuteri,SRCM217617,Contig,1999,1,0,,,0,0,0,1,1,D_dltE_absent
GCF_029224225.1,Latilactobacillus curvatus,PN39MY,Contig,1843,1,1,382,199.3,1,1,1,1,1,C_CYTO
GCF_034120135.1,Leuconostoc citreum,BSMRAU-M1L13,Contig,1794,1,1,378,154.0,1,1,1,1,1,A_TM
GCF_982235375.1,Leuconostoc mesenteroides,-,Contig,1993,1,1,380,134.6,1,1,1,1,1,A_TM
GCF_051158795.1,Levilactobacillus brevis,BE090929-5-14,Contig,2346,1,1,392,271.8,1,1,1,1,1,B_SP
GCF_030211265.1,Lactococcus garvieae,93,Contig,2122,1,0,,,0,0,0,0,0,D_dltE_absent
GCF_017897965.1,Enterococcus faecium,VB6171,Complete Genome,2886,1,1,389,149.6,1,1,1,1,0,A_TM
GCF_024355385.1,Pediococcus acidilactici,ACB44,Contig,1964,1,1,382,172.9,1,1,1,0,1,B_SP
GCF_900452955.1,Leuconostoc mesenteroides,NCTC10817,Contig,1876,1,1,380,134.3,1,1,1,1,1,A_TM
GCF_051172855.1,Latilactobacillus curvatus,TMW 1.1382,Contig,1756,1,1,379,196.2,1,1,1,1,1,C_CYTO
GCF_053547655.1,Limosilactobacillus reuteri,11266D007AM-1,Contig,1928,1,0,,,0,0,0,1,1,D_dltE_absent
GCF_038994465.1,Bifidobacterium animalis subsp. lactis,HN 16,Contig,1544,0,0,,,0,0,0,0,0,E_no_dlt
GCF_052084685.1,Enterococcus faecalis,EFSMS14,Complete Genome,2763,1,1,388,171.7,1,1,1,1,0,A_TM
GCF_030211605.1,Lactococcus garvieae,BA06/02552-1,Contig,1972,1,0,,,0,0,0,0,0,D_dltE_absent
GCF_051158375.1,Levilactobacillus brevis,BE090929-5-31,Contig,2350,1,1,392,271.8,1,1,1,1,1,B_SP
GCF_978042095.1,Latilactobacillus sakei,-,Contig,1970,1,1,383,174.5,1,1,1,1,1,B_SP
GCF_016757695.1,Lacticaseibacillus paracasei subsp. tolerans,S-NB,Complete Genome,2827,1,1,385,191.5,1,1,1,1,1,A_TM
GCF_045111235.1,Leuconostoc mesenteroides,CBA3655,Contig,1925,1,1,380,134.6,1,1,1,1,1,A_TM
GCF_002078995.4,Lactococcus lactis subsp. lactis,UC08,Complete Genome,2339,1,0,,,0,0,0,0,0,D_dltE_absent
GCF_902386625.1,Latilactobacillus sakei,-,Contig,1848,1,1,383,174.8,1,1,1,1,1,B_SP
GCF_025133135.1,Latilactobacillus curvatus,1528,Contig,1793,1,1,379,196.2,1,1,1,1,1,C_CYTO
GCF_003812665.1,Enterococcus faecalis,FDAARGOS_528,Complete Genome,2738,1,1,388,180.2,1,1,1,1,0,A_TM
GCF_015613115.1,Pediococcus pentosaceus,FAM 18523,Scaffold,1752,1,1,367,145.6,1,1,1,0,1,A_TM
GCF_035985965.1,Lactococcus lactis subsp. lactis,C20,Complete Genome,2290,1,0,,,0,0,0,0,0,D_dltE_absent
GCF_057543255.1,Lactococcus garvieae,3676,Contig,2152,1,0,,,0,0,0,0,0,D_dltE_absent
GCF_015476135.1,Lacticaseibacillus paracasei subsp. tolerans,MGB0734,Complete Genome,2987,1,1,385,191.2,1,1,1,1,1,A_TM
GCF_982235285.1,Leuconostoc mesenteroides,-,Contig,2045,1,1,380,136.9,1,1,1,1,1,A_TM
GCF_005864375.1,Pediococcus acidilactici,FAM 18969,Contig,1966,1,1,382,174.0,1,1,1,0,1,B_SP
GCF_023743335.1,Pediococcus pentosaceus,DRD-144,Scaffold,1897,1,1,374,160.2,1,1,1,0,1,B_SP
GCF_025122395.1,Latilactobacillus curvatus,LBAE O33,Contig,1861,1,1,382,199.6,1,1,1,1,1,C_CYTO
GCF_050481105.1,Enterococcus faecalis,C8810,Complete Genome,2870,1,1,388,180.2,1,1,1,1,0,A_TM
GCF_015476195.1,Lacticaseibacillus paracasei subsp. tolerans,MGB0761,Complete Genome,2867,1,1,385,192.1,1,1,1,1,1,A_TM
GCF_059184145.1,Bifidobacterium longum subsp. longum,MB0318,Complete Genome,1923,0,0,,,0,0,0,0,0,E_no_dlt
GCF_027678525.1,Lactococcus garvieae,TM115-237,Scaffold,2161,1,0,,,0,0,0,0,0,D_dltE_absent
GCF_040822445.1,Lacticaseibacillus paracasei subsp. paracasei,BS2-PB5,Complete Genome,2700,1,1,385,191.2,1,1,1,1,1,A_TM
GCF_025946725.1,Lacticaseibacillus paracasei subsp. tolerans,FX-6,Complete Genome,2831,1,1,385,192.1,1,1,1,1,1,A_TM
GCF_000397165.1,Limosilactobacillus fermentum F-6,F-6,Complete Genome,1872,1,0,,,0,0,0,0,1,D_dltE_absent
GCF_006381935.1,Levilactobacillus brevis,TR052,Contig,2498,1,1,392,269.7,1,1,1,1,1,B_SP
GCF_030211565.1,Lactococcus garvieae,DICM09/00973-1,Contig,2059,1,0,,,0,0,0,0,0,D_dltE_absent
GCF_059996345.1,Bifidobacterium longum subsp. longum,MM0492,Complete Genome,1999,0,0,,,0,0,0,0,0,E_no_dlt
GCF_900408275.1,Latilactobacillus sakei,CECT 9624,Contig,2005,1,1,383,176.0,1,1,1,1,1,B_SP
GCF_980648125.1,Latilactobacillus sakei,-,Contig,1957,1,1,383,176.0,1,1,1,1,1,B_SP
GCF_028656265.1,Limosilactobacillus reuteri,SRCM217606,Contig,1959,1,0,,,0,0,0,1,1,D_dltE_absent
GCF_045272275.1,Limosilactobacillus fermentum,MRD072,Chromosome,1937,1,0,,,0,0,0,1,1,D_dltE_absent
GCF_044336755.1,Lactococcus lactis subsp. lactis,UC7005,Complete Genome,2454,1,0,,,0,0,0,0,0,D_dltE_absent
GCF_023611885.1,Lactococcus lactis subsp. lactis,UC109,Complete Genome,2399,1,0,,,0,0,0,0,0,D_dltE_absent
GCF_040795525.1,Bifidobacterium animalis subsp. lactis,HN 16,Contig,1548,0,0,,,0,0,0,0,0,E_no_dlt
GCF_009870285.1,Ligilactobacillus salivarius,FSDLZ17M12,Scaffold,1862,1,0,,,0,0,0,1,1,D_dltE_absent
GCF_025188125.1,Pediococcus pentosaceus,CIRM-BIA 749,Contig,1797,1,1,367,145.6,1,1,1,0,1,A_TM
GCF_050516645.1,Enterococcus faecalis,C5822,Complete Genome,2934,1,1,388,180.2,1,1,1,1,0,A_TM
GCF_023822205.1,Lactococcus lactis subsp. lactis,IBB417,Complete Genome,2339,1,0,,,0,0,0,0,0,D_dltE_absent
GCF_025122315.1,Leuconostoc citreum,LBAE B3,Contig,1878,1,1,378,154.0,1,1,1,1,1,A_TM
GCF_059995865.1,Bifidobacterium longum subsp. longum,MM0380,Complete Genome,1825,0,0,,,0,0,0,0,0,E_no_dlt
GCF_024355305.1,Pediococcus acidilactici,ACB23,Contig,1891,1,1,382,172.9,1,1,1,0,1,B_SP
GCF_024355205.1,Pediococcus acidilactici,ACB04,Contig,1960,1,1,382,172.9,1,1,1,0,1,B_SP
GCF_002848745.1,Enterococcus faecium,Efaecium_ER04526.3A,Complete Genome,2740,1,1,386,130.7,1,1,1,1,0,A_TM
GCF_025809275.1,Limosilactobacillus fermentum,858,Chromosome,1932,1,0,,,0,0,0,1,0,D_dltE_absent
GCF_902362325.2,Latilactobacillus curvatus,-,Scaffold,1852,1,1,379,196.2,1,1,1,1,1,C_CYTO
GCF_044988735.1,Lactococcus garvieae,Sashimi-1689,Contig,2050,1,0,,,0,0,0,0,0,D_dltE_absent
GCF_051095625.1,Limosilactobacillus fermentum,XJC21,Chromosome,1683,1,0,,,0,0,0,1,1,D_dltE_absent
GCF_016742795.1,Ligilactobacillus salivarius,T3,Scaffold,1920,1,0,,,0,0,0,1,1,D_dltE_absent
GCF_050164475.1,Latilactobacillus sakei,GM86m4,Contig,1954,1,1,383,174.5,1,1,1,1,1,B_SP
GCF_004208815.1,Limosilactobacillus fermentum,MTCC 5898,Chromosome,1637,1,0,,,0,0,0,1,1,D_dltE_absent
GCF_002079595.1,Ligilactobacillus salivarius,DSM 20492,Scaffold,1796,1,0,,,0,0,0,1,1,D_dltE_absent
GCF_965614535.1,Leuconostoc citreum,S7d10,Contig,1857,1,1,378,152.9,1,1,1,1,1,A_TM
GCF_017898005.1,Enterococcus faecium,VB6521,Complete Genome,2886,1,1,389,149.6,1,1,1,1,0,A_TM
GCF_022698225.1,Lactococcus garvieae,OS-37,Contig,2080,1,0,,,0,0,0,0,0,D_dltE_absent
GCF_034120175.1,Leuconostoc citreum,BSMRAU-M1L6,Contig,1787,1,1,378,154.0,1,1,1,1,1,A_TM
GCF_056485755.1,Enterococcus faecium,s35v3,Complete Genome,2635,1,1,386,132.7,1,1,1,1,0,A_TM
GCF_016757675.1,Lacticaseibacillus paracasei subsp. tolerans,S-NA5,Complete Genome,2818,1,1,385,191.5,1,1,1,1,1,A_TM
GCF_015476175.1,Lacticaseibacillus paracasei subsp. tolerans,MGB0747,Complete Genome,2866,1,1,385,192.1,1,1,1,1,1,A_TM
GCF_012933195.2,Enterococcus faecium,A6521,Complete Genome,2885,1,1,389,149.6,1,1,1,1,0,A_TM
GCF_028656195.1,Limosilactobacillus reuteri,SRCM217616,Contig,1960,1,0,,,0,0,0,1,1,D_dltE_absent
GCF_023375485.1,Enterococcus faecalis,732,Complete Genome,2790,1,1,388,180.2,1,1,1,1,0,A_TM
GCF_004154545.1,Bifidobacterium animalis subsp. lactis,1808B,Contig,1535,0,0,,,0,0,0,0,0,E_no_dlt
GCF_028656315.1,Limosilactobacillus reuteri,SRCM217608,Contig,1944,1,0,,,0,0,0,1,1,D_dltE_absent
GCF_026193275.1,Latilactobacillus curvatus,BCS35,Contig,1967,1,1,379,196.2,1,1,1,1,1,C_CYTO
GCF_015613065.1,Pediococcus pentosaceus,FAM 19164,Scaffold,1982,1,1,357,138.2,1,1,1,0,1,A_TM
GCF_015556985.1,Pediococcus acidilactici,1001311H_170123_E5,Scaffold,1980,1,1,379,174.4,1,1,1,0,1,B_SP
GCF_027692245.1,Levilactobacillus brevis,OF46-2pH5A,Scaffold,2561,1,1,392,272.6,1,1,1,1,1,B_SP
GCF_038994305.1,Bifidobacterium animalis subsp. lactis,HT 13,Contig,1536,0,0,,,0,0,0,0,0,E_no_dlt
GCF_059995875.1,Bifidobacterium longum subsp. longum,MM0465,Complete Genome,1845,0,0,,,0,0,0,0,0,E_no_dlt
GCF_051158535.1,Levilactobacillus brevis,BE090929-5-3,Contig,2318,1,1,392,271.8,1,1,1,1,1,B_SP
GCF_045111375.1,Leuconostoc mesenteroides,CBA3651,Contig,1900,1,1,380,134.6,1,1,1,1,1,A_TM
GCF_059996375.1,Bifidobacterium longum subsp. longum,MM0450,Complete Genome,1824,0,0,,,0,0,0,0,0,E_no_dlt
GCF_009863415.1,Ligilactobacillus salivarius,FNMGHLBE13_L1,Contig,1789,1,0,,,0,0,0,1,1,D_dltE_absent
GCF_028656395.1,Limosilactobacillus reuteri,SRCM217611,Contig,1906,1,0,,,0,0,0,1,1,D_dltE_absent
GCF_032680965.1,Enterococcus faecalis,ES-1276,Complete Genome,2897,1,1,388,180.2,1,1,1,1,0,A_TM
GCF_017584065.1,Enterococcus faecium,VRE3355,Complete Genome,2819,1,1,389,149.6,1,1,1,1,0,A_TM
GCF_054491165.1,Latilactobacillus curvatus,QTR4-2,Scaffold,2083,1,1,379,196.2,1,1,1,1,1,C_CYTO
GCF_001854105.1,Limosilactobacillus fermentum,47-7,Chromosome,1694,1,0,,,0,0,0,1,1,D_dltE_absent
GCF_900163535.1,Pediococcus acidilactici,S7,Contig,1891,1,1,382,174.0,1,1,1,0,1,B_SP
GCF_050486705.1,Enterococcus faecalis,C1228,Complete Genome,2909,1,1,388,180.2,1,1,1,1,0,A_TM
GCF_051158655.1,Levilactobacillus brevis,BE090929-5-20,Contig,2346,1,1,392,271.8,1,1,1,1,1,B_SP
GCF_003342655.1,Bifidobacterium longum subsp. longum,BORI,Complete Genome,1767,0,0,,,0,0,0,0,0,E_no_dlt
GCF_982235745.1,Leuconostoc mesenteroides,-,Contig,1949,1,1,380,134.6,1,1,1,1,1,A_TM
GCF_025188655.1,Leuconostoc citreum,CIRM-BIA 2095,Contig,1971,1,1,378,152.3,1,1,1,1,1,A_TM
GCF_011009615.1,Pediococcus pentosaceus,B4,Contig,1795,1,1,374,158.5,1,1,1,0,1,B_SP
GCF_002221655.1,Limosilactobacillus reuteri,I49,Contig,1834,1,0,,,0,0,0,1,1,D_dltE_absent
GCF_021582915.1,Limosilactobacillus fermentum,AGA52,Chromosome,1891,1,0,,,0,0,0,0,1,D_dltE_absent
GCF_978043195.1,Latilactobacillus sakei,-,Contig,1967,1,1,383,174.5,1,1,1,1,1,B_SP
GCF_059995905.1,Bifidobacterium longum subsp. longum,MM0494,Complete Genome,1795,0,0,,,0,0,0,0,0,E_no_dlt
GCF_030668605.1,Leuconostoc mesenteroides,F-21,Scaffold,1864,1,1,380,134.9,1,1,1,1,1,A_TM
GCF_009866275.1,Ligilactobacillus salivarius,FSDLZ18M11,Contig,1861,1,0,,,0,0,0,1,1,D_dltE_absent
GCF_028216035.1,Limosilactobacillus fermentum,GD5MG,Chromosome,1784,1,0,,,0,0,0,1,1,D_dltE_absent
GCF_965286115.1,Limosilactobacillus fermentum,HF-IBB-062,Chromosome,1883,1,0,,,0,0,0,1,1,D_dltE_absent
GCF_049204815.1,Bifidobacterium animalis subsp. lactis,IATA135,Contig,1527,0,0,,,0,0,0,0,0,E_no_dlt
GCF_027698385.1,Levilactobacillus brevis,AM92-01b2A,Scaffold,2534,1,1,392,272.6,1,1,1,1,1,B_SP
GCF_030237775.1,Ligilactobacillus salivarius,C39,Contig,1886,1,0,,,0,0,0,1,1,D_dltE_absent
GCF_058191895.1,Latilactobacillus sakei,RP_BS_3_LAD10,Scaffold,1994,1,1,383,176.0,1,1,1,1,1,B_SP
GCF_002895225.1,Lactococcus lactis subsp. lactis,G50,Complete Genome,2207,1,0,,,0,0,0,0,0,D_dltE_absent
GCF_038751905.1,Pediococcus pentosaceus,CAT-100BC,Contig,1785,1,1,367,144.0,1,1,1,0,1,A_TM
GCF_056155765.1,Pediococcus pentosaceus,MC22,Scaffold,1733,1,1,367,148.5,1,1,1,0,1,B_SP
GCF_023822185.1,Lactococcus lactis subsp. lactis,IBB109,Complete Genome,2484,1,0,,,0,0,0,0,0,D_dltE_absent
GCF_009865895.1,Ligilactobacillus salivarius,FZJTZ64M3,Contig,1965,1,0,,,0,0,0,1,1,D_dltE_absent
GCF_045111275.1,Leuconostoc mesenteroides,CBA3654,Contig,1891,1,1,380,134.6,1,1,1,1,1,A_TM
GCF_015100215.1,Bifidobacterium longum subsp. longum,JCM 7052,Complete Genome,1856,0,0,,,0,0,0,0,0,E_no_dlt
GCF_059761965.1,Pediococcus pentosaceus,IMAU 18354,Scaffold,1784,1,1,367,150.6,1,1,1,0,1,B_SP
GCF_027678125.1,Lactococcus garvieae,TM115-31,Scaffold,1927,1,0,,,0,0,0,0,0,D_dltE_absent
GCF_015613765.1,Pediococcus pentosaceus,FAM 24212,Scaffold,1832,1,1,302,140.0,1,1,1,0,1,C_CYTO
GCF_029823225.1,Limosilactobacillus fermentum,LMG 6902,Contig,1734,1,0,,,0,0,0,1,1,D_dltE_absent
GCF_059235785.1,Bifidobacterium longum subsp. longum,MM0362,Complete Genome,1997,0,0,,,0,0,0,0,0,E_no_dlt
GCF_038756825.1,Bifidobacterium animalis subsp. lactis,HT 20,Contig,1555,0,0,,,0,0,0,0,0,E_no_dlt
GCF_044358305.1,Lactococcus lactis subsp. lactis,NCDO1820,Complete Genome,2370,1,0,,,0,0,0,0,0,D_dltE_absent
GCF_028864335.1,Ligilactobacillus salivarius,A7-2-5,Contig,1804,1,0,,,0,0,0,1,1,D_dltE_absent
GCF_041900655.1,Latilactobacillus sakei,Tarhana22,Contig,1928,1,1,383,176.0,1,1,1,1,1,B_SP
GCF_000966835.2,Limosilactobacillus fermentum,LfQi6,Chromosome,1681,1,0,,,0,0,0,1,1,D_dltE_absent
GCF_018408985.1,Bifidobacterium animalis subsp. lactis,BS 05,Scaffold,1650,0,0,,,0,0,0,0,0,E_no_dlt
GCF_009808645.1,Pediococcus pentosaceus,FAM18321,Scaffold,1882,1,1,380,158.5,1,1,1,0,1,A_TM
GCF_044363675.1,Lactococcus lactis subsp. lactis,I8-16,Complete Genome,2268,1,0,,,0,0,0,0,0,D_dltE_absent
GCF_002079925.1,Ligilactobacillus salivarius,NCIMB8817,Scaffold,1746,1,0,,,0,0,0,1,1,D_dltE_absent
GCF_025122405.1,Latilactobacillus curvatus,LBAE K7,Contig,1865,1,1,382,199.6,1,1,1,1,1,C_CYTO
GCF_059995755.1,Bifidobacterium longum subsp. longum,MM0464,Complete Genome,1807,0,0,,,0,0,0,0,0,E_no_dlt
GCF_000239915.1,Leuconostoc citreum LBAE C11,LBAE C11,Contig,1896,1,1,378,152.9,1,1,1,1,1,A_TM
GCF_002848665.1,Enterococcus faecium,Efaecium_ER04484.3A,Complete Genome,2769,1,1,386,130.7,1,1,1,1,0,A_TM
GCF_001436795.1,Pediococcus acidilactici,AS1.2696,Contig,1796,1,1,379,173.8,1,1,1,0,1,B_SP
GCF_053471145.1,Limosilactobacillus fermentum,LMG6902,Contig,1734,1,0,,,0,0,0,1,1,D_dltE_absent
GCF_002777275.1,Enterococcus faecium,E232,Complete Genome,2800,1,1,386,130.7,1,1,1,1,0,A_TM
GCF_014898115.1,Bifidobacterium longum subsp. longum,KCTC 5914,Complete Genome,1785,0,0,,,0,0,0,0,0,E_no_dlt
GCF_000239895.1,Leuconostoc citreum LBAE C10,LBAE C10,Contig,1898,1,1,378,154.0,1,1,1,1,1,A_TM
GCF_002079335.1,Ligilactobacillus salivarius,NCIMB8818,Scaffold,1923,1,0,,,0,0,0,1,1,D_dltE_absent
GCF_046763525.1,Limosilactobacillus reuteri,NCDC958,Contig,1898,1,0,,,0,0,0,1,1,D_dltE_absent
GCF_015613205.1,Pediococcus pentosaceus,LMG 9445,Scaffold,1699,1,1,367,145.6,1,1,1,0,1,A_TM
GCF_009863465.1,Ligilactobacillus salivarius,FNMGHLBE11_L1_2,Contig,1788,1,0,,,0,0,0,1,1,D_dltE_absent
GCF_015613235.1,Pediococcus pentosaceus,DSM 28628,Scaffold,1682,1,1,367,147.1,1,1,1,0,1,A_TM
GCF_051158175.1,Levilactobacillus brevis,BE090929-5-35,Contig,2350,1,1,392,271.8,1,1,1,1,1,B_SP
GCF_050426475.1,Enterococcus faecalis,Efa-W8,Complete Genome,2840,1,1,388,180.2,1,1,1,1,0,A_TM
GCF_000239935.1,Leuconostoc citreum LBAE E16,LBAE E16,Contig,1755,1,1,378,157.5,1,1,1,1,1,A_TM
GCF_059183705.1,Bifidobacterium longum subsp. longum,MM0302,Complete Genome,1803,0,0,,,0,0,0,0,0,E_no_dlt
GCF_018286435.1,Lacticaseibacillus paracasei subsp. tolerans,2A,Complete Genome,2745,1,1,385,192.0,1,1,1,1,1,A_TM
GCF_018257055.1,Leuconostoc mesenteroides,Dm-2019-12,Contig,2068,1,1,380,136.4,1,1,1,1,1,A_TM
GCF_025188685.1,Leuconostoc citreum,CIRM-BIA 2096,Contig,2023,1,1,378,152.3,1,1,1,1,1,A_TM
GCF_029581645.1,Latilactobacillus curvatus,TMW 1.1447,Contig,1861,1,1,379,196.2,1,1,1,1,1,C_CYTO
GCF_002761255.1,Enterococcus faecium,E240,Complete Genome,2799,1,1,386,130.7,1,1,1,1,0,A_TM
GCF_051388775.1,Latilactobacillus sakei,QGZZYRHMT1L6,Contig,1866,1,1,383,176.0,1,1,1,1,1,B_SP
GCF_030211055.1,Lactococcus garvieae,G-42,Contig,1966,1,0,,,0,0,0,0,0,D_dltE_absent
GCF_045111295.1,Leuconostoc mesenteroides,CBA3653,Contig,2008,1,1,380,136.4,1,1,1,1,1,A_TM
GCF_028532705.1,Enterococcus faecalis,DM86,Complete Genome,2939,1,1,388,182.9,1,1,1,1,0,A_TM
GCF_002848645.1,Enterococcus faecium,Efaecium_ER04120.3A,Complete Genome,2770,1,1,386,130.7,1,1,1,1,0,A_TM
GCF_038098635.1,Lacticaseibacillus paracasei subsp. tolerans,DS0725,Complete Genome,2840,1,1,385,192.1,1,1,1,1,1,A_TM
GCF_030418275.1,Limosilactobacillus reuteri,ATCC PTA 4659,Contig,1919,1,0,,,0,0,0,1,1,D_dltE_absent
GCF_025193965.1,Latilactobacillus curvatus,CIRM-BIA 520,Contig,1860,1,1,379,196.2,1,1,1,1,1,C_CYTO
GCF_051158635.1,Levilactobacillus brevis,BE090929-5-2,Contig,2319,1,1,392,271.8,1,1,1,1,1,B_SP
GCF_030211615.1,Lactococcus garvieae,BA06/02137-2,Contig,2006,1,0,,,0,0,0,0,0,D_dltE_absent
GCF_045111195.1,Leuconostoc mesenteroides,CBA3656,Contig,1925,1,1,380,134.6,1,1,1,1,1,A_TM
GCF_036352175.1,Enterococcus faecalis,IDRL-7415,Complete Genome,2785,1,1,388,180.2,1,1,1,1,0,A_TM
GCF_030020425.1,Enterococcus faecalis,EfsPF20,Complete Genome,2787,1,1,388,180.2,1,1,1,1,0,A_TM
GCF_003957435.1,Lacticaseibacillus paracasei subsp. tolerans,AO356,Complete Genome,2832,1,1,385,192.1,1,1,1,1,1,A_TM
GCF_015476075.1,Lacticaseibacillus paracasei subsp. tolerans,MGB0245,Complete Genome,2899,1,1,385,191.2,1,1,1,1,1,A_TM
GCF_019926945.1,Latilactobacillus curvatus,FAM25164,Contig,1909,1,1,379,195.8,1,1,1,1,1,C_CYTO
GCF_001982045.1,Latilactobacillus curvatus,RI-193,Scaffold,1777,1,1,379,196.2,1,1,1,1,1,C_CYTO
GCF_044988725.1,Lactococcus garvieae,Sashimi-1691,Contig,2054,1,0,,,0,0,0,0,0,D_dltE_absent
GCF_027658615.1,Lactococcus garvieae,AM109-103,Scaffold,1781,1,0,,,0,0,0,0,0,D_dltE_absent
GCF_030517535.1,Enterococcus faecalis,EfsPF24-2,Complete Genome,2862,1,1,388,180.2,1,1,1,1,0,A_TM
GCF_925284965.1,Pediococcus acidilactici,-,Contig,1856,1,1,382,174.0,1,1,1,0,1,B_SP
GCF_040795405.1,Bifidobacterium animalis subsp. lactis,HT 20,Contig,1590,0,0,,,0,0,0,0,0,E_no_dlt
GCF_045527925.1,Latilactobacillus sakei,FAM 24914,Scaffold,2227,1,1,383,176.2,1,1,1,1,1,B_SP
GCF_003627395.2,Lactococcus lactis subsp. lactis bv. diacetylactis,S50,Complete Genome,2526,1,0,,,0,0,0,0,0,D_dltE_absent
GCF_001436835.1,Limosilactobacillus fermentum,DSM 20055,Scaffold,1791,1,0,,,0,0,0,1,1,D_dltE_absent
GCF_000014525.1,Lacticaseibacillus paracasei ATCC 334,ATCC 334,Complete Genome,2563,1,1,385,192.0,1,1,1,1,1,A_TM
GCF_032841575.1,Pediococcus acidilactici,BYF20,Contig,1879,1,1,382,174.0,1,1,1,0,1,B_SP
GCF_036323925.1,Limosilactobacillus reuteri,LRA7,Contig,1850,1,0,,,0,0,0,1,1,D_dltE_absent
GCF_009865925.1,Ligilactobacillus salivarius,FZJTZ27M6_2,Contig,1905,1,0,,,0,0,0,1,1,D_dltE_absent
GCF_025194025.1,Latilactobacillus curvatus,CIRM-BIA 469,Contig,1797,1,1,379,196.2,1,1,1,1,1,C_CYTO
GCF_003095015.1,Bifidobacterium animalis subsp. lactis,DS28_2,Contig,1533,0,0,,,0,0,0,0,0,E_no_dlt
GCF_051158715.1,Levilactobacillus brevis,BE090929-5-19-MN,Contig,2338,1,1,392,271.8,1,1,1,1,1,B_SP
GCF_024622005.1,Pediococcus pentosaceus,DSM 28628,Contig,1610,1,1,367,147.1,1,1,1,0,1,A_TM
GCF_030210975.1,Lactococcus garvieae,N201,Contig,2043,1,0,,,0,0,0,0,0,D_dltE_absent
GCF_900290445.1,Leuconostoc mesenteroides,CECT 9217,Contig,1951,1,1,380,134.3,1,1,1,1,1,A_TM
GCF_045527975.1,Latilactobacillus sakei,FAM 24915,Scaffold,2231,1,1,383,176.2,1,1,1,1,1,B_SP
GCF_059236435.1,Bifidobacterium longum subsp. longum,MM0024,Complete Genome,1880,0,0,,,0,0,0,0,0,E_no_dlt
GCF_053117575.1,Enterococcus faecalis,5245,Complete Genome,2929,1,1,388,180.2,1,1,1,1,0,A_TM
GCF_002148215.1,Lactococcus lactis subsp. lactis bv. diacetylactis,FM03,Complete Genome,2350,1,0,,,0,0,0,0,0,D_dltE_absent
GCF_002761275.1,Enterococcus faecium,E243,Complete Genome,2793,1,1,386,130.7,1,1,1,1,0,A_TM
GCF_036903235.1,Limosilactobacillus reuteri,TPC32,Contig,2051,1,0,,,0,0,0,1,1,D_dltE_absent
GCF_000582665.1,Lacticaseibacillus paracasei N1115,N1115,Complete Genome,2724,1,1,385,192.1,1,1,1,1,1,A_TM
GCF_032844065.1,Pediococcus acidilactici,BYF26,Contig,1880,1,1,382,174.0,1,1,1,0,1,B_SP
GCF_009865805.1,Ligilactobacillus salivarius,HN26_4,Contig,1859,1,0,,,0,0,0,1,1,D_dltE_absent
GCF_002914815.1,Bifidobacterium animalis subsp. lactis,BL03,Contig,1535,0,0,,,0,0,0,0,0,E_no_dlt
GCF_000159215.1,Limosilactobacillus fermentum ATCC 14931,ATCC 14931,Scaffold,1723,1,0,,,0,0,0,1,1,D_dltE_absent
GCF_051172835.1,Latilactobacillus curvatus,TMW 1.1948,Contig,1777,1,1,379,196.2,1,1,1,1,1,C_CYTO
GCF_025188055.1,Pediococcus pentosaceus,CIRM-BIA 2243,Contig,1911,1,1,374,158.5,1,1,1,0,1,B_SP
GCF_040785045.1,Latilactobacillus sakei,gbc_g,Scaffold,1966,1,1,383,174.5,1,1,1,1,1,B_SP
GCF_051157895.1,Levilactobacillus brevis,BE090929-5-8,Contig,2336,1,1,392,271.8,1,1,1,1,1,B_SP
GCF_036867215.1,Lactococcus garvieae,L67,Contig,2059,1,0,,,0,0,0,0,0,D_dltE_absent
GCF_059997115.1,Bifidobacterium longum subsp. longum,MM0375,Complete Genome,1878,0,0,,,0,0,0,0,0,E_no_dlt
GCF_039944225.1,Limosilactobacillus fermentum,AV7,Contig,1929,0,0,,,0,0,0,1,1,E_no_dlt
GCF_980648565.1,Leuconostoc mesenteroides,-,Contig,2010,1,1,380,134.6,1,1,1,1,1,A_TM
GCF_008728875.1,Lactococcus lactis subsp. lactis bv. diacetylactis,SD96,Complete Genome,2457,1,0,,,0,0,0,0,0,D_dltE_absent
GCF_022212905.1,Enterococcus faecalis,133-1,Complete Genome,2943,1,1,388,180.2,1,1,1,1,0,A_TM
GCF_002848685.1,Enterococcus faecium,Efaecium_ER04462.3A,Complete Genome,2771,1,1,386,130.7,1,1,1,1,0,A_TM
GCF_009863735.1,Ligilactobacillus salivarius,FHNXY73M9,Scaffold,1714,1,0,,,0,0,0,1,1,D_dltE_absent
GCF_051158675.1,Levilactobacillus brevis,BE090929-5-19,Contig,2323,1,1,392,271.8,1,1,1,1,1,B_SP
GCF_047445745.1,Limosilactobacillus reuteri,JLR.JH054,Contig,2037,1,0,,,0,0,0,1,1,D_dltE_absent
GCF_025194005.1,Latilactobacillus curvatus,CIRM-BIA 1513,Contig,1881,1,1,379,196.2,1,1,1,1,1,C_CYTO
GCF_022588775.1,Lacticaseibacillus paracasei,BCRC-16100,Chromosome,2681,1,1,385,191.4,1,1,1,1,1,A_TM
GCF_002914895.1,Bifidobacterium animalis subsp. lactis,BI04,Contig,1536,0,0,,,0,0,0,0,0,E_no_dlt
GCF_965118905.1,Latilactobacillus sakei,SF880,Contig,1944,1,1,383,174.8,1,1,1,1,1,B_SP
GCF_053758805.1,Pediococcus acidilactici,SS1419,Contig,1797,1,1,379,173.8,1,1,1,0,1,B_SP
GCF_025395095.1,Leuconostoc mesenteroides,838,Contig,1930,1,1,380,134.6,1,1,1,1,1,A_TM
GCF_001889975.1,Limosilactobacillus reuteri,121,Contig,1980,1,0,,,0,0,0,1,1,D_dltE_absent
GCF_051158275.1,Levilactobacillus brevis,BE090929-5-34,Contig,2349,1,1,392,271.8,1,1,1,1,1,B_SP
GCF_036867275.1,Lactococcus garvieae,L18,Contig,2057,1,0,,,0,0,0,0,0,D_dltE_absent
GCF_002848725.1,Enterococcus faecium,Efaecium_ER04526.5A,Complete Genome,2769,1,1,386,130.7,1,1,1,1,0,A_TM
GCF_015613245.1,Pediococcus pentosaceus,DSM 20333,Scaffold,1675,1,1,367,152.2,1,1,1,0,1,B_SP
GCF_902167885.1,Bifidobacterium longum subsp. infantis,-,Complete Genome,2437,0,0,,,0,0,0,0,0,E_no_dlt
GCF_055179885.1,Lactococcus lactis subsp. lactis bv. diacetylactis,FAM 21959,Complete Genome,2366,1,0,,,0,0,0,0,0,D_dltE_absent
GCF_980645645.1,Leuconostoc mesenteroides,-,Contig,1981,1,1,380,134.0,1,1,1,1,1,A_TM
GCF_050426525.1,Enterococcus faecalis,Efa-W6,Complete Genome,2767,1,1,388,180.2,1,1,1,1,0,A_TM
GCF_054113445.1,Limosilactobacillus fermentum,RLF77,Contig,1891,1,0,,,0,0,0,1,1,D_dltE_absent
GCF_031032815.1,Pediococcus acidilactici,3G3,Scaffold,1738,1,1,382,177.4,1,1,1,0,1,B_SP
GCF_050641865.1,Enterococcus faecium,RY7683,Complete Genome,2682,1,1,389,149.6,1,1,1,1,0,A_TM
GCF_044339435.1,Lacticaseibacillus paracasei,M2a,Chromosome,2708,1,1,385,190.6,1,1,1,1,1,A_TM
GCF_030372485.1,Ligilactobacillus salivarius,ET141,Contig,1779,1,0,,,0,0,0,1,1,D_dltE_absent
GCF_049204795.1,Bifidobacterium animalis subsp. lactis,IATA142,Contig,1534,0,0,,,0,0,0,0,0,E_no_dlt
GCF_030939505.1,Latilactobacillus curvatus,KG 12-1,Contig,2015,1,1,379,194.2,1,1,1,1,1,C_CYTO
GCF_046883135.1,Limosilactobacillus reuteri,i 35.3/2,Contig,1914,1,0,,,0,0,0,1,1,D_dltE_absent
GCF_041729885.1,Pediococcus pentosaceus,JQ2-1,Contig,1701,1,1,374,158.5,1,1,1,0,1,B_SP
GCF_044988845.1,Lactococcus garvieae,Sashimi-1032,Contig,2056,0,0,,,0,0,0,0,0,E_no_dlt
GCF_965119055.1,Latilactobacillus sakei,SF699,Contig,1954,1,1,383,174.8,1,1,1,1,1,B_SP
GCF_045257705.1,Lacticaseibacillus paracasei,MRD1299,Chromosome,2671,1,1,385,193.0,1,1,1,1,1,A_TM
GCF_046199715.1,Bifidobacterium longum subsp. infantis,MRD2701,Complete Genome,2438,0,0,,,0,0,0,0,0,E_no_dlt
GCF_022212845.1,Enterococcus faecalis,152,Complete Genome,2820,1,1,388,180.2,1,1,1,1,0,A_TM
GCF_017869415.1,Lactococcus lactis subsp. lactis bv. diacetylactis,Ge001,Complete Genome,2248,1,0,,,0,0,0,0,0,D_dltE_absent
GCF_025186045.1,Latilactobacillus curvatus,96,Contig,1799,1,1,379,196.2,1,1,1,1,1,C_CYTO
GCF_031460995.1,Limosilactobacillus fermentum,KCKM 0998,Contig,1915,1,0,,,0,0,0,1,1,D_dltE_absent
GCF_006382065.1,Levilactobacillus brevis,TR055,Contig,2332,1,1,392,268.7,1,1,1,1,1,B_SP
GCF_040884195.1,Pediococcus acidilactici,AB01,Contig,1990,1,1,382,168.3,1,1,1,0,1,B_SP
GCF_030219725.1,Lactococcus garvieae,3AA7,Contig,2223,1,0,,,0,0,0,0,0,D_dltE_absent
GCF_925048565.1,Bifidobacterium animalis subsp. lactis,-,Contig,1539,0,0,,,0,0,0,0,0,E_no_dlt
GCF_050916215.1,Enterococcus faecalis,VT-H1,Complete Genome,2890,1,1,388,180.2,1,1,1,1,0,A_TM
GCF_980647365.1,Leuconostoc mesenteroides,-,Contig,1947,1,1,380,134.3,1,1,1,1,1,A_TM
GCF_048381415.1,Ligilactobacillus salivarius,SuAm7,Contig,1741,1,0,,,0,0,0,1,1,D_dltE_absent
GCF_057366675.1,Enterococcus faecium,C68,Complete Genome,2855,1,1,386,130.7,1,1,1,1,0,A_TM
GCF_020514055.1,Latilactobacillus sakei,E13G,Contig,1846,1,1,383,176.0,1,1,1,1,1,B_SP
GCF_029925445.1,Lacticaseibacillus paracasei,PC-H1,Chromosome,2656,1,1,385,192.2,1,1,1,1,1,A_TM
GCF_029439595.1,Pediococcus pentosaceus,DSPZPP1,Scaffold,1841,1,1,374,158.5,1,1,1,0,1,B_SP
GCF_055179875.1,Lactococcus lactis subsp. lactis bv. diacetylactis,FAM 24078,Complete Genome,2342,1,0,,,0,0,0,0,0,D_dltE_absent
GCF_020784895.1,Limosilactobacillus reuteri,PM_Patrick_2_1,Scaffold,2046,1,0,,,0,0,0,1,1,D_dltE_absent
GCF_018257275.1,Levilactobacillus brevis,Dm-2019-31,Contig,2608,1,1,392,272.6,1,1,1,1,1,B_SP
GCF_030211295.1,Lactococcus garvieae,240-88,Contig,1973,1,0,,,0,0,0,0,0,D_dltE_absent
GCF_053470925.1,Latilactobacillus curvatus,LC8,Contig,1846,1,1,389,198.1,1,1,1,1,1,B_SP
GCF_040554215.1,Enterococcus faecalis,Z81-1,Complete Genome,2835,1,1,388,180.2,1,1,1,1,0,A_TM
GCF_058312935.1,Pediococcus acidilactici,AP1,Contig,1880,1,1,382,170.3,1,1,1,0,1,B_SP
GCF_039503425.1,Bifidobacterium animalis subsp. lactis,PT33,Scaffold,1536,0,0,,,0,0,0,0,0,E_no_dlt
GCF_045527765.1,Leuconostoc mesenteroides,FAM 25301,Scaffold,1997,1,1,380,134.3,1,1,1,1,1,A_TM
GCF_900639575.1,Enterococcus faecium,-,Complete Genome,2823,1,1,389,149.6,1,1,1,1,0,A_TM
GCF_980648005.1,Latilactobacillus sakei,-,Contig,1929,1,1,383,176.0,1,1,1,1,1,B_SP
GCF_015102215.1,Bifidobacterium longum subsp. infantis,JCM 11347,Complete Genome,2295,0,0,,,0,0,0,0,0,E_no_dlt
GCF_009649545.1,Limosilactobacillus reuteri,L1604-1,Contig,1943,1,0,,,0,0,0,1,1,D_dltE_absent
GCF_045271595.1,Lacticaseibacillus paracasei,MRD4401,Chromosome,2535,1,1,385,192.0,1,1,1,1,1,A_TM
GCF_055180475.1,Lactococcus lactis subsp. lactis bv. diacetylactis,FAM 24077,Complete Genome,2343,1,0,,,0,0,0,0,0,D_dltE_absent
GCF_039871335.1,Pediococcus acidilactici,BC-7,Contig,1818,1,1,382,168.3,1,1,1,0,1,B_SP
GCF_053901745.1,Limosilactobacillus fermentum,GKNM526,Contig,2053,1,0,,,0,0,0,1,1,D_dltE_absent
GCF_000805355.1,Latilactobacillus curvatus,NRIC0822,Contig,1946,1,1,382,196.9,1,1,1,1,1,C_CYTO
GCF_023743475.1,Levilactobacillus brevis,DRD-35,Scaffold,2403,1,1,392,272.9,1,1,1,1,1,B_SP
GCF_049191795.1,Bifidobacterium animalis subsp. lactis,IATA143,Contig,1534,0,0,,,0,0,0,0,0,E_no_dlt
GCF_009866125.1,Ligilactobacillus salivarius,FXJCJ9_2.scaf,Contig,1880,1,0,,,0,0,0,1,1,D_dltE_absent
GCF_025122105.1,Pediococcus pentosaceus,LBAE E21,Contig,1761,1,1,367,145.6,1,1,1,0,1,A_TM
GCF_022819225.1,Bifidobacterium longum subsp. infantis,JRPT,Complete Genome,2355,0,0,,,0,0,0,0,0,E_no_dlt
GCF_057376955.1,Latilactobacillus sakei,UNCP-C3M03,Contig,1995,1,1,383,176.0,1,1,1,1,1,B_SP
GCF_964186785.1,Leuconostoc mesenteroides,-,Contig,1910,1,1,380,134.6,1,1,1,1,1,A_TM
GCF_024137685.1,Limosilactobacillus fermentum,URCS 11,Contig,1902,1,0,,,0,0,0,1,1,D_dltE_absent
GCF_029339895.1,Lactococcus garvieae,1181,Contig,1971,1,0,,,0,0,0,0,0,D_dltE_absent
GCF_055180095.1,Lactococcus lactis subsp. lactis bv. diacetylactis,FAM 24079,Complete Genome,2354,1,0,,,0,0,0,0,0,D_dltE_absent
GCF_003020745.1,Enterococcus faecium,AUSMDU00004024,Complete Genome,2797,1,1,389,149.6,1,1,1,1,0,A_TM
GCF_030211125.1,Lactococcus garvieae,CAS-2,Contig,1943,1,0,,,0,0,0,0,0,D_dltE_absent
GCF_030020705.1,Enterococcus faecalis,EfsC11,Complete Genome,2779,1,1,388,180.0,1,1,1,1,0,A_TM
GCF_054053785.1,Pediococcus acidilactici,0328-04,Contig,1957,1,1,382,169.8,1,1,1,0,1,B_SP
GCF_050506875.1,Enterococcus faecalis,C6375,Complete Genome,2813,1,1,388,178.7,1,1,1,1,0,A_TM
GCF_020785015.1,Limosilactobacillus reuteri,LTM_Sauna_1_1,Scaffold,2036,1,0,,,0,0,0,1,1,D_dltE_absent
GCF_014905015.1,Lacticaseibacillus paracasei,NSMJ15,Chromosome,2619,1,1,401,198.9,1,1,1,1,1,A_TM
GCF_049191975.1,Bifidobacterium animalis subsp. lactis,IATA021,Contig,1539,0,0,,,0,0,0,0,0,E_no_dlt
GCF_058150285.1,Lacticaseibacillus paracasei,RAMULABWGS01,Chromosome,2761,1,1,385,191.0,1,1,1,1,1,A_TM
GCF_023744005.1,Levilactobacillus brevis,DRD-201,Scaffold,2387,1,1,392,272.9,1,1,1,1,1,B_SP
GCF_053470945.1,Latilactobacillus curvatus,Lc7,Scaffold,1936,1,1,382,199.3,1,1,1,1,1,C_CYTO
GCF_018140675.1,Bifidobacterium longum subsp. infantis,BINF,Complete Genome,2376,0,0,,,0,0,0,0,0,E_no_dlt
GCF_025122095.1,Pediococcus pentosaceus,LBAE E3,Contig,1802,1,1,367,145.6,1,1,1,0,1,A_TM
GCF_020784255.1,Limosilactobacillus reuteri,2A,Contig,2014,1,0,,,0,0,0,1,1,D_dltE_absent
GCF_028864415.1,Ligilactobacillus salivarius,A5-2-10,Contig,1833,1,0,,,0,0,0,1,1,D_dltE_absent
GCF_019583525.1,Pediococcus acidilactici,R91,Contig,1797,1,1,382,177.4,1,1,1,0,1,B_SP
GCF_048054275.1,Latilactobacillus sakei,TMW 1.1290,Contig,1920,1,1,383,174.8,1,1,1,1,1,B_SP
GCF_023744425.1,Levilactobacillus brevis,DRD-198,Scaffold,2403,1,1,392,272.9,1,1,1,1,1,B_SP
GCF_045527905.1,Leuconostoc mesenteroides,FAM 25299,Scaffold,1954,1,1,380,134.3,1,1,1,1,1,A_TM
GCF_980650245.1,Leuconostoc mesenteroides,-,Contig,1893,1,1,380,134.6,1,1,1,1,1,A_TM
GCF_000006865.1,Lactococcus lactis subsp. lactis Il1403,IL1403,Complete Genome,2230,1,0,,,0,0,0,0,0,D_dltE_absent
GCF_040150835.1,Bifidobacterium animalis subsp. lactis,LH-CAM-58,Contig,1527,0,0,,,0,0,0,0,0,E_no_dlt
GCF_022691445.1,Enterococcus faecium,VRE-WC072,Complete Genome,2722,1,1,386,130.7,1,1,1,1,0,A_TM
GCF_016126675.1,Enterococcus faecium,Dallas 5,Complete Genome,2813,1,1,389,149.6,1,1,1,1,0,A_TM
GCF_028864405.1,Ligilactobacillus salivarius,A5-1-10,Contig,1825,1,0,,,0,0,0,1,1,D_dltE_absent
GCF_900290175.1,Latilactobacillus sakei,CECT 9267,Contig,1976,1,1,383,176.0,1,1,1,1,1,B_SP
GCF_057368655.1,Limosilactobacillus fermentum,LF2,Contig,1983,1,0,,,0,0,0,1,1,D_dltE_absent
GCF_027675905.1,Pediococcus pentosaceus,UN03-283,Contig,1759,1,1,367,145.6,1,1,1,0,1,A_TM
GCF_003703885.1,Limosilactobacillus reuteri,2010,Contig,2039,1,0,,,0,0,0,1,1,D_dltE_absent
GCF_000025045.1,Lactococcus lactis subsp. lactis KF147,KF147,Complete Genome,2496,1,0,,,0,0,0,0,0,D_dltE_absent
GCF_053470965.1,Latilactobacillus curvatus,Lc6,Contig,2016,1,1,382,199.3,1,1,1,1,1,C_CYTO
GCF_023205855.1,Bifidobacterium longum subsp. infantis,BB-02,Complete Genome,2353,0,0,,,0,0,0,0,0,E_no_dlt
GCF_026183855.1,Pediococcus acidilactici,L-14,Contig,1815,1,1,382,177.4,1,1,1,0,1,B_SP
GCF_053642955.1,Levilactobacillus brevis,3LB,Scaffold,2226,1,1,392,271.4,1,1,1,1,1,B_SP
GCF_054788435.1,Lactococcus garvieae,152,Contig,2062,1,0,,,0,0,0,0,0,D_dltE_absent
GCF_053901905.1,Limosilactobacillus fermentum,11zv,Contig,1967,1,0,,,0,0,0,1,1,D_dltE_absent
GCF_009834975.1,Bifidobacterium animalis subsp. lactis,MN-Gup,Contig,1536,0,0,,,0,0,0,0,0,E_no_dlt
GCF_980650865.1,Leuconostoc mesenteroides,-,Contig,1894,1,1,380,134.6,1,1,1,1,1,A_TM
GCF_050506815.1,Enterococcus faecalis,C6391,Complete Genome,2834,1,1,388,180.2,1,1,1,1,0,A_TM
GCF_009865965.1,Ligilactobacillus salivarius,FZJTZ13M4,Scaffold,1917,1,0,,,0,0,0,1,1,D_dltE_absent
GCF_001981945.1,Latilactobacillus sakei,RI-412,Contig,1877,1,1,383,174.8,1,1,1,1,1,B_SP
GCF_025958905.1,Enterococcus faecalis,BE7,Complete Genome,2787,1,1,388,180.2,1,1,1,1,0,A_TM
GCF_046244395.1,Lacticaseibacillus paracasei,YEA81,Chromosome,2641,1,1,385,192.1,1,1,1,1,1,A_TM
GCF_023369775.1,Pediococcus pentosaceus,GBRCKU,Contig,1723,1,1,295,138.8,1,1,1,0,1,C_CYTO
GCF_027886355.1,Lacticaseibacillus paracasei,NG-LCU-NJ2,Chromosome,2638,1,1,385,190.7,1,1,1,1,1,A_TM
GCF_000478255.1,Lactococcus lactis subsp. lactis NCDO 2118,NCDO 2118,Complete Genome,2424,1,0,,,0,0,0,0,0,D_dltE_absent
GCF_053470985.1,Latilactobacillus curvatus,Lc5,Contig,1862,1,1,379,196.2,1,1,1,1,1,C_CYTO
GCF_053901505.1,Limosilactobacillus fermentum,60sk,Contig,1853,1,0,,,0,0,0,1,1,D_dltE_absent
GCF_024665655.1,Bifidobacterium longum subsp. infantis,BB-02,Complete Genome,2355,0,0,,,0,0,0,0,0,E_no_dlt
GCF_925300575.1,Pediococcus acidilactici,-,Contig,1797,1,1,382,177.4,1,1,1,0,1,B_SP
GCF_048452405.1,Ligilactobacillus salivarius,BH7-4s,Contig,1917,1,0,,,0,0,0,1,1,D_dltE_absent
GCF_056760655.1,Lactococcus garvieae,2,Contig,2063,1,0,,,0,0,0,0,0,D_dltE_absent
GCF_000235705.1,Latilactobacillus curvatus CRL 705,CRL 705,Contig,1766,1,1,379,196.2,1,1,1,1,1,C_CYTO
GCF_980647195.1,Leuconostoc mesenteroides,-,Contig,2020,1,1,380,134.6,1,1,1,1,1,A_TM
GCF_050480515.1,Enterococcus faecalis,C8814,Complete Genome,2850,1,1,388,180.2,1,1,1,1,0,A_TM
GCF_050574125.1,Enterococcus faecium,5938,Complete Genome,2883,1,1,386,132.7,1,1,1,1,0,A_TM
GCF_056760915.1,Lactococcus garvieae,144,Contig,2066,1,0,,,0,0,0,0,0,D_dltE_absent
GCF_060303045.1,Enterococcus faecium,E548-2,Complete Genome,2815,1,1,386,130.7,1,1,1,1,0,A_TM
GCF_025757505.1,Lacticaseibacillus paracasei,NG-LCU-ST2,Chromosome,2862,1,1,401,198.9,1,1,1,1,1,A_TM
GCF_925280345.1,Limosilactobacillus reuteri,-,Contig,1927,1,0,,,0,0,0,1,1,D_dltE_absent
GCF_015613165.1,Pediococcus pentosaceus,LMG 13372,Scaffold,1654,1,1,367,148.5,1,1,1,0,1,B_SP
GCF_980650845.1,Latilactobacillus sakei,-,Contig,1908,1,1,383,176.2,1,1,1,1,1,B_SP
GCF_027698185.1,Levilactobacillus brevis,AM93-03b2A,Scaffold,2524,1,1,392,272.6,1,1,1,1,1,B_SP
GCF_000344575.1,Lactococcus lactis subsp. lactis IO-1,IO-1,Complete Genome,2257,1,0,,,0,0,0,0,0,D_dltE_absent
GCF_940588555.1,Bifidobacterium longum subsp. infantis,-,Complete Genome,2243,0,0,,,0,0,0,0,0,E_no_dlt
GCF_057658285.1,Limosilactobacillus fermentum,AZMFK2,Contig,1843,1,0,,,0,0,0,1,1,D_dltE_absent
GCF_001892925.1,Bifidobacterium animalis subsp. lactis,646,Contig,1523,0,0,,,0,0,0,0,0,E_no_dlt
GCF_015557385.1,Pediococcus acidilactici,J1101004_170508_C3,Scaffold,1793,1,1,382,177.4,1,1,1,0,1,B_SP
GCF_027686645.1,Levilactobacillus brevis,AF10-19C,Scaffold,2556,1,1,392,272.6,1,1,1,1,1,B_SP
GCF_009866025.1,Ligilactobacillus salivarius,FYNDL5_1.scaf,Scaffold,2031,1,0,,,0,0,0,1,1,D_dltE_absent
GCF_022511545.1,Limosilactobacillus reuteri,BR13-C2,Contig,1911,1,0,,,0,0,0,1,1,D_dltE_absent
GCF_025770455.1,Pediococcus pentosaceus,3.2.19,Contig,1790,1,1,367,148.5,1,1,1,0,1,B_SP
GCF_055687645.1,Leuconostoc mesenteroides,H40,Contig,1931,1,1,380,134.6,1,1,1,1,1,A_TM
GCF_018409015.1,Bifidobacterium animalis subsp. lactis,MB 2409,Scaffold,1582,0,0,,,0,0,0,0,0,E_no_dlt
GCF_051158555.1,Levilactobacillus brevis,BE090929-5-22,Contig,2392,1,1,392,271.8,1,1,1,1,1,B_SP
GCF_052446795.1,Bifidobacterium longum subsp. infantis,SLAM-BINH,Complete Genome,2198,0,0,,,0,0,0,0,0,E_no_dlt
GCF_016415485.1,Enterococcus faecium,Dallas 163_1,Complete Genome,2696,1,1,386,132.7,1,1,1,1,0,A_TM
GCF_024273085.1,Latilactobacillus sakei,ELA214064,Contig,2013,1,1,383,174.8,1,1,1,1,1,B_SP
GCF_980655115.1,Leuconostoc mesenteroides,-,Contig,2007,1,1,380,134.3,1,1,1,1,1,A_TM
GCF_053901545.1,Limosilactobacillus fermentum,59sk,Contig,1859,1,0,,,0,0,0,1,1,D_dltE_absent
GCF_925285275.1,Limosilactobacillus reuteri,-,Contig,2020,1,0,,,0,0,0,1,1,D_dltE_absent
GCF_000192705.1,Lactococcus lactis subsp. lactis CV56,CV56,Complete Genome,2349,1,0,,,0,0,0,0,0,D_dltE_absent
GCF_002973755.2,Enterococcus faecium,15-307-1,Complete Genome,2955,1,1,386,130.7,1,1,1,1,0,A_TM
GCF_047947335.1,Lactococcus lactis,218,Chromosome,2509,1,0,,,0,0,0,0,0,D_dltE_absent
GCF_054177545.1,Ligilactobacillus salivarius,K611,Scaffold,1714,1,0,,,0,0,0,1,1,D_dltE_absent
GCF_028328085.1,Pediococcus acidilactici,J1101004st1_H2_J1101004_170508,Scaffold,1797,1,1,382,177.4,1,1,1,0,1,B_SP
GCF_030262475.1,Limosilactobacillus reuteri,BIO7251,Contig,1914,1,0,,,0,0,0,1,1,D_dltE_absent
GCF_032841555.1,Pediococcus acidilactici,BF9,Contig,2117,1,1,382,174.4,1,1,1,0,1,B_SP
GCF_015613015.1,Pediococcus pentosaceus,FAM 22491,Scaffold,1817,1,1,374,160.8,1,1,1,0,1,B_SP
GCF_019336465.1,Limosilactobacillus reuteri,Fn041,Scaffold,2245,1,0,,,0,0,0,1,1,D_dltE_absent
GCF_051158875.1,Levilactobacillus brevis,BE090929-5-10,Contig,2396,1,1,392,271.8,1,1,1,1,1,B_SP
GCF_004154425.1,Bifidobacterium animalis subsp. lactis,2010B,Contig,1562,0,0,,,0,0,0,0,0,E_no_dlt
GCF_017299595.1,Bifidobacterium longum subsp. infantis,JCM 7009,Complete Genome,2142,0,0,,,0,0,0,0,0,E_no_dlt
GCF_028746125.1,Ligilactobacillus salivarius,CML391,Contig,1944,1,0,,,0,0,0,1,1,D_dltE_absent
GCF_021124455.1,Pediococcus pentosaceus,U1911728,Contig,1811,1,1,374,158.5,1,1,1,0,1,B_SP
GCF_038320945.1,Leuconostoc mesenteroides,IBUN 91.2.98,Scaffold,1922,1,1,380,134.6,1,1,1,1,1,A_TM
GCF_053901845.1,Limosilactobacillus fermentum,57sk-2,Contig,1890,1,0,,,0,0,0,1,1,D_dltE_absent
GCF_047947345.1,Lactococcus lactis,463,Chromosome,2591,1,0,,,0,0,0,0,0,D_dltE_absent
GCF_055386685.1,Bifidobacterium longum subsp. infantis,JCM 1272,Complete Genome,2211,0,0,,,0,0,0,0,0,E_no_dlt
GCF_051388475.1,Latilactobacillus sakei,RS704,Contig,1902,1,1,383,176.0,1,1,1,1,1,B_SP
GCF_016406445.1,Enterococcus faecium,Dallas 17_1,Complete Genome,2732,1,1,389,149.6,1,1,1,1,0,A_TM
GCF_059552015.1,Pediococcus acidilactici,pa13,Contig,2015,1,1,382,174.0,1,1,1,0,1,B_SP
GCF_004154645.1,Bifidobacterium animalis subsp. lactis,2007B,Contig,1551,0,0,,,0,0,0,0,0,E_no_dlt
GCF_056760855.1,Lactococcus garvieae,123,Contig,1999,1,0,,,0,0,0,0,0,D_dltE_absent
GCF_017963615.1,Bifidobacterium animalis subsp. lactis,BL-G101,Contig,1538,0,0,,,0,0,0,0,0,E_no_dlt
GCF_049192005.1,Bifidobacterium animalis subsp. lactis,IATA020,Contig,1536,0,0,,,0,0,0,0,0,E_no_dlt
GCF_057814965.1,Latilactobacillus sakei,7-1,Scaffold,1977,1,1,383,176.0,1,1,1,1,1,B_SP
GCF_034644395.1,Enterococcus faecalis,HRH40,Complete Genome,2887,1,1,388,180.2,1,1,1,1,0,A_TM
GCF_002750585.1,Latilactobacillus sakei,RI-496,Contig,1953,1,1,383,176.0,1,1,1,1,1,B_SP
GCF_018257185.1,Levilactobacillus brevis,Dm-2019-67,Scaffold,2710,1,1,392,272.6,1,1,1,1,1,B_SP
GCF_045527685.1,Leuconostoc mesenteroides,FAM 25285,Scaffold,1986,1,1,380,134.3,1,1,1,1,1,A_TM
GCF_045527945.1,Latilactobacillus sakei,FAM 24916,Scaffold,2054,1,1,383,176.3,1,1,1,1,1,B_SP
GCF_003841395.2,Lactococcus lactis,L62,Chromosome,2709,1,0,,,0,0,0,0,0,D_dltE_absent
GCF_053901785.1,Limosilactobacillus fermentum,347,Contig,1683,1,0,,,0,0,0,1,1,D_dltE_absent
GCF_056760935.1,Lactococcus garvieae,154,Contig,2070,1,0,,,0,0,0,0,0,D_dltE_absent
GCF_003839705.2,Lactococcus lactis,L81,Chromosome,2700,1,0,,,0,0,0,0,0,D_dltE_absent
GCF_060534065.1,Pediococcus acidilactici,CR07,Contig,1920,1,1,382,172.9,1,1,1,0,1,B_SP
GCF_059379515.1,Lacticaseibacillus paracasei,PB1,Chromosome,2717,1,1,385,193.0,1,1,1,1,1,A_TM
GCF_038436665.1,Enterococcus faecium,2016C10-291,Complete Genome,2774,1,1,389,149.6,1,1,1,1,0,A_TM
GCF_049192035.1,Bifidobacterium animalis subsp. lactis,IATA008,Contig,1541,0,0,,,0,0,0,0,0,E_no_dlt
GCF_018064185.1,Lacticaseibacillus paracasei,HM1,Chromosome,2431,1,1,385,193.0,1,1,1,1,1,A_TM
GCF_050846995.1,Limosilactobacillus reuteri,TDM 0502,Contig,2104,1,0,,,0,0,0,1,1,D_dltE_absent
GCF_025194285.1,Levilactobacillus brevis,CIRM-BIA 2232,Contig,2464,1,1,392,274.1,1,1,1,1,1,B_SP
GCF_980647185.1,Leuconostoc mesenteroides,-,Contig,1967,1,1,380,136.5,1,1,1,1,1,A_TM
GCF_056760875.1,Lactococcus garvieae,143,Contig,2064,1,0,,,0,0,0,0,0,D_dltE_absent
GCF_037993155.1,Latilactobacillus sakei,F1,Contig,1926,1,1,383,176.0,1,1,1,1,1,B_SP
GCF_029339915.1,Lactococcus garvieae,23-3-92,Contig,2000,1,0,,,0,0,0,0,0,D_dltE_absent
GCF_057584955.1,Enterococcus faecalis,LaCa_59,Complete Genome,2672,1,1,388,180.2,1,1,1,1,0,A_TM
GCF_003020725.1,Enterococcus faecium,AUSMDU00004028,Complete Genome,2858,1,1,389,149.6,1,1,1,1,0,A_TM
GCF_057584965.1,Enterococcus faecalis,LaCa_58,Complete Genome,2730,1,1,388,180.2,1,1,1,1,0,A_TM
GCF_051523625.1,Enterococcus faecalis,CBUKC0123,Complete Genome,2936,1,1,388,180.2,1,1,1,1,0,A_TM
GCF_057812015.1,Bifidobacterium longum subsp. infantis,E16,Complete Genome,2159,0,0,,,0,0,0,0,0,E_no_dlt
GCF_965286355.1,Lacticaseibacillus paracasei,HF-IBB-287,Chromosome,2794,1,1,385,191.2,1,1,1,1,1,A_TM
GCF_028328145.1,Pediococcus acidilactici,BSD3448080978st1_E2_BSD3448080978_160613,Scaffold,1855,1,1,382,174.0,1,1,1,0,1,B_SP
GCF_025917475.1,Lacticaseibacillus paracasei subsp. paracasei,OLXI-3,Chromosome,2751,1,1,401,198.5,1,1,1,1,1,A_TM
GCF_053901585.1,Limosilactobacillus fermentum,339,Contig,2002,1,0,,,0,0,0,1,0,D_dltE_absent
GCF_023744455.1,Levilactobacillus brevis,DRD-136,Scaffold,2383,1,1,392,272.9,1,1,1,1,1,B_SP
GCF_009870365.1,Ligilactobacillus salivarius,FJSWX_34J_L5,Contig,1902,1,0,,,0,0,0,1,1,D_dltE_absent
GCF_007917315.3,Enterococcus faecium,VVEswe-S,Complete Genome,2942,1,1,389,149.6,1,1,1,1,0,A_TM
GCF_034321905.1,Pediococcus pentosaceus,B26,Scaffold,1817,1,1,367,148.5,1,1,1,0,1,B_SP
GCF_018257245.1,Levilactobacillus brevis,Dm-2019-70,Scaffold,2710,1,1,392,272.6,1,1,1,1,1,B_SP
GCF_004353295.1,Pediococcus pentosaceus,MZF16,Contig,1861,1,1,380,158.4,1,1,1,0,1,A_TM
GCF_016861465.1,Limosilactobacillus fermentum,01-B1,Contig,1890,1,0,,,0,0,0,1,1,D_dltE_absent
GCF_017378625.1,Bifidobacterium longum subsp. infantis,JCM 7010,Complete Genome,2139,0,0,,,0,0,0,0,0,E_no_dlt
GCF_001705505.1,Limosilactobacillus reuteri,P43,Contig,1968,1,0,,,0,0,0,1,1,D_dltE_absent
GCF_009649605.1,Limosilactobacillus reuteri,N4I,Contig,1958,1,0,,,0,0,0,1,1,D_dltE_absent
GCF_032171455.1,Lactococcus lactis,LA0312,Chromosome,2414,1,0,,,0,0,0,0,0,D_dltE_absent
GCF_900639665.1,Enterococcus faecium,-,Complete Genome,2963,1,1,389,149.6,1,1,1,1,0,A_TM
GCF_003061585.1,Ligilactobacillus salivarius,DS2_12,Contig,1903,1,0,,,0,0,0,1,1,D_dltE_absent
GCF_003470145.1,Ligilactobacillus salivarius,AM25-8,Scaffold,1884,1,0,,,0,0,0,1,1,D_dltE_absent
GCF_060534085.1,Pediococcus acidilactici,CR08,Contig,1940,1,1,382,172.9,1,1,1,0,1,B_SP
GCF_003703875.1,Limosilactobacillus reuteri,R2lc,Contig,1955,1,0,,,0,0,0,1,1,D_dltE_absent
GCF_020882545.2,Pediococcus pentosaceus,IMI 507024,Contig,1755,1,1,369,148.3,1,1,1,0,1,A_TM
GCF_980647085.1,Leuconostoc mesenteroides,-,Contig,1925,1,1,380,134.6,1,1,1,1,1,A_TM
GCF_035282465.1,Bifidobacterium animalis subsp. lactis,BM25,Contig,1535,0,0,,,0,0,0,0,0,E_no_dlt
GCF_009866135.1,Ligilactobacillus salivarius,FXJSW2_3.scaf,Scaffold,1795,1,0,,,0,0,0,1,1,D_dltE_absent
GCF_023208075.1,Bifidobacterium longum subsp. infantis,PI_008,Complete Genome,2126,0,0,,,0,0,0,0,0,E_no_dlt
GCF_980657565.1,Leuconostoc mesenteroides,-,Contig,2014,1,1,380,134.6,1,1,1,1,1,A_TM
GCF_001981735.1,Latilactobacillus sakei,RI-403,Contig,1953,1,1,383,176.0,1,1,1,1,1,B_SP
GCF_050274975.1,Latilactobacillus sakei,NPDC006387,Scaffold,1872,1,1,383,174.9,1,1,1,1,1,B_SP
GCF_049070625.1,Limosilactobacillus fermentum,DS2875,Scaffold,1876,1,0,,,0,0,0,1,1,D_dltE_absent
GCF_054589255.1,Lactococcus garvieae,FR6,Scaffold,2318,1,0,,,0,0,0,0,0,D_dltE_absent
GCF_047947385.1,Lactococcus lactis,464,Chromosome,2437,1,0,,,0,0,0,0,0,D_dltE_absent
GCF_030210915.1,Lactococcus garvieae,G-34,Contig,2142,1,0,,,0,0,0,0,0,D_dltE_absent
GCF_047947355.1,Lactococcus lactis,67b,Chromosome,2371,1,0,,,0,0,0,0,0,D_dltE_absent
GCF_050471105.1,Enterococcus faecalis,H815,Complete Genome,2836,1,1,388,180.2,1,1,1,1,0,A_TM
GCF_060534105.1,Pediococcus acidilactici,CR06,Contig,1919,1,1,382,172.9,1,1,1,0,1,B_SP
GCF_050516665.1,Enterococcus faecalis,C6697,Complete Genome,2855,1,1,388,180.2,1,1,1,1,0,A_TM
GCF_037046325.1,Pediococcus acidilactici,QCH-42,Contig,1961,1,1,382,174.0,1,1,1,0,1,B_SP
GCF_051388295.1,Latilactobacillus sakei,FAHWH17,Contig,1844,1,1,383,176.0,1,1,1,1,1,B_SP
GCF_040151095.1,Bifidobacterium animalis subsp. lactis,LH-CAM-04,Contig,1521,0,0,,,0,0,0,0,0,E_no_dlt
GCF_004354655.1,Lacticaseibacillus paracasei subsp. paracasei,ATCC 25302,Scaffold,2670,1,1,385,192.0,1,1,1,1,1,A_TM
GCF_003970855.1,Bifidobacterium animalis subsp. lactis,UBBLa 70,Contig,1541,0,0,,,0,0,0,0,0,E_no_dlt
GCF_060274375.1,Lactococcus garvieae subsp. garvieae,SJC17,Scaffold,1997,1,0,,,0,0,0,0,0,D_dltE_absent
GCF_046558475.1,Pediococcus pentosaceus,P1,Contig,1781,1,1,374,156.7,1,1,1,0,1,B_SP
GCF_055768505.1,Levilactobacillus brevis,K082,Contig,2363,1,1,392,271.8,1,1,1,1,1,B_SP
GCF_000388095.2,Lacticaseibacillus paracasei,LcY,Chromosome,2848,1,1,385,192.1,1,1,1,1,1,A_TM
GCF_030517625.1,Enterococcus faecalis,EfsC13,Complete Genome,2884,1,1,388,180.2,1,1,1,1,0,A_TM
GCF_023208115.1,Bifidobacterium longum subsp. infantis,PI_005,Complete Genome,2130,0,0,,,0,0,0,0,0,E_no_dlt
GCF_004154455.1,Bifidobacterium animalis subsp. lactis,2011B,Contig,1667,0,0,,,0,0,0,0,0,E_no_dlt
GCF_041226345.1,Limosilactobacillus reuteri,2-62,Scaffold,1899,1,0,,,0,0,0,1,1,D_dltE_absent
GCF_053901925.1,Limosilactobacillus fermentum,253,Contig,1873,1,0,,,0,0,0,1,1,D_dltE_absent
GCF_057476995.1,Leuconostoc mesenteroides,-,Contig,1790,1,1,380,135.4,1,1,1,1,1,A_TM
GCF_980647965.1,Latilactobacillus sakei,-,Contig,1886,1,1,383,176.0,1,1,1,1,1,B_SP
GCF_030219685.1,Lactococcus garvieae,MAM 75,Contig,2162,1,0,,,0,0,0,0,0,D_dltE_absent
GCF_047947285.1,Lactococcus lactis,76b,Chromosome,2486,1,0,,,0,0,0,0,0,D_dltE_absent
GCF_025395165.1,Leuconostoc mesenteroides,109,Contig,1973,1,1,380,134.6,1,1,1,1,1,A_TM
GCF_009866105.1,Ligilactobacillus salivarius,FXJWS41_2.scaf,Scaffold,1827,1,0,,,0,0,0,1,1,D_dltE_absent
GCF_052084615.1,Enterococcus faecalis,EFSMS49,Complete Genome,2908,1,1,388,179.1,1,1,1,1,0,A_TM
GCF_060534145.1,Pediococcus acidilactici,CR05,Contig,1923,1,1,382,172.9,1,1,1,0,1,B_SP
GCF_007917035.2,Enterococcus faecium,VVEswe-R,Complete Genome,2944,1,1,389,149.6,1,1,1,1,0,A_TM
GCF_054053765.1,Pediococcus pentosaceus,0050-04,Contig,1949,1,1,367,148.6,1,1,1,1,1,B_SP
GCF_041320305.1,Bifidobacterium longum subsp. infantis,JNU311,Complete Genome,2155,0,0,,,0,0,0,0,0,E_no_dlt
GCF_056855695.1,Levilactobacillus brevis,SL28,Contig,2269,1,1,392,271.4,1,1,1,1,1,B_SP
GCF_009649505.1,Limosilactobacillus reuteri,CR,Contig,2015,1,0,,,0,0,0,1,1,D_dltE_absent
GCF_007989125.1,Lacticaseibacillus paracasei subsp. paracasei,NBRC 15889,Contig,2683,1,1,385,192.0,1,1,1,1,1,A_TM
GCF_023744315.1,Leuconostoc mesenteroides,DRD-138,Scaffold,2201,1,1,380,134.9,1,1,1,1,1,A_TM
GCF_001721065.1,Enterococcus faecium,ISMMS_VRE_7,Complete Genome,2860,0,1,386,130.7,1,1,1,1,0,E_no_dlt
GCF_041021485.1,Ligilactobacillus salivarius,Lac45,Contig,1945,1,0,,,0,0,0,1,1,D_dltE_absent
GCF_059815515.1,Enterococcus faecium,EFA_29_full,Complete Genome,2750,1,1,389,149.6,1,1,1,1,0,A_TM
GCF_001436385.1,Lacticaseibacillus paracasei subsp. paracasei ATCC 25302 = DSM 5622 = JCM 8130,DSM 5622,Contig,2672,1,1,385,192.0,1,1,1,1,1,A_TM
GCF_016406265.1,Lactococcus lactis,WiKim0098,Chromosome,2334,1,0,,,0,0,0,0,0,D_dltE_absent
GCF_022678665.1,Pediococcus pentosaceus,IMI 507025,Contig,1755,1,1,369,148.3,1,1,1,0,1,A_TM
GCF_900093565.1,Limosilactobacillus reuteri,L6798,Scaffold,1961,1,0,,,0,0,0,1,1,D_dltE_absent
GCF_027699065.1,Levilactobacillus brevis,AM87-02A,Scaffold,2533,1,1,392,272.6,1,1,1,1,1,B_SP
GCF_009808295.1,Pediococcus acidilactici,FAM19461,Contig,1959,1,1,382,169.4,1,1,1,0,1,B_SP
GCF_002899655.1,Limosilactobacillus fermentum,CRL1446,Contig,2057,1,0,,,0,0,0,1,1,D_dltE_absent
GCF_009870225.1,Ligilactobacillus salivarius,FXJKS17M7,Scaffold,1825,1,0,,,0,0,0,1,1,D_dltE_absent
GCF_964186845.1,Leuconostoc mesenteroides,-,Contig,1973,1,1,380,134.6,1,1,1,1,1,A_TM
GCF_049191485.1,Bifidobacterium animalis subsp. lactis,IATA029,Contig,1537,0,0,,,0,0,0,0,0,E_no_dlt
GCF_050909075.1,Enterococcus faecium,VR64,Complete Genome,2832,1,1,389,149.6,1,1,1,1,0,A_TM
GCF_044901865.1,Pediococcus pentosaceus,psm16,Scaffold,1828,1,1,367,148.5,1,1,1,0,1,B_SP
GCF_051157825.1,Levilactobacillus brevis,BE090929-5-9,Contig,2396,1,1,392,271.8,1,1,1,1,1,B_SP
GCF_021405435.1,Latilactobacillus sakei,JD10,Contig,1896,1,1,383,176.0,1,1,1,1,1,B_SP
GCF_023208035.1,Bifidobacterium longum subsp. infantis,PI_010,Complete Genome,2129,0,0,,,0,0,0,0,0,E_no_dlt
GCF_978043265.1,Limosilactobacillus reuteri,-,Contig,2141,1,0,,,0,0,0,1,1,D_dltE_absent
GCF_023205815.1,Bifidobacterium longum subsp. infantis,PI_003,Complete Genome,2142,0,0,,,0,0,0,0,0,E_no_dlt
GCF_000212475.1,Lactococcus garvieae UNIUD074,UNIUD074,Contig,2043,1,0,,,0,0,0,0,0,D_dltE_absent
GCF_040151175.1,Bifidobacterium animalis subsp. lactis,LH-CAM-01,Contig,1527,0,0,,,0,0,0,0,0,E_no_dlt
GCF_056782475.1,Ligilactobacillus salivarius,K8,Contig,1710,1,0,,,0,0,0,1,1,D_dltE_absent
GCF_053543435.1,Limosilactobacillus fermentum,SCUT221015,Contig,1859,1,0,,,0,0,0,1,1,D_dltE_absent
GCF_002750655.1,Latilactobacillus sakei,RI-500,Contig,1958,1,1,383,176.0,1,1,1,1,1,B_SP
GCF_040505795.1,Limosilactobacillus fermentum,KL271,Scaffold,1847,1,0,,,0,0,0,1,1,D_dltE_absent
GCF_016652195.1,Pediococcus pentosaceus,SMM914,Scaffold,1832,1,1,367,148.5,1,1,1,0,1,B_SP
GCF_004194355.1,Lactococcus lactis,SRCM103457,Chromosome,2272,1,0,,,0,0,0,0,0,D_dltE_absent
GCF_000269705.1,Lactococcus garvieae IPLA 31405,IPLA 31405,Contig,1993,1,0,,,0,0,0,0,0,D_dltE_absent
GCF_003839715.2,Lactococcus lactis,L98,Chromosome,2430,1,0,,,0,0,0,0,0,D_dltE_absent
GCF_023208155.1,Bifidobacterium longum subsp. infantis,PI_006,Complete Genome,2128,0,0,,,0,0,0,0,0,E_no_dlt
GCF_009807985.1,Pediococcus acidilactici,FAM19475,Contig,1959,1,1,382,169.4,1,1,1,0,1,B_SP
GCF_013344645.1,Enterococcus faecalis,111540027-2,Complete Genome,2698,1,1,388,180.0,1,1,1,1,0,A_TM
GCF_003094835.1,Bifidobacterium animalis subsp. lactis,DS23_2,Contig,1578,0,0,,,0,0,0,0,0,E_no_dlt
GCF_050516675.1,Enterococcus faecalis,C6696,Complete Genome,2836,1,1,388,180.2,1,1,1,1,0,A_TM
GCF_009914845.1,Limosilactobacillus fermentum,D12,Scaffold,1928,1,0,,,0,0,0,1,1,D_dltE_absent
GCF_964187095.1,Leuconostoc mesenteroides,-,Contig,1975,1,1,380,134.6,1,1,1,1,1,A_TM
GCF_049192025.1,Bifidobacterium animalis subsp. lactis,IATA010,Contig,1536,0,0,,,0,0,0,0,0,E_no_dlt
GCF_057321325.1,Lacticaseibacillus paracasei,GMRMP001,Contig,3008,1,1,385,191.0,1,1,1,1,1,A_TM
GCF_003841365.2,Lactococcus lactis,IPLA517,Chromosome,2359,1,0,,,0,0,0,0,0,D_dltE_absent
GCF_023744095.1,Levilactobacillus brevis,DRD-60,Scaffold,2394,1,1,392,272.9,1,1,1,1,1,B_SP
GCF_030410455.1,Latilactobacillus sakei,LM 0405,Scaffold,1887,1,1,383,174.5,1,1,1,1,1,B_SP
GCF_027664805.1,Levilactobacillus brevis,AF92-02GAA,Scaffold,2542,1,1,392,272.6,1,1,1,1,1,B_SP
GCF_009809125.1,Pediococcus acidilactici,FAM19464,Contig,1956,1,1,382,169.4,1,1,1,0,1,B_SP
GCF_964186925.1,Leuconostoc mesenteroides,-,Contig,1979,1,1,380,134.6,1,1,1,1,1,A_TM
GCF_000300795.2,Lactococcus garvieae DCC43,DCC43,Contig,2193,0,0,,,0,0,0,0,0,E_no_dlt
GCF_000159495.1,Lacticaseibacillus paracasei subsp. paracasei ATCC 25302 = DSM 5622 = JCM 8130,ATCC 25302,Scaffold,2702,1,1,385,192.0,1,1,1,1,1,A_TM
GCF_009809055.1,Pediococcus acidilactici,FAM19462,Contig,1902,1,1,382,169.4,1,1,1,0,1,B_SP
GCF_038441145.1,Enterococcus faecium,2016S01-202,Complete Genome,2812,1,1,386,132.7,1,1,1,1,0,A_TM
GCF_030517505.1,Enterococcus faecalis,EfsC23,Complete Genome,2749,1,1,388,180.2,1,1,1,1,0,A_TM
GCF_030020615.1,Enterococcus faecalis,EfsC33,Complete Genome,2893,1,1,388,180.2,1,1,1,1,0,A_TM
GCF_055406405.1,Latilactobacillus sakei,E213,Contig,1985,1,1,383,174.8,1,1,1,1,1,B_SP
GCF_020784575.1,Limosilactobacillus reuteri,C.p.1-C,Scaffold,2005,1,0,,,0,0,0,1,1,D_dltE_absent
GCF_022614635.1,Lacticaseibacillus paracasei,GMNL-855,Contig,2890,1,1,385,192.1,1,1,1,1,1,A_TM
GCF_022614605.1,Lacticaseibacillus paracasei,GMNL-653,Contig,2871,1,1,401,198.9,1,1,1,1,1,A_TM
GCF_000305995.1,Lactococcus garvieae Tac2,Tac2,Contig,2138,1,0,,,0,0,0,0,0,D_dltE_absent
GCF_027698855.1,Levilactobacillus brevis,AM89-08b2TA,Scaffold,2518,1,1,392,272.6,1,1,1,1,1,B_SP
GCF_052055535.1,Enterococcus faecium,VRE_05,Complete Genome,2929,1,1,389,149.6,1,1,1,1,0,A_TM
GCF_027698205.1,Ligilactobacillus salivarius,AM93-02F,Scaffold,1873,1,0,,,0,0,0,1,1,D_dltE_absent
GCF_057732955.1,Enterococcus faecium,SMLTV1,Complete Genome,2867,1,1,389,149.6,1,1,1,1,0,A_TM
GCF_980654485.1,Leuconostoc mesenteroides,-,Contig,2009,1,1,380,134.6,1,1,1,1,1,A_TM
GCF_000758185.1,Limosilactobacillus reuteri,LTH5448,Contig,1772,1,0,,,0,0,0,1,1,D_dltE_absent
GCF_023208055.1,Bifidobacterium longum subsp. infantis,PI_009,Complete Genome,2122,0,0,,,0,0,0,0,0,E_no_dlt
GCF_020784635.1,Limosilactobacillus reuteri,D.l.3-A,Scaffold,2004,1,0,,,0,0,0,1,1,D_dltE_absent
GCF_027698985.1,Levilactobacillus brevis,AM88-10A,Scaffold,2548,1,1,392,272.6,1,1,1,1,1,B_SP
GCF_030876765.1,Ligilactobacillus salivarius,B10,Scaffold,1904,1,0,,,0,0,0,1,1,D_dltE_absent
GCF_023208095.1,Bifidobacterium longum subsp. infantis,PI_007,Complete Genome,2123,0,0,,,0,0,0,0,0,E_no_dlt
GCF_049056805.1,Ligilactobacillus salivarius,GX118,Contig,1883,1,0,,,0,0,0,1,1,D_dltE_absent
GCF_008690745.1,Leuconostoc mesenteroides,WC0331,Scaffold,1959,1,1,380,134.3,1,1,1,1,1,A_TM
GCF_052850165.1,Pediococcus acidilactici,JD-21,Scaffold,1928,1,1,382,174.0,1,1,1,0,1,B_SP
GCF_030851245.1,Limosilactobacillus fermentum,Pom5,Scaffold,1908,1,0,,,0,0,0,1,1,D_dltE_absent
GCF_023744355.1,Pediococcus pentosaceus,DRD-61,Scaffold,1874,1,1,374,160.1,1,1,1,0,1,B_SP
GCF_038441015.1,Enterococcus faecium,2016N17-104,Complete Genome,2770,1,1,386,132.7,1,1,1,1,0,A_TM
GCF_900157135.1,Bifidobacterium animalis,-,Contig,1558,0,0,,,0,0,0,0,0,E_no_dlt
GCF_003841225.2,Lactococcus lactis,IPLA641,Chromosome,2328,1,0,,,0,0,0,0,0,D_dltE_absent
GCF_025188105.1,Pediococcus pentosaceus,CIRM-BIA 1974,Contig,1649,1,1,374,158.5,1,1,1,0,1,B_SP
GCF_009649535.1,Limosilactobacillus reuteri,One-one,Contig,2002,1,0,,,0,0,0,1,1,D_dltE_absent
GCF_024273045.1,Latilactobacillus sakei,ELA214065,Contig,1852,1,1,383,174.3,1,1,1,1,1,B_SP
GCF_009807835.1,Pediococcus acidilactici,FAM18986,Contig,1826,1,1,382,168.3,1,1,1,0,1,B_SP
GCF_027696965.1,Limosilactobacillus fermentum,CM02-01b2,Scaffold,1832,1,0,,,0,0,0,1,1,D_dltE_absent
GCF_003061545.1,Ligilactobacillus salivarius,DS11_12,Contig,1895,1,0,,,0,0,0,1,1,D_dltE_absent
GCF_900290155.1,Leuconostoc mesenteroides,CECT 9268,Contig,2038,1,1,380,134.3,1,1,1,1,1,A_TM
GCF_003094915.1,Bifidobacterium animalis subsp. lactis,CF3_2,Contig,1686,0,0,,,0,0,0,0,0,E_no_dlt
GCF_003841345.2,Lactococcus lactis,IPLA1064,Chromosome,2347,1,0,,,0,0,0,0,0,D_dltE_absent
GCF_025132915.1,Pediococcus pentosaceus,941,Contig,1778,1,1,369,149.7,1,1,1,0,1,A_TM
GCF_053161015.2,Enterococcus faecium,VRE_09,Complete Genome,2861,1,1,389,149.6,1,1,1,1,0,A_TM
GCF_980650255.1,Leuconostoc mesenteroides,-,Contig,2009,1,1,380,134.3,1,1,1,1,1,A_TM
GCF_009809895.1,Pediococcus acidilactici,FAM18988,Contig,1825,1,1,382,168.3,1,1,1,0,1,B_SP
GCF_023205795.1,Bifidobacterium longum subsp. infantis,PI_004,Complete Genome,2119,0,0,,,0,0,0,0,0,E_no_dlt
GCF_052055575.1,Enterococcus faecium,VRE_01,Complete Genome,2864,1,1,389,149.6,1,1,1,1,0,A_TM
GCF_009649475.1,Limosilactobacillus reuteri,N2J,Contig,2017,1,0,,,0,0,0,1,1,D_dltE_absent
GCF_900157045.1,Bifidobacterium animalis,-,Contig,1572,0,0,,,0,0,0,0,0,E_no_dlt
GCF_051156615.1,Limosilactobacillus fermentum,BE1001-5-32,Contig,1929,1,0,,,0,0,0,1,1,D_dltE_absent
GCF_004684995.1,Limosilactobacillus reuteri,I8-5,Scaffold,2158,1,0,,,0,0,0,1,1,D_dltE_absent
GCF_015159735.1,Ligilactobacillus salivarius,UBLS-22,Scaffold,1887,1,0,,,0,0,0,1,1,D_dltE_absent
GCF_048054135.1,Latilactobacillus sakei,TMW 1.1393,Contig,1911,1,1,383,174.8,1,1,1,1,1,B_SP
GCF_030931535.1,Lactococcus lactis,DRD-50,Chromosome,2168,1,0,,,0,0,0,0,0,D_dltE_absent
GCF_013249205.1,Ligilactobacillus salivarius,BIO6313,Contig,1891,1,0,,,0,0,0,1,1,D_dltE_absent
GCF_055406425.1,Latilactobacillus sakei,E211,Contig,1986,1,1,383,174.8,1,1,1,1,1,B_SP
GCF_002762235.1,Lacticaseibacillus paracasei,Lpc-37,Contig,2820,1,1,385,191.5,1,1,1,1,1,A_TM
GCF_005158025.1,Enterococcus faecalis,FC,Complete Genome,2844,1,1,388,180.2,1,1,1,1,0,A_TM
GCF_023743355.1,Levilactobacillus brevis,DRD-52,Scaffold,2402,1,1,392,272.9,1,1,1,1,1,B_SP
GCF_000236535.2,Lactococcus garvieae LG9,LG9,Contig,2047,1,0,,,0,0,0,0,0,D_dltE_absent
GCF_023744105.1,Levilactobacillus brevis,DRD-139,Scaffold,2394,1,1,392,272.9,1,1,1,1,1,B_SP
GCF_028206475.1,Lacticaseibacillus paracasei,SRCM217440,Contig,2952,1,1,401,198.9,1,1,1,1,1,A_TM
GCF_003094895.1,Bifidobacterium animalis,DS11_2,Contig,1534,0,0,,,0,0,0,0,0,E_no_dlt
GCF_030517445.1,Enterococcus faecalis,EfsC43,Complete Genome,2772,1,1,388,180.0,1,1,1,1,0,A_TM
GCF_023668025.1,Latilactobacillus sakei,TMW 1.1397,Contig,1898,1,1,383,174.7,1,1,1,1,1,B_SP
GCF_016890175.1,Pediococcus acidilactici,C3,Scaffold,1992,1,1,382,170.3,1,1,1,0,1,B_SP
GCF_042055085.1,Latilactobacillus sakei,MEI5,Contig,1994,1,1,383,176.0,1,1,1,1,1,B_SP
GCF_016890125.1,Pediococcus acidilactici,C6,Scaffold,1988,1,1,382,170.3,1,1,1,0,1,B_SP
GCF_033088855.1,Pediococcus pentosaceus,252371_901,Contig,1654,1,1,374,158.5,1,1,1,0,1,B_SP
GCF_023205835.1,Bifidobacterium longum subsp. infantis,PI_002,Complete Genome,2139,0,0,,,0,0,0,0,0,E_no_dlt
GCF_056782515.1,Limosilactobacillus fermentum,K7,Contig,1908,1,0,,,0,0,0,1,1,D_dltE_absent
GCF_003095115.1,Bifidobacterium animalis,DS1_2,Contig,1534,0,0,,,0,0,0,0,0,E_no_dlt
GCF_023208135.1,Bifidobacterium longum subsp. infantis,NLS,Complete Genome,2125,0,0,,,0,0,0,0,0,E_no_dlt
GCF_030931315.1,Lactococcus lactis,DRD-10,Chromosome,2169,1,0,,,0,0,0,0,0,D_dltE_absent
GCF_028619365.1,Leuconostoc mesenteroides,IMAU32491,Scaffold,2115,1,1,380,134.9,1,1,1,1,1,A_TM
GCF_009809665.1,Pediococcus pentosaceus,FAM13073,Contig,1989,1,1,367,148.6,1,1,1,1,1,B_SP
GCF_051153515.1,Limosilactobacillus fermentum,BE1101-8-9,Contig,1835,1,0,,,0,0,0,1,1,D_dltE_absent
GCF_013344625.1,Enterococcus faecalis,111540047-1,Complete Genome,2696,1,1,388,180.0,1,1,1,1,0,A_TM
GCF_059845475.1,Enterococcus faecium,VRE_03,Complete Genome,2821,1,1,389,149.6,1,1,1,1,0,A_TM
GCF_028619415.1,Leuconostoc mesenteroides,IMAU32173,Scaffold,2119,1,1,380,134.9,1,1,1,1,1,A_TM
GCF_030931665.1,Lactococcus lactis,DRD-49,Chromosome,2171,1,0,,,0,0,0,0,0,D_dltE_absent
GCF_984574475.1,Lacticaseibacillus paracasei,-,Contig,2953,1,1,385,192.1,1,1,1,1,1,A_TM
GCF_001657495.1,Limosilactobacillus reuteri,CRL 1098,Contig,1887,1,0,,,0,0,0,1,1,D_dltE_absent
GCF_022647825.1,Enterococcus faecium,UAMS_EF58,Complete Genome,2826,1,1,386,130.7,1,1,1,1,0,A_TM
GCF_018257235.1,Levilactobacillus brevis,Dm-2019-10,Scaffold,2526,1,1,392,271.0,1,1,1,1,1,B_SP
GCF_023612035.1,Enterococcus faecalis,M817,Complete Genome,2746,1,1,388,180.2,1,1,1,1,0,A_TM
GCF_003052875.1,Ligilactobacillus salivarius,DS13_12,Contig,1894,1,0,,,0,0,0,1,1,D_dltE_absent
GCF_020785255.1,Limosilactobacillus reuteri,PNG008C_M,Scaffold,1941,1,0,,,0,0,0,1,1,D_dltE_absent
GCF_053255335.1,Bifidobacterium animalis,LHCA25,Contig,1533,0,0,,,0,0,0,0,0,E_no_dlt
GCF_004078565.1,Lacticaseibacillus paracasei,SRCM103424,Contig,2948,1,1,401,198.9,1,1,1,1,1,A_TM
GCF_028328165.1,Pediococcus acidilactici,2217st1_D10_2217SCRN_200827,Scaffold,1994,1,1,382,170.3,1,1,1,0,1,B_SP
GCF_054074965.1,Ligilactobacillus salivarius,BA8,Contig,1889,1,0,,,0,0,0,1,1,D_dltE_absent
GCF_058193835.1,Latilactobacillus sakei,CoH_93_LAB_10,Scaffold,1907,1,1,383,176.0,1,1,1,1,1,B_SP
GCF_027698465.1,Levilactobacillus brevis,AM92-01-1A,Scaffold,2535,1,1,392,272.6,1,1,1,1,1,B_SP
GCF_036620535.1,Pediococcus pentosaceus,MBBL6,Contig,1807,1,1,369,148.3,1,1,1,0,1,A_TM
GCF_039841915.1,Pediococcus acidilactici,2217st1_C7_2217SCRN_200827,Scaffold,1989,1,1,382,170.3,1,1,1,0,1,B_SP
GCF_051153535.1,Limosilactobacillus fermentum,BE1101-8-8,Contig,1834,1,0,,,0,0,0,1,1,D_dltE_absent
GCF_980645615.1,Leuconostoc mesenteroides,-,Contig,2019,1,1,380,134.3,1,1,1,1,1,A_TM
GCF_001281305.1,Bifidobacterium longum subsp. infantis,BT1,Complete Genome,2118,0,0,,,0,0,0,0,0,E_no_dlt
GCF_027690475.1,Bifidobacterium animalis,TF09-6A,Scaffold,1538,0,0,,,0,0,0,0,0,E_no_dlt
GCF_030931275.1,Lactococcus lactis,DRD-23,Chromosome,2125,1,0,,,0,0,0,0,0,D_dltE_absent
GCF_033174725.1,Leuconostoc mesenteroides,com1,Contig,2138,1,1,380,134.9,1,1,1,1,1,A_TM
GCF_022647945.1,Enterococcus faecium,UAMS_EF57,Complete Genome,2829,1,1,386,130.7,1,1,1,1,0,A_TM
GCF_006538665.1,Latilactobacillus sakei,NBRC 3541,Contig,1868,1,1,383,176.0,1,1,1,1,1,B_SP
GCF_003052845.1,Ligilactobacillus salivarius,DS3_12,Contig,1940,1,0,,,0,0,0,1,1,D_dltE_absent
GCF_030931335.1,Lactococcus lactis,DRD-8,Chromosome,2125,1,0,,,0,0,0,0,0,D_dltE_absent
GCF_051154975.1,Limosilactobacillus fermentum,BE1008-6-4b,Contig,1833,1,0,,,0,0,0,1,1,D_dltE_absent
GCF_030984705.1,Pediococcus pentosaceus,Chi8,Scaffold,1676,1,1,367,148.5,1,1,1,0,1,B_SP
GCF_033811895.1,Enterococcus faecalis,ES-3-1,Complete Genome,2742,1,1,388,180.2,1,1,1,1,0,A_TM
GCF_023743515.1,Levilactobacillus brevis,DRD-51,Scaffold,2391,1,1,392,272.9,1,1,1,1,1,B_SP
GCF_020785325.1,Limosilactobacillus reuteri,PNG008A_M,Scaffold,1940,1,0,,,0,0,0,1,1,D_dltE_absent
GCF_026967535.1,Bifidobacterium longum subsp. infantis,Y46,Complete Genome,2071,0,0,,,0,0,0,0,0,E_no_dlt
GCF_965286545.1,Lacticaseibacillus paracasei,E-97949,Contig,3014,1,1,397,163.4,1,1,1,1,1,A_TM
GCF_005864405.1,Pediococcus pentosaceus,FAM 19144,Scaffold,1886,1,1,369,149.7,1,1,1,0,1,A_TM
GCF_965638105.1,Lacticaseibacillus paracasei,E-97949,Contig,3014,1,1,397,163.4,1,1,1,1,1,A_TM
GCF_022648125.1,Enterococcus faecium,UAMS_EF55,Complete Genome,2830,1,1,386,130.7,1,1,1,1,0,A_TM
GCF_023743495.1,Levilactobacillus brevis,DRD-12,Scaffold,2389,1,1,392,272.9,1,1,1,1,1,B_SP
GCF_015102035.1,Bifidobacterium longum subsp. infantis,JCM 11660,Complete Genome,1898,0,0,,,0,0,0,0,0,E_no_dlt
GCF_002553675.1,Pediococcus acidilactici,UMNPBX20,Contig,1930,1,1,382,172.9,1,1,1,0,1,B_SP
GCF_010103655.1,Enterococcus faecalis,JY32,Complete Genome,2711,1,1,388,180.2,1,1,1,1,0,A_TM
GCF_025122155.1,Pediococcus pentosaceus,LBAE C32,Contig,1752,1,1,369,148.3,1,1,1,0,1,A_TM
GCF_964186865.1,Leuconostoc mesenteroides,-,Contig,1975,1,1,380,134.6,1,1,1,1,1,A_TM
GCF_027662985.1,Bifidobacterium animalis,AM04S-57,Scaffold,1536,0,0,,,0,0,0,0,0,E_no_dlt
GCF_020785355.1,Limosilactobacillus reuteri,PB-W1,Scaffold,1941,1,0,,,0,0,0,1,1,D_dltE_absent
GCF_001051015.2,Bifidobacterium longum subsp. infantis,CECT 7210,Complete Genome,1992,0,0,,,0,0,0,0,0,E_no_dlt
GCF_059696715.1,Enterococcus faecium,SMVRE20,Complete Genome,2759,1,1,386,135.4,1,1,1,1,0,A_TM
GCF_001593065.1,Latilactobacillus sakei,FBL1,Contig,1963,1,1,383,176.0,1,1,1,1,1,B_SP
GCF_024125465.1,Ligilactobacillus salivarius,B27-2,Contig,1739,1,0,,,0,0,0,1,1,D_dltE_absent
GCF_051388235.1,Latilactobacillus sakei,QJLYJ4L4,Contig,1898,1,1,383,176.0,1,1,1,1,1,B_SP
GCF_020785415.1,Limosilactobacillus reuteri,PNG008_48h,Scaffold,1947,1,0,,,0,0,0,1,1,D_dltE_absent
GCF_051152875.1,Limosilactobacillus fermentum,BE1107-8-11,Contig,1851,1,0,,,0,0,0,1,1,D_dltE_absent
GCF_036697715.1,Pediococcus acidilactici,DY106,Contig,1835,1,1,382,169.9,1,1,1,0,1,B_SP
GCF_900099625.1,Lactococcus lactis,ATCC 19435,Scaffold,2414,1,0,,,0,0,0,0,0,D_dltE_absent
GCF_009870255.1,Ligilactobacillus salivarius,FXJCJ23M1,Contig,1853,1,0,,,0,0,0,1,1,D_dltE_absent
GCF_001437565.1,Lactococcus lactis,LMG 7760,Scaffold,2121,1,0,,,0,0,0,0,0,D_dltE_absent
GCF_006538265.1,Bifidobacterium animalis,J218,Scaffold,1535,0,0,,,0,0,0,0,0,E_no_dlt
GCF_053117585.1,Enterococcus faecalis,5410,Complete Genome,2759,1,1,388,180.2,1,1,1,1,0,A_TM
GCF_024355365.1,Pediococcus acidilactici,ACB28,Contig,1899,1,1,382,172.9,1,1,1,0,1,B_SP
GCF_022212865.1,Enterococcus faecalis,143-1,Complete Genome,2844,1,1,388,180.2,1,1,1,1,0,A_TM
GCF_978043255.1,Limosilactobacillus fermentum,-,Contig,1907,1,0,,,0,0,0,1,1,D_dltE_absent
GCF_052064955.1,Lacticaseibacillus paracasei,CNCM I-1572,Contig,2821,1,1,385,190.6,1,1,1,1,1,A_TM
GCF_003094875.1,Bifidobacterium animalis,DS15_2,Contig,1535,0,0,,,0,0,0,0,0,E_no_dlt
GCF_042657205.1,Lacticaseibacillus paracasei,L45,Contig,2870,1,1,385,192.1,1,1,1,1,1,A_TM
GCF_925279105.1,Levilactobacillus brevis,-,Contig,2353,1,1,392,271.4,1,1,1,1,1,B_SP
GCF_049205215.1,Latilactobacillus sakei,IATA088,Contig,1876,1,1,383,176.0,1,1,1,1,1,B_SP
GCF_018916925.1,Levilactobacillus brevis,N38,Contig,2445,1,1,392,271.4,1,1,1,1,1,B_SP
GCF_015613785.1,Pediococcus pentosaceus,FAM 24211,Scaffold,1844,1,1,374,161.6,1,1,1,0,1,B_SP
GCF_028619975.1,Leuconostoc mesenteroides,IMAU80236,Scaffold,2042,1,1,380,134.6,1,1,1,1,1,A_TM
GCF_015613265.1,Pediococcus pentosaceus,DSM 46292,Scaffold,1836,1,1,380,159.4,1,1,1,0,1,A_TM
GCF_014898135.1,Bifidobacterium longum subsp. infantis,KCTC 5934,Complete Genome,1888,0,0,,,0,0,0,0,0,E_no_dlt
GCF_053154045.1,Enterococcus faecium,Ch-Efm44,Complete Genome,2779,1,1,386,130.7,1,1,1,1,0,A_TM
GCF_040711965.1,Bifidobacterium longum subsp. suillum,DK001B-1,Complete Genome,1913,0,0,,,0,0,0,0,0,E_no_dlt
GCF_051157095.1,Limosilactobacillus fermentum,BE090929-6-44,Contig,1875,1,0,,,0,0,0,1,1,D_dltE_absent
GCF_020785335.1,Limosilactobacillus reuteri,PNG008_ANA,Scaffold,1970,1,0,,,0,0,0,1,1,D_dltE_absent
GCF_051155435.1,Limosilactobacillus fermentum,BE1003-8-28,Contig,1853,1,0,,,0,0,0,1,1,D_dltE_absent
GCF_033842965.1,Lactococcus lactis subsp. lactis,ATCC 19435,Contig,2477,1,0,,,0,0,0,0,0,D_dltE_absent
GCF_010206285.1,Limosilactobacillus reuteri,MD207,Contig,1837,1,0,,,0,0,0,1,0,D_dltE_absent
GCF_022832495.1,Leuconostoc mesenteroides,SCB2313,Scaffold,2102,1,1,380,134.9,1,1,1,1,1,A_TM
GCF_030517355.1,Enterococcus faecalis,EfsPF27,Complete Genome,2763,1,1,388,178.2,1,1,1,1,0,A_TM
GCF_009863835.1,Ligilactobacillus salivarius,FCQHC8_L1,Scaffold,1828,1,0,,,0,0,0,1,1,D_dltE_absent
GCF_016406605.1,Enterococcus faecium,Dallas 93_2,Complete Genome,2777,1,1,386,130.7,1,1,1,1,0,A_TM
GCF_031461095.1,Lacticaseibacillus paracasei,KCKM 0992,Contig,2966,1,1,385,191.2,1,1,1,1,1,A_TM
GCF_013249075.1,Levilactobacillus brevis,BIO5542,Contig,2250,1,1,392,271.4,1,1,1,1,1,B_SP
GCF_049444895.1,Ligilactobacillus salivarius,TM1,Contig,1888,1,0,,,0,0,0,1,1,D_dltE_absent
GCF_011009715.1,Pediococcus acidilactici,F7,Contig,1959,1,1,382,174.4,1,1,1,0,1,B_SP
GCF_009808085.1,Pediococcus pentosaceus,FAM19169,Contig,1872,1,1,367,148.6,1,1,1,0,1,B_SP
GCF_011009695.1,Pediococcus acidilactici,E24,Contig,1888,1,1,382,174.4,1,1,1,0,1,B_SP
GCF_009808845.1,Pediococcus pentosaceus,FAM18813,Scaffold,1959,1,1,367,148.6,1,1,1,0,1,B_SP
GCF_964186955.1,Leuconostoc mesenteroides,-,Contig,1980,1,1,380,134.6,1,1,1,1,1,A_TM
GCF_055408245.1,Leuconostoc mesenteroides,B511,Contig,1785,1,1,380,134.3,1,1,1,1,1,A_TM
GCF_004167905.1,Bifidobacterium animalis,co_0103,Contig,1538,0,0,,,0,0,0,0,0,E_no_dlt
GCF_000008945.1,Bifidobacterium longum DJO10A,DJO10A,Complete Genome,1884,0,0,,,0,0,0,0,0,E_no_dlt
GCF_015999405.1,Enterococcus faecium,VRE3389,Complete Genome,2829,1,1,389,149.6,1,1,1,1,0,A_TM
GCF_051155415.1,Limosilactobacillus fermentum,BE1003-8-36,Contig,1888,1,0,,,0,0,0,1,1,D_dltE_absent
GCF_001981825.1,Latilactobacillus sakei,RI-404,Scaffold,1908,1,1,383,176.0,1,1,1,1,1,B_SP
GCF_016415445.1,Enterococcus faecium,Dallas 137,Complete Genome,2741,1,1,386,132.7,1,1,1,1,0,A_TM
GCF_020785475.1,Limosilactobacillus reuteri,PNG008_24h,Scaffold,1941,1,0,,,0,0,0,1,1,D_dltE_absent
GCF_000007525.1,Bifidobacterium longum NCC2705,NCC2705,Complete Genome,1773,0,0,,,0,0,0,0,0,E_no_dlt
GCF_004354485.1,Lactococcus lactis subsp. lactis,ATCC 19435,Scaffold,2477,1,0,,,0,0,0,0,0,D_dltE_absent
GCF_030226325.1,Limosilactobacillus reuteri,UMB5704,Contig,2072,1,0,,,0,0,0,1,1,D_dltE_absent
GCF_002079625.1,Ligilactobacillus salivarius,CCuG47826,Scaffold,1871,1,0,,,0,0,0,1,1,D_dltE_absent
GCF_051153715.1,Limosilactobacillus fermentum,BE1101-8-2,Contig,1829,1,0,,,0,0,0,1,1,D_dltE_absent
GCF_023375525.1,Enterococcus faecalis,705,Complete Genome,2700,1,1,388,180.2,1,1,1,1,0,A_TM
GCF_027680645.1,Ligilactobacillus salivarius,AF71-03pH5A,Scaffold,1796,1,0,,,0,0,0,1,1,D_dltE_absent
GCF_028328175.1,Pediococcus acidilactici,BSD3448080978st1_B8_BSD3448080978_160613,Scaffold,1854,1,1,382,174.0,1,1,1,0,1,B_SP
GCF_000835975.1,Lactococcus lactis subsp. lactis,JCM 5805,Contig,2460,1,0,,,0,0,0,0,0,D_dltE_absent
GCF_056782275.1,Lacticaseibacillus paracasei,DA-14M-4,Contig,2862,1,1,385,190.6,1,1,1,1,1,A_TM
GCF_978041905.1,Pediococcus acidilactici,-,Contig,1924,1,1,379,172.9,1,1,1,0,1,B_SP
GCF_003095075.1,Bifidobacterium animalis,DS2_2,Contig,1532,0,0,,,0,0,0,0,0,E_no_dlt
GCF_003030425.1,Enterococcus faecalis,FDAARGOS_324,Complete Genome,2891,1,1,388,180.2,1,1,1,1,0,A_TM
GCF_001540905.1,Levilactobacillus brevis,Lb1595,Contig,2385,1,1,392,270.1,1,1,1,1,1,B_SP
GCF_009807935.1,Pediococcus acidilactici,FAM19152,Contig,1917,1,1,382,174.0,1,1,1,0,1,B_SP
GCF_051388495.1,Latilactobacillus sakei,FJLHD1M1,Contig,1952,1,1,383,176.0,1,1,1,1,1,B_SP
GCF_047785155.1,Lacticaseibacillus paracasei,SRCM212209,Contig,2910,1,1,385,191.2,1,1,1,1,1,A_TM
GCF_035321745.1,Pediococcus pentosaceus,E3,Contig,1724,1,1,369,148.3,1,1,1,0,1,A_TM
GCF_006538245.1,Bifidobacterium animalis,J063,Scaffold,1534,0,0,,,0,0,0,0,0,E_no_dlt
GCF_039544895.1,Lactococcus lactis subsp. lactis,NBRC 100933,Contig,2465,1,0,,,0,0,0,0,0,D_dltE_absent
GCF_057376835.1,Levilactobacillus brevis,UNCP-T6M32,Contig,2329,1,1,392,271.4,1,1,1,1,1,B_SP
GCF_051388215.1,Latilactobacillus sakei,QJSSZ1L4,Contig,1842,1,1,383,176.0,1,1,1,1,1,B_SP
GCF_900312985.1,Leuconostoc mesenteroides,CECT 9266,Contig,2074,1,1,380,134.3,1,1,1,1,1,A_TM
GCF_023702145.1,Enterococcus faecalis,CQ025,Complete Genome,2909,1,1,388,180.2,1,1,1,1,0,A_TM
GCF_023743315.1,Pediococcus pentosaceus,DRD-42,Scaffold,1578,1,1,374,160.1,1,1,1,0,1,B_SP
GCF_051158035.1,Limosilactobacillus fermentum,BE090929-5-44,Contig,1874,1,0,,,0,0,0,1,1,D_dltE_absent
GCF_025728245.1,Leuconostoc mesenteroides,ML1,Contig,1905,1,1,380,134.6,1,1,1,1,1,A_TM
GCF_982235605.1,Lacticaseibacillus paracasei,-,Contig,2872,1,1,385,191.2,1,1,1,1,1,A_TM
GCF_000166315.1,Bifidobacterium longum subsp. longum BBMN68,BBMN68,Complete Genome,1769,0,0,,,0,0,0,0,0,E_no_dlt
GCF_017815655.1,Enterococcus faecium,VB12993,Complete Genome,2793,1,1,386,130.7,1,1,1,1,0,A_TM
GCF_002254085.1,Limosilactobacillus reuteri,105k,Scaffold,2041,1,0,,,0,0,0,1,1,D_dltE_absent
GCF_023743375.1,Levilactobacillus brevis,DRD-59,Scaffold,2385,1,1,392,272.9,1,1,1,1,1,B_SP
GCF_051156775.1,Limosilactobacillus fermentum,BE091009-8-1,Contig,1907,1,0,,,0,0,0,1,1,D_dltE_absent
GCF_055193835.1,Limosilactobacillus reuteri,LC7,Scaffold,2077,1,0,,,0,0,0,1,1,D_dltE_absent
GCF_056863945.1,Ligilactobacillus salivarius,PRS-119,Scaffold,1882,1,0,,,0,0,0,1,1,D_dltE_absent
GCF_009075825.1,Bifidobacterium animalis,BIOML-A3,Scaffold,1539,0,0,,,0,0,0,0,0,E_no_dlt
GCF_001456385.1,Lactococcus lactis subsp. lactis,ATCC 19435,Contig,2467,1,0,,,0,0,0,0,0,D_dltE_absent
GCF_009863375.1,Ligilactobacillus salivarius,FWXBH18_5,Contig,1932,1,0,,,0,0,0,1,1,D_dltE_absent
GCF_009808975.1,Pediococcus acidilactici,FAM19150,Contig,1916,1,1,382,174.0,1,1,1,0,1,B_SP
GCF_051388415.1,Latilactobacillus sakei,QYNXSBNJH59L1,Contig,1899,1,1,383,176.0,1,1,1,1,1,B_SP
GCF_053117705.1,Enterococcus faecalis,2819,Complete Genome,2852,1,1,388,180.2,1,1,1,1,0,A_TM
GCF_053759625.1,Pediococcus acidilactici,1524-02,Contig,1876,1,1,382,170.3,1,1,1,0,1,B_SP
GCF_030511705.1,Bifidobacterium animalis,ZK-77,Contig,1541,0,0,,,0,0,0,0,0,E_no_dlt
GCF_980645635.1,Leuconostoc mesenteroides,-,Contig,1993,1,1,380,134.6,1,1,1,1,1,A_TM
GCF_982235585.1,Lacticaseibacillus paracasei,-,Contig,3001,1,1,401,197.1,1,1,1,1,1,A_TM
GCF_027663025.1,Bifidobacterium animalis,AM04S-56,Scaffold,1531,0,0,,,0,0,0,0,0,E_no_dlt
GCF_051388615.1,Latilactobacillus sakei,JXJ41,Contig,2004,1,1,383,176.0,1,1,1,1,1,B_SP
GCF_026073625.1,Enterococcus faecium,GK923,Complete Genome,2820,1,1,389,150.1,1,1,1,1,0,A_TM
GCF_018257295.1,Levilactobacillus brevis,Dm-2019-57,Scaffold,2624,1,1,392,271.0,1,1,1,1,1,B_SP
GCF_051388455.1,Latilactobacillus sakei,GD179,Contig,1823,1,1,383,176.0,1,1,1,1,1,B_SP
GCF_049629845.1,Leuconostoc mesenteroides,62-9,Contig,1967,1,1,380,134.0,1,1,1,1,1,A_TM
GCF_020785145.1,Limosilactobacillus reuteri,BHM_Thaddeus_2_1,Scaffold,2151,1,0,,,0,0,0,1,1,D_dltE_absent
GCF_009808815.1,Pediococcus pentosaceus,FAM20650,Scaffold,1768,1,1,374,152.8,1,1,1,0,1,B_SP
GCF_052943175.1,Leuconostoc mesenteroides,TMW 2.2588,Contig,2188,1,1,380,137.2,1,1,1,1,1,A_TM
GCF_022749455.1,Enterococcus faecium,NY13320,Complete Genome,2780,1,1,386,132.7,1,1,1,1,0,A_TM
GCF_009863805.1,Ligilactobacillus salivarius,FGDLZ35_2.scaf,Scaffold,1775,1,0,,,0,0,0,1,1,D_dltE_absent
GCF_050308145.1,Bifidobacterium longum subsp. suis,Bg131.S11_17.F6,Complete Genome,1972,0,0,,,0,0,0,0,0,E_no_dlt
GCF_026073915.1,Enterococcus faecium,GK961,Complete Genome,2792,1,1,389,149.6,1,1,1,1,0,A_TM
GCF_011009765.1,Limosilactobacillus reuteri,D4,Contig,1801,1,0,,,0,0,0,1,1,D_dltE_absent
GCF_006538285.1,Bifidobacterium animalis,J231,Contig,1524,0,0,,,0,0,0,0,0,E_no_dlt
GCF_051158935.1,Limosilactobacillus fermentum,BE0315-25,Contig,1869,1,0,,,0,0,0,1,1,D_dltE_absent
GCF_060344645.1,Enterococcus faecalis,LBMCM3143,Complete Genome,2846,1,1,388,179.7,1,1,1,1,0,A_TM
GCF_053117695.1,Enterococcus faecalis,4153,Complete Genome,2774,1,1,388,180.2,1,1,1,1,0,A_TM
GCF_901830485.1,Latilactobacillus sakei,-,Contig,1944,1,1,383,174.3,1,1,1,1,1,B_SP
GCF_008692945.1,Lactococcus lactis subsp. hordniae,CCUG 32210T,Contig,2279,1,0,,,0,0,0,0,0,D_dltE_absent
GCF_041167765.1,Lacticaseibacillus paracasei,CHEE96,Contig,2700,1,1,385,192.1,1,1,1,1,1,A_TM
GCF_024125225.1,Lacticaseibacillus paracasei,NB2B-AER-MRS-02,Contig,2559,1,1,385,190.6,1,1,1,1,1,A_TM
GCF_000772485.1,Bifidobacterium longum subsp. longum GT15,GT15,Complete Genome,1833,0,0,,,0,0,0,0,0,E_no_dlt
GCF_002254165.1,Limosilactobacillus reuteri,105c,Scaffold,2032,1,0,,,0,0,0,1,1,D_dltE_absent
GCF_051153015.1,Levilactobacillus brevis,BE1107-5-40,Contig,2334,1,1,392,271.4,1,1,1,1,1,B_SP
GCF_051153035.1,Levilactobacillus brevis,BE1107-5-35,Contig,2295,1,1,392,271.4,1,1,1,1,1,B_SP
GCF_026073115.1,Enterococcus faecium,JHP9,Complete Genome,2967,1,1,386,130.7,1,1,1,1,0,A_TM
GCF_009863485.1,Ligilactobacillus salivarius,FJSWX10_2,Scaffold,1873,1,0,,,0,0,0,1,1,D_dltE_absent
GCF_036907415.1,Pediococcus pentosaceus,QMA-03G,Contig,1771,1,1,369,148.3,1,1,1,0,1,A_TM
GCF_038751785.1,Pediococcus pentosaceus,QMA-24BC,Contig,1766,1,1,369,148.3,1,1,1,0,1,A_TM
GCF_002441815.1,Lactococcus lactis subsp. lactis,ATCC 19435,Contig,2376,1,0,,,0,0,0,0,0,D_dltE_absent
GCF_004099815.1,Pediococcus acidilactici,L2-A,Scaffold,1800,1,1,382,177.4,1,1,1,0,1,B_SP
GCF_000196575.1,Bifidobacterium longum subsp. infantis 157F,157F,Complete Genome,1921,0,0,,,0,0,0,0,0,E_no_dlt
GCF_000219455.1,Bifidobacterium longum subsp. longum KACC 91563,KACC 91563,Complete Genome,1866,0,0,,,0,0,0,0,0,E_no_dlt
GCF_032680925.1,Enterococcus faecalis,ES-1348,Complete Genome,2775,1,1,388,180.2,1,1,1,1,0,A_TM
GCF_910574665.1,Bifidobacterium animalis,-,Contig,1728,0,0,,,0,0,0,0,0,E_no_dlt
GCF_001368755.1,Limosilactobacillus fermentum,222,Contig,1852,1,0,,,0,0,0,1,1,D_dltE_absent
GCF_027686025.1,Limosilactobacillus fermentum,AF11-14H,Scaffold,1844,1,0,,,0,0,0,1,1,D_dltE_absent
GCF_003795255.1,Lacticaseibacillus paracasei,JS1,Contig,2625,1,1,385,192.1,1,1,1,1,1,A_TM
GCF_040909445.1,Latilactobacillus sakei,RTP21359st1_H1_RTP21359_211015,Scaffold,1957,1,1,383,176.0,1,1,1,1,1,B_SP
GCF_026073735.1,Enterococcus faecium,GK941,Complete Genome,2789,1,1,389,149.6,1,1,1,1,0,A_TM
GCF_964186965.1,Leuconostoc mesenteroides,-,Contig,1965,1,1,380,134.3,1,1,1,1,1,A_TM
GCF_057376925.1,Levilactobacillus brevis,UNCP-C3M20,Contig,2373,1,1,392,271.4,1,1,1,1,1,B_SP
GCF_003053005.1,Limosilactobacillus reuteri,DS12_10,Contig,2005,1,0,,,0,0,0,1,1,D_dltE_absent
GCF_020785945.1,Limosilactobacillus reuteri,11A,Scaffold,2244,1,0,,,0,0,0,1,1,D_dltE_absent
GCF_054054125.1,Lactococcus lactis subsp. hordniae,SS1826,Contig,2223,1,0,,,0,0,0,0,0,D_dltE_absent
GCF_015613145.1,Pediococcus pentosaceus,LMG 13560,Scaffold,1796,1,1,367,150.6,1,1,1,0,1,B_SP
GCF_009865755.1,Ligilactobacillus salivarius,NT33_2,Contig,1875,1,0,,,0,0,0,1,1,D_dltE_absent
GCF_048452685.1,Ligilactobacillus salivarius,BH1-7,Contig,1984,1,0,,,0,0,0,1,1,D_dltE_absent
GCF_060344665.1,Enterococcus faecalis,LBMCM3148,Complete Genome,2846,1,1,388,179.7,1,1,1,1,0,A_TM
GCF_000092325.1,Bifidobacterium longum subsp. longum JDM301,JDM301,Complete Genome,1942,0,0,,,0,0,0,0,0,E_no_dlt
GCF_051153295.1,Levilactobacillus brevis,BE1103-5-9,Contig,2368,1,1,392,271.4,1,1,1,1,1,B_SP
GCF_009808145.1,Pediococcus acidilactici,FAM18964,Contig,1971,1,1,382,174.0,1,1,1,0,1,B_SP
GCF_004078555.1,Lacticaseibacillus paracasei,SRCM103410,Contig,2516,1,1,385,191.2,1,1,1,1,1,A_TM
GCF_051153835.1,Limosilactobacillus fermentum,BE1101-7-2,Contig,1930,1,0,,,0,0,0,1,1,D_dltE_absent
GCF_038996085.1,Pediococcus pentosaceus,QMA-27BC,Contig,1871,1,1,369,148.3,1,1,1,0,1,A_TM
GCF_027659815.1,Bifidobacterium animalis,AM102-56,Scaffold,1534,0,0,,,0,0,0,0,0,E_no_dlt
GCF_051153215.1,Levilactobacillus brevis,BE1103-6-17,Contig,2327,1,1,392,271.4,1,1,1,1,1,B_SP
GCF_001514475.1,Lactococcus lactis subsp. lactis JCM 5805 = NBRC 100933,NBRC 100933,Contig,2474,1,0,,,0,0,0,0,0,D_dltE_absent
GCF_980647795.1,Leuconostoc mesenteroides,-,Contig,1973,1,1,380,134.6,1,1,1,1,1,A_TM
GCF_052409235.1,Pediococcus pentosaceus,TPM 16.9,Contig,1746,1,1,369,148.3,1,1,1,0,1,A_TM
GCF_965136445.1,Latilactobacillus sakei,CIP110932,Scaffold,1834,1,1,383,174.8,1,1,1,1,1,B_SP
GCF_040924775.1,Ligilactobacillus salivarius,1001295st1_D6_RTP21277_210401,Scaffold,1844,1,0,,,0,0,0,1,1,D_dltE_absent
GCF_059815505.1,Enterococcus faecium,EFA_30_full,Complete Genome,2759,1,1,389,149.6,1,1,1,1,0,A_TM
GCF_045287105.1,Bifidobacterium longum,YGMCC0550,Chromosome,2239,0,0,,,0,0,0,0,0,E_no_dlt
GCF_023743995.1,Leuconostoc mesenteroides,DRD-30,Scaffold,1946,1,1,380,134.3,1,1,1,1,1,A_TM
GCF_004099675.1,Pediococcus acidilactici,L8-A,Scaffold,1797,1,1,382,177.4,1,1,1,0,1,B_SP
GCF_001591725.1,Lactococcus lactis subsp. hordniae NBRC 100931,NBRC 100931,Contig,2292,1,0,,,0,0,0,0,0,D_dltE_absent
GCF_020784375.1,Limosilactobacillus reuteri,R.n.2-A,Scaffold,2174,1,0,,,0,0,0,1,1,D_dltE_absent
GCF_045348465.1,Enterococcus faecalis,EF9594,Complete Genome,2816,1,1,388,180.2,1,1,1,1,0,A_TM
GCF_027659385.1,Bifidobacterium animalis,AM104-33,Scaffold,1532,0,0,,,0,0,0,0,0,E_no_dlt
GCF_051157235.1,Limosilactobacillus fermentum,BE090929-6-34,Contig,1870,1,0,,,0,0,0,1,1,D_dltE_absent
GCF_009863915.1,Ligilactobacillus salivarius,E6_1,Contig,1871,1,0,,,0,0,0,1,1,D_dltE_absent
GCF_051388255.1,Latilactobacillus sakei,QJSSZ4L10,Contig,2034,1,1,383,176.0,1,1,1,1,1,B_SP
GCF_003712905.1,Lacticaseibacillus paracasei,FAM3228,Contig,2822,1,1,385,192.1,1,1,1,1,1,A_TM
GCF_009865865.1,Ligilactobacillus salivarius,FZJTZ9M6.scaf,Scaffold,1907,1,0,,,0,0,0,1,1,D_dltE_absent
GCF_020539305.1,Pediococcus acidilactici,MSK.2.77,Contig,1826,1,1,382,170.3,1,1,1,0,1,B_SP
GCF_004745755.1,Leuconostoc mesenteroides,B5,Contig,2078,1,1,380,134.5,1,1,1,1,1,A_TM
GCF_051153395.1,Levilactobacillus brevis,BE1103-5-8,Contig,2368,1,1,392,271.4,1,1,1,1,1,B_SP
GCF_018448735.1,Pediococcus acidilactici,LSF1-1,Contig,2044,1,1,382,174.0,1,1,1,0,1,B_SP
GCF_009075805.1,Bifidobacterium animalis,BIOML-A2,Scaffold,1535,0,0,,,0,0,0,0,0,E_no_dlt
GCF_900639565.1,Enterococcus faecium,-,Complete Genome,2796,1,1,389,149.6,1,1,1,1,0,A_TM
GCF_025122005.1,Pediococcus pentosaceus,LBAE K10,Contig,1748,1,1,369,148.3,1,1,1,0,1,A_TM
GCF_027659965.1,Bifidobacterium animalis,AM102-37,Scaffold,1535,0,0,,,0,0,0,0,0,E_no_dlt
GCF_058193055.1,Latilactobacillus sakei,RP_BS_1_TC_02,Scaffold,2248,1,1,383,176.0,1,1,1,1,1,B_SP
GCF_042650765.1,Lactococcus lactis subsp. hordniae,JCM 1180,Contig,2264,1,0,,,0,0,0,0,0,D_dltE_absent
GCF_033170275.1,Bifidobacterium longum,YGMCC0410,Chromosome,1970,0,0,,,0,0,0,0,0,E_no_dlt
GCF_048054335.1,Latilactobacillus sakei,TMW 1.23,Contig,1882,1,1,383,174.3,1,1,1,1,1,B_SP
GCF_048657185.1,Leuconostoc mesenteroides,CAE-16,Scaffold,1981,1,1,380,134.3,1,1,1,1,1,A_TM
GCF_053153975.1,Enterococcus faecalis,D1,Complete Genome,2944,1,1,388,180.2,1,1,1,1,0,A_TM
GCF_003464285.1,Limosilactobacillus fermentum,AF15-40LB,Scaffold,1879,1,0,,,0,0,0,1,1,D_dltE_absent
GCF_018991785.1,Leuconostoc mesenteroides,1.2.47,Contig,2039,1,1,380,134.6,1,1,1,1,1,A_TM
GCF_016415365.1,Enterococcus faecium,Dallas 124_3,Complete Genome,2761,1,1,389,149.6,1,1,1,1,0,A_TM
GCF_054850495.1,Lacticaseibacillus paracasei,SRCM221607,Contig,2573,1,1,401,198.9,1,1,1,1,1,A_TM
GCF_053581245.1,Lactococcus lactis,FUA3685,Contig,2599,1,0,,,0,0,0,0,0,D_dltE_absent
GCF_900639445.1,Enterococcus faecium,-,Complete Genome,2765,1,1,389,149.6,1,1,1,1,0,A_TM
GCF_020784465.1,Limosilactobacillus reuteri,R.n.3-A,Scaffold,2166,1,0,,,0,0,0,1,1,D_dltE_absent
GCF_028328205.1,Pediococcus acidilactici,BSD3448080978st1_A4_BSD3448080978_160613,Scaffold,1855,1,1,382,174.0,1,1,1,0,1,B_SP
GCF_025958125.1,Enterococcus faecalis,BE43,Complete Genome,2757,1,1,388,180.2,1,1,1,1,0,A_TM
GCF_020784435.1,Limosilactobacillus reuteri,R.n.1-B,Scaffold,2197,1,0,,,0,0,0,1,1,D_dltE_absent
GCF_009866085.1,Ligilactobacillus salivarius,FXJWS6M4_2,Scaffold,1883,1,0,,,0,0,0,1,1,D_dltE_absent
GCF_009077835.1,Bifidobacterium animalis,BIOML-A1,Scaffold,1535,0,0,,,0,0,0,0,0,E_no_dlt
GCF_036863755.1,Lacticaseibacillus paracasei,B-50314,Contig,2711,1,1,401,198.9,1,1,1,1,1,A_TM
GCF_009863815.1,Ligilactobacillus salivarius,FCQNA25M6,Scaffold,1939,1,0,,,0,0,0,1,1,D_dltE_absent
GCF_020539325.1,Pediococcus acidilactici,MSK.2.62,Contig,1844,1,1,382,170.3,1,1,1,0,1,B_SP
GCF_051388575.1,Latilactobacillus sakei,FJLHD26M6,Contig,1935,1,1,383,176.0,1,1,1,1,1,B_SP
GCF_051155555.1,Levilactobacillus brevis,BE1003-5-42,Contig,2368,1,1,392,271.4,1,1,1,1,1,B_SP
GCF_020539365.1,Pediococcus acidilactici,MSK.2.27,Contig,1832,1,1,382,170.3,1,1,1,0,1,B_SP
GCF_059112725.1,Lactococcus lactis,FUA3684,Contig,2583,1,0,,,0,0,0,0,0,D_dltE_absent
GCF_021228615.1,Enterococcus faecium,NMVRE-001,Complete Genome,2754,1,1,386,130.7,1,1,1,1,0,A_TM
GCF_025122175.1,Pediococcus pentosaceus,LBAE C15,Contig,1751,1,1,369,148.3,1,1,1,0,1,A_TM
GCF_056357135.1,Bifidobacterium animalis,LH_405,Contig,1528,0,0,,,0,0,0,0,0,E_no_dlt
GCF_025958825.1,Enterococcus faecalis,BE15,Complete Genome,2749,1,1,388,180.2,1,1,1,1,0,A_TM
GCF_024622285.1,Limosilactobacillus reuteri,DSM 28673,Contig,1920,1,0,,,0,0,0,1,1,D_dltE_absent
GCF_004099995.1,Latilactobacillus sakei,L15,Scaffold,1948,1,1,383,174.8,1,1,1,1,1,B_SP
GCF_900103055.1,Bifidobacterium longum,Su859,Chromosome,1898,0,0,,,0,0,0,0,0,E_no_dlt
GCF_965213315.1,Lacticaseibacillus paracasei,-,Contig,2601,1,1,385,189.4,1,1,1,1,1,A_TM
GCF_045689695.1,Bifidobacterium longum,NCC 5000 2951181949(IMG),Chromosome,1994,0,0,,,0,0,0,0,0,E_no_dlt
GCF_014060975.1,Leuconostoc mesenteroides,SG315,Scaffold,2037,1,1,380,134.6,1,1,1,1,1,A_TM
GCF_051157055.1,Limosilactobacillus fermentum,BE090929-6-46,Contig,1980,1,0,,,0,0,0,1,1,D_dltE_absent
GCF_907163255.1,Enterococcus faecium,AUS2001,Complete Genome,2800,1,1,389,149.6,1,1,1,1,0,A_TM
GCF_978042525.1,Limosilactobacillus fermentum,-,Contig,1805,1,0,,,0,0,0,1,1,D_dltE_absent
GCF_051153275.1,Levilactobacillus brevis,BE1103-6-14,Contig,2346,1,1,392,271.4,1,1,1,1,1,B_SP
GCF_027691665.1,Ligilactobacillus salivarius,OM13-15MHA,Scaffold,1814,1,0,,,0,0,0,1,1,D_dltE_absent
GCF_009649565.1,Limosilactobacillus reuteri,Lr4020,Contig,2119,1,0,,,0,0,0,1,1,D_dltE_absent
GCF_002441785.1,Lactococcus lactis subsp. hordniae,DSM 20450,Contig,2254,1,0,,,0,0,0,0,0,D_dltE_absent
GCF_002254175.1,Limosilactobacillus reuteri,105d,Scaffold,2034,1,0,,,0,0,0,1,1,D_dltE_absent
GCF_020539925.1,Pediococcus acidilactici,MSK.2.86,Contig,1825,1,1,382,170.3,1,1,1,0,1,B_SP
GCF_025188145.1,Pediococcus pentosaceus,CIRM-BIA 1701,Contig,1643,1,1,369,147.8,1,1,1,0,1,A_TM
GCF_050427565.1,Enterococcus faecalis,Efa-W2,Complete Genome,2786,1,1,388,180.2,1,1,1,1,0,A_TM
GCF_039612535.1,Ligilactobacillus salivarius,B60,Contig,1808,1,0,,,0,0,0,1,1,D_dltE_absent
GCF_003712355.1,Lacticaseibacillus paracasei,FAM18101,Contig,2375,1,1,401,199.0,1,1,1,1,1,A_TM
GCF_032463605.1,Bifidobacterium longum,YGMCC0008,Chromosome,1857,0,0,,,0,0,0,0,0,E_no_dlt
GCF_003712295.1,Lacticaseibacillus paracasei,FAM18099,Contig,2548,1,1,397,163.4,1,1,1,1,1,A_TM
GCF_020539885.1,Pediococcus acidilactici,MSK.2.97,Contig,1831,1,1,382,170.3,1,1,1,0,1,B_SP
GCF_020532035.1,Levilactobacillus brevis,ASK-1,Contig,2240,1,1,392,271.4,1,1,1,1,1,B_SP
GCF_051158395.1,Limosilactobacillus fermentum,BE090929-5-30,Contig,1927,1,0,,,0,0,0,1,1,D_dltE_absent
GCF_051153415.1,Levilactobacillus brevis,BE1103-5-27,Contig,2350,1,1,392,271.4,1,1,1,1,1,B_SP
GCF_052121655.1,Bifidobacterium animalis,LCP19S3_C3,Contig,1590,0,0,,,0,0,0,0,0,E_no_dlt
GCF_025395125.1,Leuconostoc mesenteroides,684,Contig,1957,1,1,380,132.3,1,1,1,1,1,A_TM
GCF_025122025.1,Pediococcus pentosaceus,LBAE G23,Contig,1750,1,1,369,148.3,1,1,1,0,1,A_TM
GCF_032464735.1,Lactococcus lactis,KF146,Contig,2416,1,0,,,0,0,0,0,0,D_dltE_absent
GCF_003413685.1,Latilactobacillus sakei,TMW 1.411,Contig,1899,1,1,383,175.0,1,1,1,1,1,B_SP
GCF_005886655.1,Enterococcus faecium,UAMSEF_08,Complete Genome,2758,1,1,386,130.7,1,1,1,1,0,A_TM
GCF_045287175.1,Bifidobacterium longum,YGMCC0510,Chromosome,1881,0,0,,,0,0,0,0,0,E_no_dlt
GCF_028335345.1,Enterococcus faecalis,K190-1,Complete Genome,2827,1,1,388,180.2,1,1,1,1,0,A_TM
GCF_025770495.1,Pediococcus pentosaceus,7.2.43,Contig,1808,1,1,369,148.3,1,1,1,1,1,A_TM
GCF_024622315.1,Limosilactobacillus reuteri,DSM 100191,Contig,1918,1,0,,,0,0,0,1,1,D_dltE_absent
GCF_022509335.1,Limosilactobacillus fermentum,QAULFN62,Scaffold,1880,1,0,,,0,0,0,1,1,D_dltE_absent
GCF_002254105.1,Limosilactobacillus reuteri,105n,Scaffold,2043,1,0,,,0,0,0,1,1,D_dltE_absent
GCF_045273095.1,Bifidobacterium longum,MRD1071,Chromosome,1746,0,0,,,0,0,0,0,0,E_no_dlt
GCF_009863295.1,Ligilactobacillus salivarius,FWXBH2_2,Scaffold,1796,1,0,,,0,0,0,1,1,D_dltE_absent
GCF_029723705.1,Bifidobacterium animalis,LH_990,Contig,1550,0,0,,,0,0,0,0,0,E_no_dlt
GCF_009865795.1,Ligilactobacillus salivarius,HN24_2,Contig,1821,1,0,,,0,0,0,1,1,D_dltE_absent
GCF_051153895.1,Limosilactobacillus fermentum,BE1101-7-13,Contig,1929,1,0,,,0,0,0,1,1,D_dltE_absent
GCF_020539935.1,Pediococcus acidilactici,MSK.2.8,Contig,1832,1,1,382,170.3,1,1,1,0,1,B_SP
GCF_023668055.1,Latilactobacillus sakei,TMW 1.1500,Contig,1850,1,1,383,174.8,1,1,1,1,1,B_SP
GCF_053581565.1,Lactococcus lactis,FUA3190,Contig,2639,1,0,,,0,0,0,0,0,D_dltE_absent
GCF_020539965.1,Pediococcus acidilactici,MSK.2.74,Contig,1824,1,1,382,170.3,1,1,1,0,1,B_SP
GCF_028204175.1,Bifidobacterium animalis,1001216st1_A3_BSD2780061688_150302,Scaffold,1535,0,0,,,0,0,0,0,0,E_no_dlt
GCF_039024215.1,Leuconostoc mesenteroides,KA15MA,Scaffold,2168,1,1,380,134.9,1,1,1,1,1,A_TM
GCF_053117685.1,Enterococcus faecalis,4638,Complete Genome,2869,1,1,388,180.2,1,1,1,1,0,A_TM
GCF_028202935.1,Bifidobacterium animalis,A12_hRTP31088sv1_210526,Contig,1540,0,0,,,0,0,0,0,0,E_no_dlt
GCF_051388195.1,Latilactobacillus sakei,QGZZYRHMT2L6,Contig,2062,1,1,383,176.0,1,1,1,1,1,B_SP
GCF_016415385.1,Enterococcus faecium,Dallas 124_1,Complete Genome,2755,1,1,389,149.6,1,1,1,1,0,A_TM
GCF_003712225.1,Lacticaseibacillus paracasei,FAM10859,Contig,2788,1,1,401,198.9,1,1,1,1,1,A_TM
GCF_001981705.1,Latilactobacillus sakei,RI-394,Contig,1918,1,1,383,176.0,1,1,1,1,1,B_SP
GCF_023744295.1,Leuconostoc mesenteroides,DRD-140,Scaffold,1976,1,1,380,134.9,1,1,1,1,1,A_TM
GCF_053581335.1,Lactococcus lactis,FUA3686,Contig,2608,1,0,,,0,0,0,0,0,D_dltE_absent
GCF_027591835.1,Levilactobacillus brevis,LSF9-1,Contig,2372,1,1,392,270.9,1,1,1,1,1,B_SP
GCF_028619315.1,Leuconostoc mesenteroides,IMAU32176,Scaffold,2123,1,1,380,134.9,1,1,1,1,1,A_TM
GCF_052161595.1,Enterococcus faecium,N21-03014,Complete Genome,2992,1,1,389,149.6,1,1,1,1,0,A_TM
GCF_028621735.1,Enterococcus faecalis,CQJXZ21-077,Complete Genome,2740,1,1,388,180.2,1,1,1,1,0,A_TM
GCF_013385165.1,Pediococcus pentosaceus,TUCO-3,Contig,1878,1,1,367,147.6,1,1,1,0,1,B_SP
GCF_059815725.1,Enterococcus faecium,EFA_19_full,Complete Genome,2555,1,1,389,149.6,1,1,1,1,0,A_TM
GCF_027668985.1,Ligilactobacillus salivarius,AM60-15pH4,Scaffold,1819,1,0,,,0,0,0,1,1,D_dltE_absent
GCF_015552635.1,Bifidobacterium animalis,1001713B170131_170501_H10,Scaffold,1532,0,0,,,0,0,0,0,0,E_no_dlt
GCF_045286995.1,Bifidobacterium longum,YGMCC0190,Chromosome,2052,0,0,,,0,0,0,0,0,E_no_dlt
GCF_009733655.1,Limosilactobacillus reuteri,G02_USFQ,Contig,2131,1,0,,,0,0,0,1,1,D_dltE_absent
GCF_020539995.1,Pediococcus acidilactici,MSK.2.7,Contig,1834,1,1,382,170.3,1,1,1,0,1,B_SP
GCF_051388715.1,Latilactobacillus sakei,QJSNT1L10,Contig,1805,1,1,383,175.0,1,1,1,1,1,B_SP
GCF_051156735.1,Limosilactobacillus fermentum,BE091009-8-10,Contig,1887,1,0,,,0,0,0,1,1,D_dltE_absent
GCF_002254115.1,Limosilactobacillus reuteri,105i,Scaffold,2048,1,0,,,0,0,0,1,1,D_dltE_absent
GCF_029070885.1,Pediococcus pentosaceus,I44,Scaffold,1832,1,1,367,145.6,1,1,1,0,1,A_TM
GCF_033142005.1,Leuconostoc mesenteroides,UCMA20150,Scaffold,1918,1,1,380,138.5,1,1,1,1,1,A_TM
GCF_059112615.1,Lactococcus lactis,FUA3691,Contig,2648,1,0,,,0,0,0,0,0,D_dltE_absent
GCF_009865985.1,Ligilactobacillus salivarius,FYNLJ23_2.scaf,Scaffold,1866,1,0,,,0,0,0,1,1,D_dltE_absent
GCF_039913415.1,Bifidobacterium animalis,H2_hRTP31088sv1_210526,Contig,1536,0,0,,,0,0,0,0,0,E_no_dlt
GCF_059815665.1,Enterococcus faecium,EFA_22_full,Complete Genome,2566,1,1,389,149.6,1,1,1,1,0,A_TM
GCF_025958325.1,Enterococcus faecalis,BE33,Complete Genome,2755,1,1,388,180.2,1,1,1,1,0,A_TM
GCF_027659425.1,Bifidobacterium animalis,AM104-27,Scaffold,1536,0,0,,,0,0,0,0,0,E_no_dlt
GCF_051156915.1,Limosilactobacillus fermentum,BE090929-6-9,Contig,1877,1,0,,,0,0,0,1,1,D_dltE_absent
GCF_003712345.1,Lacticaseibacillus paracasei,FAM18121,Contig,2436,1,1,401,198.9,1,1,1,1,1,A_TM
GCF_039612635.1,Lacticaseibacillus paracasei,B106,Contig,2697,1,1,385,192.4,1,1,1,1,1,A_TM
GCF_029838235.1,Latilactobacillus sakei,Ls1,Scaffold,1992,1,1,383,176.0,1,1,1,1,1,B_SP
GCF_059112655.1,Lactococcus lactis,FUA3692,Contig,2637,1,0,,,0,0,0,0,0,D_dltE_absent
GCF_003289085.1,Levilactobacillus brevis,TUCO-5E,Scaffold,2307,1,1,392,268.7,1,1,1,1,1,B_SP
GCF_051153375.1,Levilactobacillus brevis,BE1103-5-7,Contig,2373,1,1,392,271.4,1,1,1,1,1,B_SP
GCF_027663505.1,Leuconostoc mesenteroides,AM04S-33,Scaffold,1970,1,1,380,134.6,1,1,1,1,1,A_TM
GCF_009649095.1,Limosilactobacillus reuteri,Rat19,Contig,1889,1,0,,,0,0,0,1,1,D_dltE_absent
GCF_025188065.1,Pediococcus pentosaceus,CIRM-BIA 2275,Contig,1686,1,1,367,152.2,1,1,1,0,1,B_SP
GCF_059815565.1,Enterococcus faecium,EFA_27_full,Complete Genome,2765,1,1,389,149.6,1,1,1,1,0,A_TM
GCF_012933075.2,Enterococcus faecium,BP657,Complete Genome,2774,1,1,389,149.6,1,1,1,1,0,A_TM
GCF_055453215.1,Ligilactobacillus salivarius,C0085B7,Contig,2020,1,0,,,0,0,0,1,1,D_dltE_absent
GCF_034052555.1,Bifidobacterium longum,YGMCC0209,Chromosome,2047,0,0,,,0,0,0,0,0,E_no_dlt
GCF_056587195.1,Limosilactobacillus reuteri,C0041A3,Contig,1858,1,0,,,0,0,0,1,1,D_dltE_absent
GCF_025958445.1,Enterococcus faecalis,BE32,Complete Genome,2787,1,1,388,180.2,1,1,1,1,0,A_TM
GCF_020540035.1,Pediococcus acidilactici,MSK.2.64,Contig,1824,1,1,382,170.3,1,1,1,0,1,B_SP
GCF_051156715.1,Limosilactobacillus fermentum,BE091009-8-37,Contig,1863,1,0,,,0,0,0,1,1,D_dltE_absent
GCF_051156955.1,Limosilactobacillus fermentum,BE090929-6-7,Contig,1874,1,0,,,0,0,0,1,1,D_dltE_absent
GCF_015560415.1,Ligilactobacillus salivarius,1001270B_150601_C6,Scaffold,1882,1,0,,,0,0,0,1,1,D_dltE_absent
GCF_027663145.1,Bifidobacterium animalis,AM04S-44,Scaffold,1536,0,0,,,0,0,0,0,0,E_no_dlt
GCF_053581375.1,Lactococcus lactis,FUA3688,Contig,2645,1,0,,,0,0,0,0,0,D_dltE_absent
GCF_059033445.1,Lactococcus lactis,BMSE-GJ9,Contig,2331,1,0,,,0,0,0,0,0,D_dltE_absent
GCF_020540025.1,Pediococcus acidilactici,MSK.2.6,Contig,1824,1,1,382,170.3,1,1,1,0,1,B_SP
GCF_002751085.1,Latilactobacillus sakei,RI-517,Scaffold,1918,1,1,383,174.8,1,1,1,1,1,B_SP
GCF_059078135.1,Enterococcus faecalis,AC-21RB,Complete Genome,2745,1,1,388,179.7,1,1,1,1,0,A_TM
GCF_025958865.1,Enterococcus faecalis,BE11,Complete Genome,2751,1,1,388,180.2,1,1,1,1,0,A_TM
GCF_027663125.1,Bifidobacterium animalis,AM04S-46,Scaffold,1537,0,0,,,0,0,0,0,0,E_no_dlt
GCF_027724025.1,Leuconostoc mesenteroides,AM110-120,Scaffold,1987,1,1,380,134.6,1,1,1,1,1,A_TM
GCF_003712485.1,Lacticaseibacillus paracasei,FAM18149,Scaffold,2631,0,1,385,192.1,1,1,1,1,1,E_no_dlt
GCF_050113935.1,Lacticaseibacillus paracasei,LPML01,Contig,2845,1,1,385,190.6,1,1,1,1,1,A_TM
GCF_002750615.1,Latilactobacillus sakei,RI-499,Contig,1884,1,1,383,175.0,1,1,1,1,1,B_SP
GCF_002724015.1,Pediococcus pentosaceus,NBRC 3182,Contig,1822,1,1,367,152.2,1,1,1,0,1,B_SP
GCF_051154745.1,Levilactobacillus brevis,BE1010-5-31,Contig,2381,1,1,392,271.4,1,1,1,1,1,B_SP
GCF_051157495.1,Limosilactobacillus fermentum,BE090929-6-30,Contig,1972,1,0,,,0,0,0,1,1,D_dltE_absent
GCF_051155575.1,Levilactobacillus brevis,BE1003-5-37,Contig,2406,1,1,392,271.4,1,1,1,1,1,B_SP
GCF_046267825.1,Bifidobacterium longum,NBC2255,Chromosome,1727,0,0,,,0,0,0,0,0,E_no_dlt
GCF_020539985.1,Pediococcus acidilactici,MSK.2.67,Contig,1835,1,1,382,170.3,1,1,1,0,1,B_SP
GCF_001721905.1,Enterococcus faecium,ISMMS_VRE_11,Complete Genome,2717,1,1,389,149.6,1,1,1,1,0,A_TM
GCF_031629495.1,Lactococcus lactis,FUA3228,Contig,2536,1,0,,,0,0,0,0,0,D_dltE_absent
GCF_978042925.1,Limosilactobacillus fermentum,-,Contig,1801,1,0,,,0,0,0,1,1,D_dltE_absent
GCF_034050535.1,Bifidobacterium longum,YGMCC0297,Chromosome,2019,0,0,,,0,0,0,0,0,E_no_dlt
GCF_009389305.1,Limosilactobacillus reuteri,PTA4_C4,Scaffold,1966,1,0,,,0,0,0,1,1,D_dltE_absent
GCF_020882075.1,Enterococcus faecalis,E509,Complete Genome,2769,1,1,388,180.2,1,1,1,1,0,A_TM
GCF_052043975.1,Lactococcus lactis,DRC2507,Contig,2413,1,0,,,0,0,0,0,0,D_dltE_absent
GCF_051388535.1,Latilactobacillus sakei,QAHLA3L8,Contig,1831,1,1,383,174.5,1,1,1,1,1,B_SP
GCF_049191405.1,Lacticaseibacillus paracasei,IATA083,Contig,2879,1,1,385,193.0,1,1,1,1,1,A_TM
GCF_027695745.1,Ligilactobacillus salivarius,LG100-36,Scaffold,1769,1,0,,,0,0,0,1,1,D_dltE_absent
GCF_013344605.1,Enterococcus faecalis,133170041-3,Complete Genome,2817,1,1,388,180.2,1,1,1,1,0,A_TM
GCF_045527745.1,Leuconostoc mesenteroides,FAM 25281,Scaffold,1982,0,1,380,134.3,1,1,1,1,1,E_no_dlt
GCF_051155595.1,Levilactobacillus brevis,BE1003-5-30,Contig,2372,1,1,392,271.4,1,1,1,1,1,B_SP
GCF_020540105.1,Pediococcus acidilactici,MSK.2.53,Contig,1828,1,1,382,170.3,1,1,1,0,1,B_SP
GCF_041147305.1,Pediococcus pentosaceus,7.2.5,Contig,1837,1,1,367,145.6,1,1,1,0,0,A_TM
GCF_003712755.1,Lacticaseibacillus paracasei,FAM3257,Contig,2961,1,1,385,192.9,1,1,1,1,1,A_TM
GCF_015612965.1,Pediococcus pentosaceus,FAM 24207,Scaffold,1970,1,1,374,160.1,1,1,1,0,1,B_SP
GCF_003438565.1,Bifidobacterium animalis,TF04-14,Scaffold,1536,0,0,,,0,0,0,0,0,E_no_dlt
GCF_034051595.1,Bifidobacterium longum,YGMCC0230,Chromosome,1957,0,0,,,0,0,0,0,0,E_no_dlt
GCF_048054195.1,Latilactobacillus sakei,TMW 1.1386,Contig,1955,1,1,383,174.8,1,1,1,1,1,B_SP
GCF_014900875.1,Bifidobacterium longum subsp. longum,KCTC 5915,Chromosome,2066,0,0,,,0,0,0,0,0,E_no_dlt
GCF_001981795.1,Latilactobacillus sakei,RI-409,Scaffold,1952,1,1,383,174.8,1,1,1,1,1,B_SP
GCF_052588795.2,Lacticaseibacillus paracasei,S1,Scaffold,2845,1,1,385,191.4,1,1,1,1,1,A_TM
GCF_027675625.1,Leuconostoc mesenteroides,AM110-133,Scaffold,1993,1,1,380,134.6,1,1,1,1,1,A_TM
GCF_025191645.1,Limosilactobacillus fermentum,CIRM-BIA 2155,Scaffold,1829,1,0,,,0,0,0,1,1,D_dltE_absent
GCF_039871315.1,Leuconostoc mesenteroides,OSY-54,Scaffold,2217,1,1,380,134.9,1,1,1,1,1,A_TM
GCF_051153155.1,Levilactobacillus brevis,BE1103-6-27,Contig,2372,1,1,392,271.4,1,1,1,1,1,B_SP
GCF_050155095.1,Enterococcus faecium,BY,Complete Genome,2776,1,1,386,132.7,1,1,1,1,0,A_TM
GCF_038441105.1,Enterococcus faecium,2016C07-254,Complete Genome,2776,1,1,389,149.6,1,1,1,1,0,A_TM
GCF_052044015.1,Lactococcus lactis,DRC2506,Contig,2412,1,0,,,0,0,0,0,0,D_dltE_absent
GCF_026226215.1,Pediococcus pentosaceus,UAM1101,Contig,1706,1,1,367,145.6,1,1,1,0,1,A_TM
GCF_978042785.1,Limosilactobacillus reuteri,-,Contig,1879,1,0,,,0,0,0,1,1,D_dltE_absent
GCF_020784275.1,Limosilactobacillus reuteri,M_81,Scaffold,2023,1,0,,,0,0,0,1,1,D_dltE_absent
GCF_030020495.1,Enterococcus faecalis,EfsC109-2,Complete Genome,2755,1,1,388,180.2,1,1,1,1,0,A_TM
GCF_034052395.1,Bifidobacterium longum,YGMCC0228,Chromosome,1957,0,0,,,0,0,0,0,0,E_no_dlt
GCF_002079405.1,Ligilactobacillus salivarius,JCM 1230,Scaffold,1580,1,0,,,0,0,0,1,1,D_dltE_absent
GCF_052044115.1,Lactococcus lactis,DRC2505,Contig,2411,1,0,,,0,0,0,0,0,D_dltE_absent
GCF_005864195.1,Lacticaseibacillus paracasei,FAM 3257,Contig,2960,1,1,385,192.9,1,1,1,1,1,A_TM
GCF_045527785.1,Leuconostoc mesenteroides,FAM 25295,Scaffold,2022,1,1,380,134.3,1,1,1,1,1,A_TM
GCF_051157915.1,Levilactobacillus brevis,BE090929-5-7,Contig,2379,1,1,392,271.8,1,1,1,1,1,B_SP
GCF_034642355.1,Enterococcus faecalis,HRH55,Complete Genome,2787,1,1,388,178.7,1,1,1,1,0,A_TM
GCF_020540165.1,Pediococcus acidilactici,MSK.2.21,Contig,1823,1,1,382,170.3,1,1,1,0,1,B_SP
GCF_005886545.1,Enterococcus faecium,UAMSEF_01,Complete Genome,2756,1,1,386,130.7,1,1,1,1,0,A_TM
GCF_925299425.1,Pediococcus pentosaceus,-,Contig,1627,1,1,374,158.5,1,1,1,0,1,B_SP
GCF_002148875.1,Lacticaseibacillus paracasei,DPC2071,Contig,2734,1,1,385,191.2,1,1,1,1,1,A_TM
GCF_003438945.1,Bifidobacterium animalis,OM05-7AA,Scaffold,1538,0,0,,,0,0,0,0,0,E_no_dlt
GCF_003046135.1,Limosilactobacillus reuteri,E81,Contig,1861,1,0,,,0,0,0,1,1,D_dltE_absent
GCF_014900575.1,Bifidobacterium longum subsp. longum,KCTC 3420,Chromosome,1857,0,0,,,0,0,0,0,0,E_no_dlt
GCF_051154955.1,Limosilactobacillus fermentum,BE1008-6-8B,Contig,1876,1,0,,,0,0,0,1,1,D_dltE_absent
GCF_002750625.1,Latilactobacillus sakei,RI-493,Contig,1948,1,1,383,175.0,1,1,1,1,1,B_SP
GCF_009863605.1,Ligilactobacillus salivarius,FJLHD25M7,Contig,1781,1,0,,,0,0,0,1,1,D_dltE_absent
GCF_028620095.1,Leuconostoc mesenteroides,IMAU80738,Scaffold,2050,1,1,380,134.3,1,1,1,1,1,A_TM
GCF_059112715.1,Lactococcus lactis,FUA3690,Contig,2460,1,0,,,0,0,0,0,0,D_dltE_absent
GCF_980652345.1,Levilactobacillus brevis,-,Contig,2470,1,1,392,271.4,1,1,1,1,1,B_SP
GCF_020540065.1,Pediococcus acidilactici,MSK.2.55,Contig,1830,1,1,382,170.3,1,1,1,0,1,B_SP
GCF_060303065.1,Enterococcus faecium,E486-2,Complete Genome,2721,1,1,389,149.6,1,1,1,1,0,A_TM
GCF_019195415.1,Enterococcus faecalis,SY-1,Complete Genome,2735,1,1,388,180.2,1,1,1,1,0,A_TM
GCF_024349305.1,Pediococcus pentosaceus,KABP-041,Scaffold,1614,1,1,374,158.5,1,1,1,0,1,B_SP
GCF_027682435.1,Bifidobacterium animalis,AF53-2pH5A,Scaffold,1533,0,0,,,0,0,0,0,0,E_no_dlt
GCF_022644225.1,Bifidobacterium longum subsp. longum,B1,Chromosome,2029,0,0,,,0,0,0,0,0,E_no_dlt
GCF_039871405.1,Lacticaseibacillus paracasei,OSY-31,Contig,2754,1,1,385,192.4,1,1,1,1,1,A_TM
GCF_028462635.1,Limosilactobacillus reuteri,92126,Contig,1784,1,0,,,0,0,0,1,1,D_dltE_absent
GCF_982235325.1,Levilactobacillus brevis,-,Contig,2414,1,1,392,271.4,1,1,1,1,1,B_SP
GCF_004683835.1,Limosilactobacillus fermentum,FUA3588,Scaffold,1832,1,0,,,0,0,0,1,1,D_dltE_absent
GCF_023744035.1,Levilactobacillus brevis,DRD-195,Scaffold,2079,1,1,392,276.8,1,1,1,1,1,A_TM
GCF_009863365.1,Ligilactobacillus salivarius,FNXYC6M7,Scaffold,1900,1,0,,,0,0,0,1,1,D_dltE_absent
GCF_051372265.1,Pediococcus pentosaceus,HC128,Scaffold,1789,1,1,369,148.3,1,1,1,0,1,A_TM
GCF_053581625.1,Lactococcus lactis,FUA3579,Contig,2488,1,0,,,0,0,0,0,0,D_dltE_absent
GCF_046229925.1,Pediococcus pentosaceus,TP11,Scaffold,1648,1,1,374,158.5,1,1,1,0,1,B_SP
GCF_020540205.1,Pediococcus acidilactici,MSK.2.11,Contig,1824,1,1,382,170.3,1,1,1,0,1,B_SP
GCF_014898255.1,Bifidobacterium longum subsp. longum,JCM 7055,Chromosome,1945,0,0,,,0,0,0,0,0,E_no_dlt
GCF_022643625.1,Bifidobacterium longum subsp. longum,B4,Chromosome,2050,0,0,,,0,0,0,0,0,E_no_dlt
GCF_046529565.1,Enterococcus faecalis,PUBM_2,Complete Genome,2807,1,1,388,180.2,1,1,1,1,0,A_TM
GCF_056356115.1,Bifidobacterium animalis,LH_603,Contig,1723,0,0,,,0,0,0,0,0,E_no_dlt
GCF_051158055.1,Limosilactobacillus fermentum,BE090929-5-42,Contig,1927,1,0,,,0,0,0,1,1,D_dltE_absent
GCF_051152675.1,Limosilactobacillus fermentum,BE1107-8-3,Contig,1868,1,0,,,0,0,0,1,1,D_dltE_absent
GCF_030418055.1,Lacticaseibacillus paracasei,PWN_T9,Scaffold,2813,1,1,401,198.5,1,1,1,1,1,A_TM
GCF_001981835.1,Latilactobacillus sakei,RI-410,Contig,1902,1,1,383,174.8,1,1,1,1,1,B_SP
GCF_002079715.1,Ligilactobacillus salivarius,CCuG38008,Scaffold,1845,1,0,,,0,0,0,1,1,D_dltE_absent
GCF_031461035.1,Lactococcus lactis,KCKM 0851,Contig,2377,1,0,,,0,0,0,0,0,D_dltE_absent
GCF_028619335.1,Leuconostoc mesenteroides,IMAU32546,Scaffold,1945,1,1,380,134.9,1,1,1,1,1,A_TM
GCF_028620275.1,Leuconostoc mesenteroides,IMAU32608,Scaffold,1892,1,1,380,134.9,1,1,1,1,1,A_TM
GCF_020540145.1,Pediococcus acidilactici,MSK.2.3,Contig,1823,1,1,382,170.3,1,1,1,0,1,B_SP
GCF_050506665.1,Enterococcus faecalis,C6489,Complete Genome,2683,1,1,388,180.2,1,1,1,1,0,A_TM
GCF_050846975.1,Pediococcus pentosaceus,TDM 0102,Contig,1734,1,1,367,152.2,1,1,1,0,1,B_SP
GCF_059815605.1,Enterococcus faecium,EFA_25_full,Complete Genome,2674,1,1,389,149.6,1,1,1,1,0,A_TM
GCF_053255355.1,Bifidobacterium animalis,LHCA24,Contig,1538,0,0,,,0,0,0,0,0,E_no_dlt
GCF_905131355.1,Lacticaseibacillus paracasei,-,Contig,2808,1,1,385,192.0,1,1,1,1,1,A_TM
GCF_022643465.1,Bifidobacterium longum subsp. longum,BP,Chromosome,1880,0,0,,,0,0,0,0,0,E_no_dlt
GCF_947381675.1,Limosilactobacillus reuteri,-,Contig,2092,1,0,,,0,0,0,1,1,D_dltE_absent
GCF_051172815.1,Latilactobacillus sakei,TMW 1.1935,Contig,1969,1,1,383,174.8,1,1,1,1,1,B_SP
GCF_025000005.1,Levilactobacillus brevis,CIRM-BIA 1442,Contig,2274,1,1,392,270.1,1,1,1,1,1,B_SP
GCF_051152775.1,Limosilactobacillus fermentum,BE1107-8-19,Contig,1862,1,0,,,0,0,0,1,1,D_dltE_absent
GCF_978043395.1,Ligilactobacillus salivarius,-,Contig,1839,1,0,,,0,0,0,1,1,D_dltE_absent
GCF_028618735.1,Leuconostoc mesenteroides,IMAU32381,Scaffold,1971,1,1,380,134.9,1,1,1,1,1,A_TM
GCF_053748575.1,Pediococcus pentosaceus,PL0051,Contig,1683,1,1,367,148.6,1,1,1,0,1,B_SP
GCF_053581485.1,Lactococcus lactis,FUA3917,Contig,2571,1,0,,,0,0,0,0,0,D_dltE_absent
GCF_020709035.1,Pediococcus acidilactici,MSK.2.88,Contig,1831,1,1,382,170.3,1,1,1,0,1,B_SP
GCF_021713095.1,Enterococcus faecium,UK043,Complete Genome,2803,1,1,386,130.7,1,1,1,1,0,A_TM
GCF_022643745.1,Bifidobacterium longum subsp. longum,B5,Chromosome,2045,0,0,,,0,0,0,0,0,E_no_dlt
GCF_050506675.1,Enterococcus faecalis,C6504,Complete Genome,2683,1,1,388,180.2,1,1,1,1,0,A_TM
GCF_036318405.1,Bifidobacterium animalis,CM18M_72,Contig,1535,0,0,,,0,0,0,0,0,E_no_dlt
GCF_002253865.1,Limosilactobacillus reuteri,114q,Scaffold,2123,1,0,,,0,0,0,1,1,D_dltE_absent
GCF_045527725.1,Leuconostoc mesenteroides,FAM 25302,Scaffold,2023,1,1,380,134.3,1,1,1,1,1,A_TM
GCF_002751035.1,Latilactobacillus sakei,RI-516,Contig,1884,1,1,383,174.8,1,1,1,1,1,B_SP
GCF_051388035.1,Latilactobacillus sakei,FXJWS8M1,Contig,2138,0,1,383,176.0,1,1,1,1,1,E_no_dlt
GCF_009869955.1,Ligilactobacillus salivarius,HENA17_3,Contig,1829,1,0,,,0,0,0,1,1,D_dltE_absent
GCF_030020725.1,Enterococcus faecalis,EfsC9,Complete Genome,2853,1,1,388,180.2,1,1,1,1,0,A_TM
GCF_025188295.1,Leuconostoc mesenteroides,CIRM-BIA 740,Contig,1999,1,1,380,134.3,1,1,1,1,1,A_TM
GCF_036670385.1,Lactococcus lactis,P2E4,Contig,2455,1,0,,,0,0,0,0,0,D_dltE_absent
GCF_020540185.1,Pediococcus acidilactici,MSK.2.2,Contig,1826,1,1,382,170.3,1,1,1,0,1,B_SP
GCF_027661465.1,Lacticaseibacillus paracasei,AM100_PB1O_1D_16A,Scaffold,2664,1,1,401,198.5,1,1,1,1,1,A_TM
GCF_002880635.1,Enterococcus faecium,AALTL,Complete Genome,2761,1,1,386,130.7,1,1,1,1,0,A_TM
GCF_036762895.1,Lacticaseibacillus paracasei,1311_IL3157,Contig,2650,1,1,385,191.5,1,1,1,1,1,A_TM
GCF_039913495.1,Bifidobacterium animalis,E10_hRTP31088sv1_210526,Contig,1540,0,0,,,0,0,0,0,0,E_no_dlt
GCF_051152975.1,Levilactobacillus brevis,BE1107-5-7,Contig,2345,1,1,392,271.4,1,1,1,1,1,B_SP
GCF_039757375.1,Ligilactobacillus salivarius,1001295st1_D10_1001295B_180824,Scaffold,1748,1,0,,,0,0,0,1,1,D_dltE_absent
GCF_910574445.1,Limosilactobacillus reuteri,-,Scaffold,2020,1,0,,,0,0,0,1,1,D_dltE_absent
GCF_023668045.1,Latilactobacillus sakei,TMW 1.2,Contig,1956,1,1,383,175.0,1,1,1,1,1,B_SP
GCF_021378055.1,Pediococcus pentosaceus,ST75/87BZ,Scaffold,1756,1,1,369,148.3,1,1,1,0,1,A_TM
GCF_025770465.1,Pediococcus pentosaceus,7.2.36,Contig,1840,1,1,367,145.6,1,1,1,0,1,A_TM
GCF_015557145.1,Ligilactobacillus salivarius,1001295B_180824_C9,Scaffold,1781,1,0,,,0,0,0,1,1,D_dltE_absent
GCF_030361325.1,Levilactobacillus brevis,TOM.66,Contig,2410,1,1,392,270.6,1,1,1,1,1,B_SP
GCF_024462105.1,Bifidobacterium animalis,DFI.7.35,Contig,1552,0,0,,,0,0,0,0,0,E_no_dlt
GCF_022643845.1,Bifidobacterium longum subsp. longum,B3,Chromosome,2017,0,0,,,0,0,0,0,0,E_no_dlt
GCF_020539895.1,Pediococcus acidilactici,MSK.2.9,Contig,1829,1,1,382,170.3,1,1,1,0,1,B_SP
GCF_050320245.1,Enterococcus faecium,RY7682,Complete Genome,2744,1,1,386,130.7,1,1,1,1,0,A_TM
GCF_031460265.1,Latilactobacillus sakei subsp. sakei,FBL10,Contig,2273,0,1,383,176.0,1,1,1,1,1,E_no_dlt
GCF_022644005.1,Bifidobacterium longum subsp. longum,B2,Chromosome,1957,0,0,,,0,0,0,0,0,E_no_dlt
GCF_051157245.1,Limosilactobacillus fermentum,BE090929-6-35,Contig,1937,1,0,,,0,0,0,1,1,D_dltE_absent
GCF_053748795.1,Limosilactobacillus reuteri,PL0025,Contig,1809,1,0,,,0,0,0,1,1,D_dltE_absent
GCF_036670435.1,Lactococcus lactis,P2C1,Contig,2338,1,0,,,0,0,0,0,0,D_dltE_absent
GCF_002591935.1,Limosilactobacillus fermentum,SHI-2,Contig,1837,1,0,,,0,0,0,1,1,D_dltE_absent
GCF_036670485.1,Lactococcus lactis,P2D6,Contig,2425,1,0,,,0,0,0,0,0,D_dltE_absent
GCF_030263175.1,Ligilactobacillus salivarius,F14,Contig,1784,1,0,,,0,0,0,1,1,D_dltE_absent
GCF_030020215.1,Enterococcus faecalis,EfsPF5,Complete Genome,2691,1,1,388,180.2,1,1,1,1,0,A_TM
GCF_008689715.1,Leuconostoc mesenteroides,WC0332,Contig,1794,1,1,380,132.7,1,1,1,1,1,A_TM
GCF_054953315.1,Enterococcus faecalis,OFB168-1,Complete Genome,2716,1,1,388,175.6,1,1,1,1,0,A_TM
GCF_020540245.1,Pediococcus acidilactici,MSK.2.1,Contig,1828,1,1,382,170.3,1,1,1,0,1,B_SP
GCF_003712665.1,Lacticaseibacillus paracasei,FAM22277,Contig,2727,1,1,385,191.4,1,1,1,1,1,A_TM
GCF_052828105.1,Enterococcus faecium,VRED06-10,Complete Genome,2879,1,1,386,130.5,1,1,1,1,0,A_TM
GCF_002027415.1,Lacticaseibacillus paracasei,W14,Contig,2535,1,1,385,192.0,1,1,1,1,1,A_TM
GCF_003095055.1,Bifidobacterium animalis,DS20_2,Scaffold,1544,0,0,,,0,0,0,0,0,E_no_dlt
GCF_051154345.1,Levilactobacillus brevis,BE1101-5-1,Contig,2305,1,1,392,271.4,1,1,1,1,1,B_SP
GCF_051155635.1,Levilactobacillus brevis,BE1003-5-2,Contig,2348,1,1,392,271.4,1,1,1,1,1,B_SP
GCF_056587175.1,Limosilactobacillus reuteri,C0041A4,Contig,1857,1,0,,,0,0,0,1,1,D_dltE_absent
GCF_051156975.1,Limosilactobacillus fermentum,BE090929-6-6,Contig,1967,1,0,,,0,0,0,1,1,D_dltE_absent
GCF_022844645.1,Pediococcus acidilactici,P1,Scaffold,1826,1,1,382,174.0,1,1,1,0,1,B_SP
GCF_039757465.1,Ligilactobacillus salivarius,1001295st1_C9_1001295B_180824,Scaffold,1782,1,0,,,0,0,0,1,1,D_dltE_absent
GCF_023744045.1,Pediococcus pentosaceus,DRD-48,Scaffold,1875,1,1,380,156.2,1,1,1,0,1,A_TM
GCF_020736625.1,Enterococcus faecium,SC1762-D,Complete Genome,2887,1,1,386,132.7,1,1,1,1,0,A_TM
GCF_004919065.2,Bifidobacterium longum subsp. infantis,Bi-26,Chromosome,2118,0,0,,,0,0,0,0,0,E_no_dlt
GCF_017357365.1,Bifidobacterium longum subsp. infantis,JCM 7011,Chromosome,2138,0,0,,,0,0,0,0,0,E_no_dlt
GCF_028203035.1,Bifidobacterium animalis,D6_hRTP31088sv1_210526,Contig,1538,0,0,,,0,0,0,0,0,E_no_dlt
GCF_002112225.1,Limosilactobacillus reuteri,JCM 1081,Scaffold,2341,1,0,,,0,0,0,1,1,D_dltE_absent
GCF_008689685.1,Leuconostoc mesenteroides,WC0333,Contig,2039,1,1,380,134.6,1,1,1,1,1,A_TM
GCF_977009825.1,Latilactobacillus sakei subsp. sakei DSM 20017 = JCM 1157,-,Scaffold,2018,1,1,383,176.0,1,1,1,1,1,B_SP
GCF_036670395.1,Lactococcus lactis,P2D5,Contig,2430,1,0,,,0,0,0,0,0,D_dltE_absent
GCF_030361165.1,Levilactobacillus brevis,TOM.290,Contig,2412,1,1,392,270.6,1,1,1,1,1,B_SP
GCF_003712795.1,Lacticaseibacillus paracasei,FAM4067,Contig,2844,1,1,397,163.4,1,1,1,1,1,A_TM
GCF_013423365.1,Lactococcus lactis,11/19B-1,Contig,2369,1,0,,,0,0,0,0,0,D_dltE_absent
GCF_030020645.1,Enterococcus faecalis,EfsC20,Complete Genome,2669,1,1,388,180.2,1,1,1,1,0,A_TM
GCF_020540115.1,Pediococcus acidilactici,MSK.2.5,Contig,1825,1,1,382,170.3,1,1,1,0,1,B_SP
GCF_040425635.1,Levilactobacillus brevis,KL251,Scaffold,2238,1,1,392,271.4,1,1,1,1,1,B_SP
GCF_037482205.1,Enterococcus faecalis,J-5,Complete Genome,2817,1,1,388,178.5,1,1,1,1,0,A_TM
GCF_020709065.1,Pediococcus acidilactici,MSK.2.51,Contig,1826,1,1,382,170.3,1,1,1,0,1,B_SP
GCF_028202895.1,Bifidobacterium animalis,G6_hRTP31088sv1_210526,Contig,1517,0,0,,,0,0,0,0,0,E_no_dlt
GCF_030403405.1,Pediococcus pentosaceus,ELAB 60W,Scaffold,1852,1,1,374,160.1,1,1,1,0,1,B_SP
GCF_978042735.1,Lacticaseibacillus paracasei,-,Contig,2926,1,1,385,192.0,1,1,1,1,1,A_TM
GCF_028203015.1,Bifidobacterium animalis,C3_hRTP31088sv1_210526,Scaffold,1538,0,0,,,0,0,0,0,0,E_no_dlt
GCF_042140015.1,Latilactobacillus sakei subsp. sakei,PastSakei12,Contig,1955,1,1,383,176.0,1,1,1,1,1,B_SP
GCF_000210755.1,Bifidobacterium longum subsp. longum F8,F8,Chromosome,1905,0,0,,,0,0,0,0,0,E_no_dlt
GCF_000478625.2,Latilactobacillus sakei subsp. sakei LS25,LS25,Contig,1958,1,1,383,176.0,1,1,1,1,1,B_SP
GCF_051157175.1,Levilactobacillus brevis,BE090929-6-37,Contig,2292,1,1,392,271.4,1,1,1,1,1,B_SP
GCF_028619395.1,Leuconostoc mesenteroides,IMAU32606,Scaffold,1892,1,1,380,134.9,1,1,1,1,1,A_TM
GCF_051156755.1,Limosilactobacillus fermentum,BE091009-8-21,Contig,1909,1,0,,,0,0,0,1,1,D_dltE_absent
GCF_027693945.1,Pediococcus pentosaceus,OF20-14A,Scaffold,1715,1,1,374,158.5,1,1,1,1,1,B_SP
GCF_028619435.1,Leuconostoc mesenteroides,IMAU32604,Scaffold,1842,1,1,380,134.9,1,1,1,1,1,A_TM
GCF_050598045.1,Enterococcus faecium,RY7541,Complete Genome,2838,1,1,389,149.6,1,1,1,1,0,A_TM
GCF_053581455.1,Lactococcus lactis,FUA3916,Contig,2554,1,0,,,0,0,0,0,0,D_dltE_absent
GCF_036365335.1,Latilactobacillus sakei subsp. carnosus,L4C,Contig,1854,1,1,383,174.8,1,1,1,1,1,B_SP
GCF_027286245.1,Enterococcus faecium,EF0656,Complete Genome,2715,1,1,386,130.7,1,1,1,1,0,A_TM
GCF_002253685.1,Limosilactobacillus reuteri,609e,Scaffold,2051,1,0,,,0,0,0,1,1,D_dltE_absent
GCF_033802825.1,Enterococcus faecalis,SN21-3,Complete Genome,2665,1,1,388,180.2,1,1,1,1,0,A_TM
GCF_028619265.1,Leuconostoc mesenteroides,IMAU32539,Scaffold,1966,1,1,380,134.9,1,1,1,1,1,A_TM
GCF_056587155.1,Limosilactobacillus reuteri,C0041A5,Contig,1858,1,0,,,0,0,0,1,1,D_dltE_absent
GCF_039757455.1,Ligilactobacillus salivarius,1001295st1_G12_1001295H_181012,Scaffold,1785,1,0,,,0,0,0,1,1,D_dltE_absent
GCF_002148885.1,Lacticaseibacillus paracasei,DPC4536,Contig,2839,1,1,385,191.5,1,1,1,1,1,A_TM
GCF_053581545.1,Lactococcus lactis,FUA3918,Contig,2419,1,0,,,0,0,0,0,0,D_dltE_absent
GCF_041021525.1,Ligilactobacillus salivarius,Lac40,Contig,1827,1,0,,,0,0,0,1,1,D_dltE_absent
GCF_060252275.1,Pediococcus pentosaceus,HPB_954,Contig,1794,1,1,367,150.6,1,1,1,0,1,B_SP
GCF_056587215.1,Limosilactobacillus reuteri,C0041A2,Contig,1827,1,0,,,0,0,0,1,1,D_dltE_absent
GCF_030517475.1,Enterococcus faecalis,EfsC29,Complete Genome,2746,1,1,388,180.2,1,1,1,1,0,A_TM
GCF_054875885.1,Pediococcus acidilactici,PA24,Contig,1830,1,1,382,175.0,1,1,1,0,1,B_SP
GCF_051156935.1,Limosilactobacillus fermentum,BE090929-6-8,Contig,1862,1,0,,,0,0,0,1,1,D_dltE_absent
GCF_051371085.1,Ligilactobacillus salivarius,HC847,Scaffold,1667,1,0,,,0,0,0,1,1,D_dltE_absent
GCF_040927745.1,Bifidobacterium animalis,1001216st1_C11_RTP21198_201120,Scaffold,1536,0,0,,,0,0,0,0,0,E_no_dlt
GCF_025122115.1,Pediococcus pentosaceus,LBAE D28,Contig,1671,1,1,369,148.3,1,1,1,0,1,A_TM
GCF_051158295.1,Limosilactobacillus fermentum,BE090929-5-32,Contig,1858,1,0,,,0,0,0,1,1,D_dltE_absent
GCF_025194305.1,Levilactobacillus brevis,CIRM-BIA 2225,Contig,2280,1,1,392,271.4,1,1,1,1,1,B_SP
GCF_036365355.1,Latilactobacillus sakei subsp. carnosus,L4B,Contig,1854,1,1,383,174.8,1,1,1,1,1,B_SP
GCF_000497735.1,Bifidobacterium longum E18,E18,Chromosome,1929,0,0,,,0,0,0,0,0,E_no_dlt
GCF_020736585.1,Enterococcus faecium,SC1762,Complete Genome,2880,1,1,386,132.7,1,1,1,1,0,A_TM
GCF_015613105.1,Pediococcus pentosaceus,FAM 18528,Scaffold,1958,1,1,367,150.6,1,1,1,0,1,B_SP
GCF_028619465.1,Leuconostoc mesenteroides,IMAU32563,Scaffold,1827,1,1,380,135.0,1,1,1,1,1,A_TM
GCF_051157215.1,Limosilactobacillus fermentum,BE090929-6-36,Contig,1972,1,0,,,0,0,0,1,1,D_dltE_absent
GCF_002253625.1,Limosilactobacillus reuteri,609i,Scaffold,2055,1,0,,,0,0,0,1,1,D_dltE_absent
GCF_036365375.1,Latilactobacillus sakei subsp. carnosus,L1C,Contig,1854,1,1,383,174.8,1,1,1,1,1,B_SP
GCF_053581405.1,Lactococcus lactis,FUA3704,Contig,2209,1,0,,,0,0,0,0,0,D_dltE_absent
GCF_016415345.1,Enterococcus faecium,Dallas 111,Complete Genome,2691,1,1,386,132.7,1,1,1,1,0,A_TM
GCF_039612545.1,Ligilactobacillus salivarius,B37,Contig,1824,1,0,,,0,0,0,1,1,D_dltE_absent
GCF_028619515.1,Leuconostoc mesenteroides,IMAU32105,Scaffold,2016,1,1,380,134.3,1,1,1,1,1,A_TM
GCF_028335705.1,Enterococcus faecalis,K205-3,Complete Genome,2763,1,1,388,180.2,1,1,1,1,0,A_TM
GCF_024622305.1,Limosilactobacillus reuteri,DSM 100192,Contig,2192,1,0,,,0,0,0,1,1,D_dltE_absent
GCF_020540085.1,Pediococcus acidilactici,MSK.2.4,Contig,1822,1,1,382,170.3,1,1,1,0,1,B_SP
GCF_009910835.1,Pediococcus acidilactici,E1,Contig,1885,1,1,382,174.4,1,1,1,0,1,B_SP
GCF_030360845.1,Lacticaseibacillus paracasei,TOM.1339,Contig,2650,1,1,385,191.5,1,1,1,1,1,A_TM
GCF_009865735.1,Ligilactobacillus salivarius,NT4_8,Scaffold,1847,1,0,,,0,0,0,1,1,D_dltE_absent
GCF_028202945.1,Bifidobacterium animalis,B2_hRTP31088sv1_210526,Contig,1536,0,0,,,0,0,0,0,0,E_no_dlt
GCF_020784455.1,Limosilactobacillus reuteri,FUA 3048,Scaffold,1932,1,0,,,0,0,0,1,1,D_dltE_absent
GCF_032464775.1,Lactococcus lactis,LMG8526,Contig,2340,1,0,,,0,0,0,0,0,D_dltE_absent
GCF_020509325.1,Levilactobacillus brevis,LBX14,Contig,2217,1,1,392,270.1,1,1,1,1,1,B_SP
GCF_030369575.1,Bifidobacterium longum subsp. longum,BAMA-B05/BAu-B1024,Chromosome,1770,0,0,,,0,0,0,0,0,E_no_dlt
GCF_024539715.1,Pediococcus pentosaceus,PP31,Contig,1782,1,1,367,145.6,1,1,1,0,1,A_TM
GCF_050429015.1,Enterococcus faecalis,CI-1104,Complete Genome,2852,1,1,388,180.2,1,1,1,1,0,A_TM
GCF_016900035.1,Ligilactobacillus salivarius,An813,Contig,2004,1,0,,,0,0,0,1,1,D_dltE_absent
GCF_051157035.1,Limosilactobacillus fermentum,BE090929-6-47,Contig,1945,1,0,,,0,0,0,1,1,D_dltE_absent
GCF_900104835.1,Bifidobacterium longum,DSM 20219,Contig,1889,0,0,,,0,0,0,0,0,E_no_dlt
GCF_028203075.1,Bifidobacterium animalis,C11_hRTP31088sv1_210526,Scaffold,1540,0,0,,,0,0,0,0,0,E_no_dlt
GCF_059815635.1,Enterococcus faecium,EFA_24_full,Complete Genome,2673,1,1,389,149.6,1,1,1,1,0,A_TM
GCF_011009675.1,Pediococcus acidilactici,I32,Contig,1885,1,1,382,174.4,1,1,1,0,1,B_SP
GCF_051153595.1,Limosilactobacillus fermentum,BE1101-8-6,Contig,2006,1,0,,,0,0,0,1,1,D_dltE_absent
GCF_025122425.1,Levilactobacillus brevis,LBAE A15,Contig,2241,1,1,392,271.4,1,1,1,1,1,B_SP
GCF_009733615.2,Limosilactobacillus reuteri,G01_USFQ,Contig,2132,1,0,,,0,0,0,1,1,D_dltE_absent
GCF_001953235.1,Enterococcus faecium,ISMMS_VRE_12,Complete Genome,2790,1,1,386,130.7,1,1,1,1,0,A_TM
GCF_028619355.1,Leuconostoc mesenteroides,IMAU32610,Scaffold,1957,1,1,380,134.9,1,1,1,1,1,A_TM
GCF_036542485.1,Enterococcus faecalis,UO.H3019,Complete Genome,2737,1,1,388,180.2,1,1,1,1,0,A_TM
GCF_056783055.1,Lacticaseibacillus paracasei,K10,Contig,2835,1,1,385,192.1,1,1,1,1,1,A_TM
GCF_052156375.1,Lactococcus lactis,LM1009,Contig,2526,1,0,,,0,0,0,0,0,D_dltE_absent
GCF_008868525.1,Lacticaseibacillus paracasei,BIO5452,Contig,2725,1,1,385,192.2,1,1,1,1,1,A_TM
GCF_060235645.1,Lacticaseibacillus paracasei,UCO-100,Contig,2788,1,1,401,198.9,1,1,1,1,1,A_TM
GCF_009808925.1,Pediococcus acidilactici,FAM20579,Contig,1837,1,1,382,170.3,1,1,1,0,1,B_SP
GCF_900639355.1,Enterococcus faecium,-,Complete Genome,2783,1,1,386,132.7,1,1,1,1,0,A_TM
GCF_006381875.1,Levilactobacillus brevis,TR169,Contig,2330,1,1,392,270.1,1,1,1,1,1,B_SP
GCF_058598305.1,Levilactobacillus brevis,UTMB2,Contig,2387,1,1,392,274.1,1,1,1,1,1,B_SP
GCF_028202875.1,Bifidobacterium animalis,B11_hRTP31088sv1_210526,Contig,1539,0,0,,,0,0,0,0,0,E_no_dlt
GCF_028462705.1,Limosilactobacillus reuteri,92128,Contig,1883,1,0,,,0,0,0,1,1,D_dltE_absent
GCF_036365395.1,Latilactobacillus sakei subsp. carnosus,L1B,Contig,1854,1,1,383,174.8,1,1,1,1,1,B_SP
GCF_004115445.1,Pediococcus pentosaceus,6_1,Scaffold,1745,1,1,374,158.5,1,1,1,0,1,B_SP
GCF_000003135.1,Bifidobacterium longum subsp. longum ATCC 55813,ATCC 55813,Scaffold,1931,0,0,,,0,0,0,0,0,E_no_dlt
GCF_009866205.1,Ligilactobacillus salivarius,FWXBH4_1,Scaffold,1951,1,0,,,0,0,0,1,1,D_dltE_absent
GCF_001541125.1,Leuconostoc mesenteroides,GL1,Scaffold,1682,1,1,380,134.0,1,1,1,1,1,A_TM
GCF_965137725.1,Bifidobacterium longum subsp. longum,CIP64.62T,Scaffold,1884,0,0,,,0,0,0,0,0,E_no_dlt
GCF_051157795.1,Limosilactobacillus fermentum,BE090929-6-20,Contig,1875,1,0,,,0,0,0,1,1,D_dltE_absent
GCF_028328215.1,Pediococcus acidilactici,1001295st1_E2_1001295H_181012,Scaffold,1833,1,1,382,169.9,1,1,1,0,1,B_SP
GCF_051152755.1,Limosilactobacillus fermentum,BE1107-8-22,Contig,1868,1,0,,,0,0,0,1,1,D_dltE_absent
GCF_051152795.1,Limosilactobacillus fermentum,BE1107-8-21,Contig,1859,1,0,,,0,0,0,1,1,D_dltE_absent
GCF_012933165.2,Enterococcus faecium,A7214,Complete Genome,2777,1,1,389,149.6,1,1,1,1,0,A_TM
GCF_028202775.1,Bifidobacterium animalis,G1_hRTP31088sv1_210526,Contig,1533,0,0,,,0,0,0,0,0,E_no_dlt
GCF_050846755.1,Levilactobacillus brevis,G2UC,Scaffold,2452,1,1,392,272.9,1,1,1,1,1,B_SP
GCF_050506995.1,Enterococcus faecalis,C1335,Complete Genome,2715,1,1,388,180.2,1,1,1,1,0,A_TM
GCF_028202995.1,Bifidobacterium animalis,D1_hRTP31088sv1_210526,Scaffold,1540,0,0,,,0,0,0,0,0,E_no_dlt
GCF_025961305.1,Lactococcus lactis,BIGb0220,Contig,2540,1,0,,,0,0,0,0,0,D_dltE_absent
GCF_029664405.1,Lactococcus lactis,814,Contig,2253,1,0,,,0,0,0,0,0,D_dltE_absent
GCF_016882605.1,Bifidobacterium longum subsp. suillum,SU-851,Scaffold,1845,0,0,,,0,0,0,0,0,E_no_dlt
GCF_036365415.1,Latilactobacillus sakei subsp. carnosus,L4A,Contig,1854,1,1,383,174.8,1,1,1,1,1,B_SP
GCF_036620575.1,Pediococcus pentosaceus,MBBL4,Contig,1816,1,1,374,158.5,1,1,1,1,1,B_SP
GCF_051155375.1,Limosilactobacillus fermentum,BE1003-8-39,Contig,1904,1,0,,,0,0,0,1,1,D_dltE_absent
GCF_012241605.1,Lacticaseibacillus paracasei,DTA81,Scaffold,2773,1,1,385,192.1,1,1,1,1,1,A_TM
GCF_023743945.1,Leuconostoc mesenteroides,DRD-141,Scaffold,2054,1,1,380,136.1,1,1,1,1,1,A_TM
GCF_022212945.1,Enterococcus faecalis,119-1,Complete Genome,2695,1,1,388,180.2,1,1,1,1,0,A_TM
GCF_032464685.1,Lactococcus lactis,K231,Contig,2183,1,0,,,0,0,0,0,0,D_dltE_absent
GCF_059804075.1,Leuconostoc mesenteroides,C64,Contig,2053,1,1,380,134.3,1,1,1,1,1,A_TM
GCF_027667435.1,Pediococcus pentosaceus,AM65-14MHA,Scaffold,1692,1,1,374,158.5,1,1,1,1,1,B_SP
GCF_036365435.1,Latilactobacillus sakei subsp. carnosus,L1A,Contig,1854,1,1,383,174.8,1,1,1,1,1,B_SP
GCF_050507065.1,Enterococcus faecalis,C1337,Complete Genome,2745,1,1,388,180.2,1,1,1,1,0,A_TM
GCF_900639365.1,Enterococcus faecium,-,Complete Genome,2813,1,1,386,132.7,1,1,1,1,0,A_TM
GCF_051906175.1,Bifidobacterium longum subsp. longum,CICC 6186 = JCM 1217,Contig,1882,0,0,,,0,0,0,0,0,E_no_dlt
GCF_009866015.1,Ligilactobacillus salivarius,FYNDL2_4.scaf,Contig,1857,1,0,,,0,0,0,1,1,D_dltE_absent
GCF_040459675.1,Lacticaseibacillus paracasei,T0902,Scaffold,2939,1,1,385,192.1,1,1,1,1,1,A_TM
GCF_051152895.1,Limosilactobacillus fermentum,BE1107-8-15,Contig,1864,1,0,,,0,0,0,1,1,D_dltE_absent
GCF_050408585.1,Lactococcus lactis,01,Contig,2281,1,0,,,0,0,0,0,0,D_dltE_absent
GCF_030262485.1,Pediococcus acidilactici,ST6,Scaffold,1808,1,1,382,177.4,1,1,1,0,1,B_SP
GCF_980644415.1,Levilactobacillus brevis,-,Contig,2476,1,1,392,271.4,1,1,1,1,1,B_SP
GCF_025186345.1,Levilactobacillus brevis,994,Contig,2335,1,1,392,271.4,1,1,1,1,1,B_SP
GCF_015613055.1,Pediococcus pentosaceus,FAM 20675,Scaffold,1823,1,1,369,149.7,1,1,1,0,1,A_TM
GCF_028203155.1,Bifidobacterium animalis,A1_hRTP31088sv1_210526,Contig,1437,0,0,,,0,0,0,0,0,E_no_dlt
GCF_037966745.1,Lacticaseibacillus paracasei,ATA-LTC-Lp040802,Scaffold,2802,1,1,401,198.9,1,1,1,1,1,A_TM
GCF_051371665.1,Pediococcus pentosaceus,HC550,Scaffold,1879,1,1,369,148.3,1,1,1,0,1,A_TM
GCF_000771285.1,Bifidobacterium longum subsp. suis DSM 20211,DSM 20211,Contig,1976,0,0,,,0,0,0,0,0,E_no_dlt
GCF_015613305.1,Pediococcus pentosaceus,DSM 20281,Scaffold,1718,1,1,367,145.6,1,1,1,0,1,A_TM
GCF_025194505.1,Levilactobacillus brevis,CIRM-BIA 895,Contig,2411,1,1,392,270.1,1,1,1,1,1,B_SP
GCF_002254255.1,Limosilactobacillus reuteri,103b,Scaffold,2078,1,0,,,0,0,0,1,1,D_dltE_absent
GCF_036431445.1,Limosilactobacillus fermentum,FI11615,Contig,1862,1,0,,,0,0,0,1,1,D_dltE_absent
GCF_000741245.1,Bifidobacterium longum subsp. longum,LMG 13197,Contig,1835,0,0,,,0,0,0,0,0,E_no_dlt
GCF_002926075.1,Lactococcus lactis,PAZ,Contig,2466,1,0,,,0,0,0,0,0,D_dltE_absent
GCF_015613745.1,Pediococcus pentosaceus,FAM 24213,Scaffold,1917,1,1,374,156.1,1,1,1,0,1,B_SP
GCF_051906195.1,Bifidobacterium longum subsp. infantis,CICC 6069 = ATCC 15697,Contig,2444,0,0,,,0,0,0,0,0,E_no_dlt
GCF_005576735.1,Enterococcus faecium,VB3240,Complete Genome,2643,1,1,389,149.6,1,1,1,1,0,A_TM
GCF_051153095.1,Limosilactobacillus fermentum,BE1103-8-15,Contig,1894,1,0,,,0,0,0,1,1,D_dltE_absent
GCF_028743535.1,Enterococcus faecalis,B-537,Complete Genome,2647,1,1,388,180.2,1,1,1,1,0,A_TM
GCF_016415565.1,Enterococcus faecium,Dallas 158,Complete Genome,2652,1,1,386,132.7,1,1,1,1,0,A_TM
GCF_003061685.1,Limosilactobacillus reuteri,DS14_10,Contig,1912,1,0,,,0,0,0,1,1,D_dltE_absent
GCF_031930505.1,Lactococcus lactis,Y61,Scaffold,2545,1,0,,,0,0,0,0,0,D_dltE_absent
GCF_009497095.1,Leuconostoc mesenteroides,M11,Scaffold,1915,1,1,380,134.9,1,1,1,1,1,A_TM
GCF_020784295.1,Limosilactobacillus reuteri,M_2,Scaffold,2006,1,0,,,0,0,0,1,1,D_dltE_absent
GCF_040459585.1,Lacticaseibacillus paracasei,T1301,Scaffold,2937,1,1,385,192.1,1,1,1,1,1,A_TM
GCF_002024245.1,Enterococcus faecium,-,Complete Genome,2788,1,1,389,149.6,1,1,1,1,0,A_TM
GCF_033814935.1,Enterococcus faecalis,ES-109,Complete Genome,2764,1,1,388,178.7,1,1,1,1,0,A_TM
GCF_002849575.1,Lacticaseibacillus paracasei,DUP 13076,Contig,2868,1,1,385,192.1,1,1,1,1,1,A_TM
GCF_048565585.1,Levilactobacillus brevis,IBB3735,Contig,2470,1,1,392,271.4,1,1,1,1,1,B_SP
GCF_024579795.1,Enterococcus faecalis,JF3A-4253,Complete Genome,2869,1,1,388,180.2,1,1,1,1,0,A_TM
GCF_028328245.1,Pediococcus acidilactici,1001295st1_A1_1001295B_180824,Scaffold,1833,1,1,382,169.9,1,1,1,0,1,B_SP
GCF_005844245.1,Bifidobacterium animalis,BSD2780061688st1_E5,Scaffold,1533,0,0,,,0,0,0,0,0,E_no_dlt
GCF_025190545.1,Lacticaseibacillus paracasei,CIRM-BIA 2129,Contig,2685,1,1,385,191.4,1,1,1,1,1,A_TM
GCF_040924865.1,Ligilactobacillus salivarius,1001295st1_A10_RTP21277_210401,Scaffold,1841,1,0,,,0,0,0,1,1,D_dltE_absent
GCF_040924825.1,Ligilactobacillus salivarius,1001295st1_D10_RTP21277_210401,Scaffold,1841,1,0,,,0,0,0,1,1,D_dltE_absent
GCF_018991645.2,Lactococcus lactis,1.8.12,Scaffold,2560,1,0,,,0,0,0,0,0,D_dltE_absent
GCF_060534025.1,Pediococcus acidilactici,CR12,Contig,1907,1,1,382,174.0,1,1,1,0,1,B_SP
GCF_015555175.1,Pediococcus acidilactici,1001295B_180824_F12,Scaffold,1832,1,1,382,169.9,1,1,1,0,1,B_SP
GCF_050847015.1,Ligilactobacillus salivarius,TGM 0103,Contig,1781,1,0,,,0,0,0,1,1,D_dltE_absent
GCF_050506765.1,Enterococcus faecalis,C6411,Complete Genome,2832,1,1,388,180.2,1,1,1,1,0,A_TM
GCF_060534125.1,Pediococcus acidilactici,CR04,Contig,1908,1,1,382,174.0,1,1,1,0,1,B_SP
GCF_028202905.1,Bifidobacterium animalis,1001216st1_E5_BSD2780061688b_171218,Scaffold,1532,0,0,,,0,0,0,0,0,E_no_dlt
GCF_020538555.1,Bifidobacterium animalis,MSK.23.142,Contig,1569,0,0,,,0,0,0,0,0,E_no_dlt
GCF_965138865.1,Lacticaseibacillus paracasei,CIP109805,Scaffold,2830,1,1,385,192.1,1,1,1,1,1,A_TM
GCF_020538625.1,Bifidobacterium animalis,MSK.23.137,Contig,1555,0,0,,,0,0,0,0,0,E_no_dlt
GCF_037238825.1,Enterococcus faecalis,EfaR132,Complete Genome,2671,1,1,388,180.2,1,1,1,1,0,A_TM
GCF_000784455.1,Levilactobacillus brevis,WK12,Contig,2555,1,1,392,270.1,1,1,1,1,1,B_SP
GCF_040924885.1,Ligilactobacillus salivarius,1001295st1_A6_RTP21277_210401,Scaffold,1841,1,0,,,0,0,0,1,1,D_dltE_absent
GCF_057376745.1,Levilactobacillus brevis,UNCP-H3M02,Contig,2559,1,1,392,272.9,1,1,1,1,1,B_SP
GCF_965137735.1,Bifidobacterium longum subsp. infantis,CIP64.67T,Scaffold,2415,0,0,,,0,0,0,0,0,E_no_dlt
GCF_054072575.1,Pediococcus pentosaceus,NR4-4,Contig,1693,1,1,380,158.5,1,1,1,0,1,A_TM
GCF_024355285.1,Pediococcus acidilactici,ACB18,Contig,1901,1,1,382,172.9,1,1,1,0,1,B_SP
GCF_059579905.1,Pediococcus pentosaceus,C282,Scaffold,1941,1,1,374,160.1,1,1,1,0,1,B_SP
GCF_051152915.1,Limosilactobacillus fermentum,BE1107-8-10,Contig,1863,1,0,,,0,0,0,1,1,D_dltE_absent
GCF_054483955.1,Bifidobacterium longum,8216,Contig,2007,0,0,,,0,0,0,0,0,E_no_dlt
GCF_039913445.1,Bifidobacterium animalis,H10_hRTP31088sv1_210526,Contig,1541,0,0,,,0,0,0,0,0,E_no_dlt
GCF_042848215.1,Bifidobacterium longum,i04-0019-C4,Contig,1977,0,0,,,0,0,0,0,0,E_no_dlt
GCF_045527865.1,Leuconostoc mesenteroides,FAM 25300,Scaffold,2089,1,1,380,134.3,1,1,1,0,1,A_TM
GCF_900163595.1,Limosilactobacillus fermentum,S13,Contig,1794,1,0,,,0,0,0,1,1,D_dltE_absent
GCF_003060705.1,Levilactobacillus brevis,DM9218,Scaffold,2532,1,1,392,271.4,1,1,1,1,1,B_SP
GCF_051155315.1,Limosilactobacillus fermentum,BE1003-8-4,Contig,1867,1,0,,,0,0,0,1,1,D_dltE_absent
GCF_039650495.1,Lacticaseibacillus paracasei,DDS12,Scaffold,2810,1,1,385,192.1,1,1,1,1,1,A_TM
GCF_025188325.1,Leuconostoc mesenteroides,CIRM-BIA 694,Contig,1917,1,1,380,134.5,1,1,1,1,1,A_TM
GCF_021961665.1,Lactococcus lactis,UGLL01,Contig,2308,1,0,,,0,0,0,0,0,D_dltE_absent
GCF_008690805.1,Leuconostoc mesenteroides,WC0330,Scaffold,1682,1,1,380,134.3,1,1,1,1,1,A_TM
GCF_040924755.1,Ligilactobacillus salivarius,1001295st1_G10_RTP21277_210401,Scaffold,1842,1,0,,,0,0,0,1,1,D_dltE_absent
GCF_009938285.1,Enterococcus faecium,KUHS13,Complete Genome,2793,1,1,386,132.7,1,1,1,1,0,A_TM
GCF_050563495.1,Enterococcus faecium,8019,Complete Genome,2813,1,1,386,132.7,1,1,1,1,0,A_TM
GCF_050445425.1,Lactococcus lactis,FU2,Contig,2397,1,0,,,0,0,0,0,0,D_dltE_absent
GCF_049808515.1,Limosilactobacillus reuteri,6132,Scaffold,2131,1,0,,,0,0,0,1,1,D_dltE_absent
GCF_054075005.1,Limosilactobacillus reuteri,BA6,Contig,1875,1,0,,,0,0,0,1,1,D_dltE_absent
GCF_030020455.1,Enterococcus faecalis,EfsC123,Complete Genome,2664,1,1,388,180.2,1,1,1,1,0,A_TM
GCF_002253965.1,Limosilactobacillus reuteri,111b,Scaffold,2067,1,0,,,0,0,0,1,1,D_dltE_absent
GCF_050351955.1,Lactococcus lactis,FV38-201,Contig,2404,1,0,,,0,0,0,0,0,D_dltE_absent
GCF_055768545.1,Levilactobacillus brevis,K071,Contig,2416,1,1,392,270.1,1,1,1,1,1,B_SP
GCF_050350635.1,Lactococcus lactis,FV109-402,Scaffold,2464,1,0,,,0,0,0,0,0,D_dltE_absent
GCF_040436435.1,Enterococcus faecalis,10033598-3,Complete Genome,2744,1,1,388,179.1,1,1,1,1,0,A_TM
GCF_040459555.1,Lacticaseibacillus paracasei,T1901,Scaffold,2936,1,1,385,192.1,1,1,1,1,1,A_TM
GCF_024580845.1,Pediococcus pentosaceus,111QC2O2,Contig,1791,1,1,372,149.2,1,1,1,0,1,B_SP
GCF_040436415.1,Enterococcus faecalis,10033598-1,Complete Genome,2754,1,1,388,179.1,1,1,1,1,0,A_TM
GCF_025660485.1,Lacticaseibacillus paracasei,PB5,Contig,2845,1,1,385,192.1,1,1,1,1,1,A_TM
GCF_009863535.1,Ligilactobacillus salivarius,FJLHD32M4,Contig,1849,1,0,,,0,0,0,1,1,D_dltE_absent
GCF_000771105.1,Bifidobacterium longum subsp. infantis ATCC 15697 = JCM 1222 = DSM 20088,DSM 20088,Contig,2445,0,0,,,0,0,0,0,0,E_no_dlt
GCF_031626855.1,Lacticaseibacillus paracasei,FUA3413,Contig,2847,1,1,385,192.0,1,1,1,1,1,A_TM
GCF_009866215.1,Ligilactobacillus salivarius,FWXBH9_2,Scaffold,1895,1,0,,,0,0,0,1,1,D_dltE_absent
GCF_060534045.1,Pediococcus acidilactici,CR11,Contig,1913,1,1,382,174.0,1,1,1,0,1,B_SP
GCF_051156995.1,Limosilactobacillus fermentum,BE090929-6-5,Contig,1848,1,0,,,0,0,0,1,1,D_dltE_absent
GCF_009863925.1,Ligilactobacillus salivarius,6_2,Scaffold,1859,1,0,,,0,0,0,1,1,D_dltE_absent
GCF_009809755.1,Pediococcus acidilactici,FAM19136,Contig,1914,1,1,382,174.0,1,1,1,0,1,B_SP
GCF_020538585.1,Bifidobacterium animalis,MSK.23.140,Contig,1713,0,0,,,0,0,0,0,0,E_no_dlt
GCF_045528385.1,Leuconostoc mesenteroides,FAM 24179,Contig,1963,1,1,380,134.3,1,1,1,1,1,A_TM
GCF_028328115.1,Pediococcus acidilactici,BSD3448080978st1_B2_BSD3448080978_160613,Scaffold,1855,1,1,382,174.0,1,1,1,0,1,B_SP
GCF_020538745.1,Bifidobacterium animalis,MSK.23.126,Contig,1560,0,0,,,0,0,0,0,0,E_no_dlt
GCF_003345725.1,Levilactobacillus brevis,WIKIM12,Contig,2563,1,1,392,270.1,1,1,1,1,1,B_SP
GCF_025998395.1,Enterococcus faecium,NUITM-VRE1,Complete Genome,2888,1,1,389,149.6,1,1,1,1,0,A_TM
GCF_020538695.1,Bifidobacterium animalis,MSK.23.129,Contig,1565,0,0,,,0,0,0,0,0,E_no_dlt
GCF_980646105.1,Levilactobacillus brevis,-,Contig,2427,1,1,392,271.4,1,1,1,1,1,B_SP
GCF_059579925.1,Pediococcus pentosaceus,C23221,Scaffold,1929,1,1,374,160.1,1,1,1,0,1,B_SP
GCF_978043355.1,Limosilactobacillus reuteri,-,Contig,1880,1,0,,,0,0,0,1,1,D_dltE_absent
GCF_006538905.1,Levilactobacillus brevis,NBRC 12005,Contig,2276,1,1,392,270.1,1,1,1,1,1,B_SP
GCF_020538665.1,Bifidobacterium animalis,MSK.23.131,Contig,1553,0,0,,,0,0,0,0,0,E_no_dlt
GCF_033658525.1,Bifidobacterium longum,YGMCC0342,Contig,2045,0,0,,,0,0,0,0,0,E_no_dlt
GCF_028888655.1,Pediococcus pentosaceus,SOL6063_S3,Contig,1717,1,1,367,148.6,1,1,1,0,1,B_SP
GCF_022394815.1,Pediococcus pentosaceus,ST65ACC,Contig,1893,1,1,367,148.6,1,1,1,0,1,A_TM
GCF_057786915.1,Levilactobacillus brevis,UBLB-9,Contig,2338,1,1,392,270.1,1,1,1,1,1,B_SP
GCF_036431425.1,Limosilactobacillus fermentum,FI11572,Contig,1885,1,0,,,0,0,0,1,1,D_dltE_absent
GCF_000741625.1,Bifidobacterium longum subsp. suis,LMG 21814,Contig,1867,0,0,,,0,0,0,0,0,E_no_dlt
GCF_033658105.1,Bifidobacterium longum,YGMCC0186,Contig,2079,0,0,,,0,0,0,0,0,E_no_dlt
GCF_046736495.1,Pediococcus pentosaceus,CVASU1,Contig,1711,1,1,374,158.6,1,1,1,0,1,B_SP
GCF_028620075.1,Leuconostoc mesenteroides,IMAU80274,Scaffold,1925,1,1,380,134.3,1,1,1,1,1,A_TM
GCF_900163585.1,Limosilactobacillus fermentum,S6,Contig,1795,1,0,,,0,0,0,1,1,D_dltE_absent
GCF_051153615.1,Limosilactobacillus fermentum,BE1101-8-7,Contig,1999,1,0,,,0,0,0,1,1,D_dltE_absent
GCF_042854595.1,Bifidobacterium longum,f01,Contig,1886,0,0,,,0,0,0,0,0,E_no_dlt
GCF_001953255.1,Enterococcus faecium,ISMMS_VRE_9,Complete Genome,2780,1,1,386,130.7,1,1,1,1,0,A_TM
GCF_028619795.1,Leuconostoc mesenteroides,IMAU80235,Scaffold,2056,1,1,380,136.8,1,1,1,0,1,A_TM
GCF_028619505.1,Leuconostoc mesenteroides,IMAU32478,Scaffold,1921,1,1,380,134.9,1,1,1,1,1,A_TM
GCF_051158915.1,Limosilactobacillus fermentum,BE0315-1,Contig,1927,1,0,,,0,0,0,1,1,D_dltE_absent
GCF_020785495.1,Limosilactobacillus reuteri,FJ3,Scaffold,1919,1,0,,,0,0,0,1,1,D_dltE_absent
GCF_059815695.1,Enterococcus faecium,EFA_20_full,Complete Genome,2530,1,1,389,149.6,1,1,1,1,0,A_TM
GCF_016415545.1,Enterococcus faecium,Dallas 154_1,Complete Genome,2645,1,1,386,132.7,1,1,1,1,0,A_TM
GCF_003046055.1,Limosilactobacillus reuteri,LR5A,Scaffold,1853,1,0,,,0,0,0,1,1,D_dltE_absent
GCF_040549055.1,Lactococcus lactis,1925,Contig,2271,1,0,,,0,0,0,0,0,D_dltE_absent
GCF_002253905.1,Limosilactobacillus reuteri,111v,Scaffold,2080,1,0,,,0,0,0,1,1,D_dltE_absent
GCF_004794115.1,Limosilactobacillus reuteri,NM12_1-47,Contig,1896,1,0,,,0,0,0,1,1,D_dltE_absent
GCF_012689205.1,Lactococcus lactis,D53,Contig,2594,1,0,,,0,0,0,0,0,D_dltE_absent
GCF_040436425.1,Enterococcus faecalis,10033598-2,Complete Genome,2747,1,1,388,179.1,1,1,1,1,0,A_TM
GCF_050350715.1,Lactococcus lactis,FV106-201,Contig,2492,1,0,,,0,0,0,0,0,D_dltE_absent
GCF_026162465.1,Lacticaseibacillus paracasei,EPS DA-BACS,Contig,2828,1,1,385,192.1,1,1,1,1,1,A_TM
GCF_003966405.1,Enterococcus faecalis,KUB3007,Complete Genome,2937,1,1,388,176.2,1,1,1,1,0,A_TM
GCF_050350595.1,Lactococcus lactis,FV101-102,Scaffold,2535,1,0,,,0,0,0,0,0,D_dltE_absent
GCF_003966385.1,Enterococcus faecalis,KUB3006,Complete Genome,2894,1,1,388,176.2,1,1,1,1,0,A_TM
GCF_049262565.1,Enterococcus faecalis,UMB6935B,Complete Genome,2752,1,1,388,180.0,1,1,1,1,0,A_TM
GCF_051064035.1,Lacticaseibacillus paracasei,372F,Contig,2816,1,1,385,192.1,1,1,1,1,1,A_TM
GCF_009866235.1,Ligilactobacillus salivarius,FWXBH35_2,Scaffold,2052,1,0,,,0,0,0,1,1,D_dltE_absent
GCF_002914885.1,Lacticaseibacillus paracasei,BP07,Contig,2623,1,1,397,163.4,1,1,1,1,1,A_TM
GCF_025631055.1,Lacticaseibacillus paracasei,PB6,Contig,2841,1,1,385,192.1,1,1,1,1,1,A_TM
GCF_009863555.1,Ligilactobacillus salivarius,FJLHD2M8,Contig,1935,1,0,,,0,0,0,1,1,D_dltE_absent
GCF_013249135.1,Pediococcus acidilactici,BIO6314,Contig,1779,1,1,382,174.0,1,1,1,0,1,B_SP
GCF_040924845.1,Ligilactobacillus salivarius,1001295st1_A9_RTP21277_210401,Scaffold,1842,1,0,,,0,0,0,1,1,D_dltE_absent
GCF_009869985.1,Ligilactobacillus salivarius,FZJTZ28M4.scaf,Scaffold,1936,1,0,,,0,0,0,1,1,D_dltE_absent
GCF_009809625.1,Pediococcus acidilactici,FAM19149,Contig,1920,1,1,382,174.0,1,1,1,0,1,B_SP
GCF_020538725.1,Bifidobacterium animalis,MSK.23.128,Contig,1561,0,0,,,0,0,0,0,0,E_no_dlt
GCF_009808045.1,Pediococcus acidilactici,FAM19134,Contig,1913,1,1,382,174.0,1,1,1,0,1,B_SP
GCF_978041925.1,Pediococcus acidilactici,-,Contig,1913,1,1,379,172.9,1,1,1,0,1,B_SP
GCF_028203245.1,Bifidobacterium animalis,1001216st1_B5_BSD2780061688b_171218,Scaffold,1534,0,0,,,0,0,0,0,0,E_no_dlt
GCF_980654375.1,Levilactobacillus brevis,-,Contig,2327,1,1,392,270.1,1,1,1,1,1,B_SP
GCF_020538865.1,Bifidobacterium animalis,MSK.23.122,Contig,1564,0,0,,,0,0,0,0,0,E_no_dlt
GCF_040194405.1,Levilactobacillus brevis,QD-1,Contig,2080,1,1,392,271.4,1,1,1,1,1,B_SP
GCF_036431035.1,Pediococcus pentosaceus,FI11554,Contig,1747,1,1,367,145.0,1,1,1,0,1,A_TM
GCF_980644795.1,Levilactobacillus brevis,-,Contig,2399,1,1,392,270.1,1,1,1,1,1,B_SP
GCF_020538755.1,Bifidobacterium animalis,MSK.23.127,Contig,1659,0,0,,,0,0,0,0,0,E_no_dlt
GCF_024125265.1,Bifidobacterium longum,NB2B-11-FAA,Contig,1822,0,0,,,0,0,0,0,0,E_no_dlt
GCF_046736455.1,Pediococcus pentosaceus,CVASU3,Contig,1709,1,1,374,158.6,1,1,1,0,1,B_SP
GCF_036431105.1,Pediococcus pentosaceus,FI11618,Contig,1662,1,1,369,150.2,1,1,1,1,1,B_SP
GCF_001541605.1,Levilactobacillus brevis,D6,Contig,2513,1,1,392,270.1,1,1,1,1,1,B_SP
GCF_051157695.1,Limosilactobacillus fermentum,BE090929-6-24,Contig,1948,1,0,,,0,0,0,1,1,D_dltE_absent
GCF_033659025.1,Bifidobacterium longum,YGMCC0555,Contig,2128,0,0,,,0,0,0,0,0,E_no_dlt
GCF_009741385.1,Bifidobacterium longum,JSRL 03,Contig,1777,0,0,,,0,0,0,0,0,E_no_dlt
GCF_024580495.1,Pediococcus pentosaceus,105QC2O2,Contig,1835,1,1,372,149.2,1,1,1,0,1,B_SP
GCF_023743975.1,Leuconostoc mesenteroides,DRD-2,Scaffold,1654,1,1,380,133.6,1,1,1,1,1,A_TM
GCF_036431305.1,Limosilactobacillus fermentum,FI11624,Contig,1882,1,0,,,0,0,0,1,1,D_dltE_absent
GCF_012933295.2,Enterococcus faecium,A15023,Complete Genome,2807,1,1,386,130.7,1,1,1,1,0,A_TM
GCF_033657985.1,Bifidobacterium longum,YGMCC0233,Contig,1964,0,0,,,0,0,0,0,0,E_no_dlt
GCF_051152655.1,Limosilactobacillus fermentum,BE1107-8-24,Contig,1856,1,0,,,0,0,0,1,1,D_dltE_absent
GCF_030361285.1,Leuconostoc mesenteroides,TOM.102,Contig,1865,1,1,380,134.3,1,1,1,1,1,A_TM
GCF_009649445.1,Limosilactobacillus reuteri,L1600-1,Contig,1892,1,0,,,0,0,0,1,1,D_dltE_absent
GCF_051157755.1,Limosilactobacillus fermentum,BE090929-6-23,Contig,1932,1,0,,,0,0,0,1,1,D_dltE_absent
GCF_028619635.1,Leuconostoc mesenteroides,IMAU10297,Scaffold,2028,1,1,380,134.3,1,1,1,1,1,A_TM
GCF_015476295.1,Enterococcus faecium,VRE3363,Complete Genome,2810,1,1,386,130.7,1,1,1,1,0,A_TM
GCF_020782925.1,Lactococcus lactis,Three,Contig,2821,1,0,,,0,0,0,0,0,D_dltE_absent
GCF_014145445.1,Limosilactobacillus reuteri,AP3,Scaffold,1980,1,0,,,0,0,0,1,1,D_dltE_absent
GCF_017815695.1,Enterococcus faecium,VB976,Complete Genome,2879,1,1,389,149.6,1,1,1,1,0,A_TM
GCF_028619495.1,Leuconostoc mesenteroides,IMAU32196,Scaffold,1867,1,1,380,134.9,1,1,1,1,1,A_TM
GCF_023375265.1,Enterococcus faecalis,S39-4,Complete Genome,2765,1,1,388,180.2,1,1,1,1,0,A_TM
GCF_020784605.1,Limosilactobacillus reuteri,C3,Scaffold,1983,1,0,,,0,0,0,1,1,D_dltE_absent
GCF_029664485.1,Lactococcus lactis,537,Contig,2483,1,0,,,0,0,0,0,0,D_dltE_absent
GCF_038441115.1,Enterococcus faecium,2016S09-053,Complete Genome,2791,1,1,386,132.7,1,1,1,1,0,A_TM
GCF_040459635.1,Lacticaseibacillus paracasei,T0602,Scaffold,2891,1,1,385,191.4,1,1,1,1,1,A_TM
GCF_050445445.1,Lactococcus lactis,FU1,Contig,2277,1,0,,,0,0,0,0,0,D_dltE_absent
GCF_050506775.1,Enterococcus faecalis,C6409,Complete Genome,2898,1,1,388,176.1,1,1,1,1,0,A_TM
GCF_003061745.1,Limosilactobacillus reuteri,DS13_10,Contig,1901,1,0,,,0,0,0,1,1,D_dltE_absent
GCF_036277495.1,Enterococcus faecalis,KS3H-124,Complete Genome,2657,1,1,388,180.2,1,1,1,1,0,A_TM
GCF_009863635.1,Ligilactobacillus salivarius,FJLHD24M1,Contig,1870,1,0,,,0,0,0,1,1,D_dltE_absent
GCF_023656965.1,Lacticaseibacillus paracasei,ATCC 27092,Contig,2865,1,1,385,192.1,1,1,1,1,1,A_TM
GCF_050352355.1,Lactococcus lactis,FV114-102,Scaffold,2495,1,0,,,0,0,0,0,0,D_dltE_absent
GCF_028878315.1,Lacticaseibacillus paracasei,DSM 4905,Scaffold,2879,1,1,385,190.6,1,1,1,1,1,A_TM
GCF_022699225.1,Enterococcus faecium,NY2032,Complete Genome,2830,1,1,386,130.7,1,1,1,1,0,A_TM
GCF_009865785.1,Ligilactobacillus salivarius,NT15_1,Contig,1874,1,0,,,0,0,0,1,1,D_dltE_absent
GCF_030020665.1,Enterococcus faecalis,EfsC17,Complete Genome,2760,1,1,388,180.2,1,1,1,1,0,A_TM
GCF_027681385.1,Ligilactobacillus salivarius,AF61-10pH5,Scaffold,1741,1,0,,,0,0,0,1,1,D_dltE_absent
GCF_020784595.1,Limosilactobacillus reuteri,C4,Scaffold,1986,1,0,,,0,0,0,1,1,D_dltE_absent
GCF_009809235.1,Pediococcus acidilactici,FAM19151,Contig,1917,1,1,382,174.0,1,1,1,0,1,B_SP
GCF_002148805.1,Lacticaseibacillus paracasei,DPC4206,Contig,2857,1,1,385,191.5,1,1,1,1,1,A_TM
GCF_056353775.1,Lactococcus lactis,53_bin.2,Contig,2291,1,0,,,0,0,0,0,0,D_dltE_absent
GCF_009808405.1,Pediococcus acidilactici,FAM19141,Contig,1912,1,1,382,174.0,1,1,1,0,1,B_SP
GCF_028203095.1,Bifidobacterium animalis,1001216st1_G6_D55t1_190419,Scaffold,1533,0,0,,,0,0,0,0,0,E_no_dlt
GCF_003438595.1,Ligilactobacillus salivarius,OM08-20,Scaffold,1961,1,0,,,0,0,0,1,1,D_dltE_absent
GCF_036279155.1,Enterococcus faecalis,KS2H-124,Complete Genome,2659,1,1,388,180.2,1,1,1,1,0,A_TM
GCF_028202655.1,Bifidobacterium animalis,G12_hRTP31088sv1_210526,Scaffold,1537,0,0,,,0,0,0,0,0,E_no_dlt
GCF_053901605.1,Levilactobacillus brevis,52st,Contig,2444,1,1,392,271.4,1,1,1,1,1,B_SP
GCF_009809855.1,Pediococcus acidilactici,FAM19133,Contig,1913,1,1,382,174.0,1,1,1,0,1,B_SP
GCF_052692215.1,Lacticaseibacillus paracasei,H62,Contig,2926,1,1,385,192.1,1,1,1,1,1,A_TM
GCF_980651585.1,Levilactobacillus brevis,-,Contig,2827,1,1,392,271.4,1,1,1,1,1,B_SP
GCF_060252335.1,Pediococcus pentosaceus,HPB_953,Contig,1901,1,1,367,150.6,1,1,1,0,1,B_SP
GCF_002160855.1,Ligilactobacillus salivarius,An128,Contig,1748,1,0,,,0,0,0,1,1,D_dltE_absent
GCF_033659345.1,Bifidobacterium longum,YGMCC0718,Scaffold,1836,0,0,,,0,0,0,0,0,E_no_dlt
GCF_025132875.1,Pediococcus pentosaceus,1021,Contig,1858,1,1,367,150.6,1,1,1,0,1,B_SP
GCF_009809845.1,Pediococcus acidilactici,FAM19135,Contig,1913,1,1,382,174.0,1,1,1,0,1,B_SP
GCF_036431465.1,Limosilactobacillus fermentum,FI11595,Contig,1807,1,0,,,0,0,0,1,1,D_dltE_absent
GCF_058268885.1,Bifidobacterium longum,-,Contig,1830,0,0,,,0,0,0,0,0,E_no_dlt
GCF_028620105.1,Leuconostoc mesenteroides,IMAU80770,Scaffold,1984,1,1,380,134.3,1,1,1,1,1,A_TM
GCF_012933055.2,Enterococcus faecium,BP3378,Complete Genome,2878,1,1,389,149.6,1,1,1,1,0,A_TM
GCF_028619685.1,Leuconostoc mesenteroides,IMAU10296,Scaffold,2050,1,1,380,134.3,1,1,1,1,1,A_TM
GCF_009808155.1,Pediococcus acidilactici,FAM19139,Contig,1912,1,1,382,174.0,1,1,1,0,1,B_SP
GCF_020708875.1,Bifidobacterium animalis,MSK.23.138,Contig,1610,0,0,,,0,0,0,0,0,E_no_dlt
GCF_032841255.1,Levilactobacillus brevis,MRS-9,Contig,2366,1,1,392,272.9,1,1,1,1,1,B_SP
GCF_025122195.1,Pediococcus pentosaceus,LBAE B20,Contig,1854,1,1,367,148.6,1,1,1,0,1,B_SP
GCF_033659065.1,Bifidobacterium longum,YGMCC0581,Scaffold,1836,0,0,,,0,0,0,0,0,E_no_dlt
GCF_053471705.1,Limosilactobacillus fermentum,CRL2085,Contig,1813,1,0,,,0,0,0,1,1,D_dltE_absent
GCF_028619675.1,Leuconostoc mesenteroides,IMAU11104,Scaffold,1994,1,1,380,132.2,1,1,1,1,1,A_TM
GCF_049180395.1,Limosilactobacillus fermentum,JLJ21,Scaffold,2047,1,0,,,0,0,0,1,1,D_dltE_absent
GCF_059651795.1,Pediococcus pentosaceus,Pp_1002,Scaffold,1682,1,1,369,150.1,1,1,1,1,1,A_TM
GCF_018219325.1,Enterococcus faecium,PR01996-12,Complete Genome,2810,1,1,389,149.6,1,1,1,1,0,A_TM
GCF_028203115.1,Bifidobacterium animalis,B7_hRTP31088sv1_210526,Scaffold,1536,0,0,,,0,0,0,0,0,E_no_dlt
GCF_058268875.1,Bifidobacterium longum,-,Scaffold,1829,0,0,,,0,0,0,0,0,E_no_dlt
GCF_005864365.1,Leuconostoc mesenteroides,FAM 18356,Contig,1778,1,1,380,135.6,1,1,1,1,1,A_TM
GCF_032841235.1,Levilactobacillus brevis,MRS-8,Contig,2438,1,1,392,272.9,1,1,1,1,1,B_SP
GCF_910574215.1,Limosilactobacillus reuteri,-,Scaffold,2012,1,0,,,0,0,0,1,1,D_dltE_absent
GCF_049180455.1,Limosilactobacillus fermentum,PV18,Scaffold,2062,1,0,,,0,0,0,1,1,D_dltE_absent
GCF_009809195.1,Pediococcus pentosaceus,FAM17622,Contig,1760,1,1,374,161.1,1,1,1,0,1,B_SP
GCF_028619775.1,Leuconostoc mesenteroides,IMAU80379,Scaffold,1939,1,1,380,134.3,1,1,1,1,1,A_TM
GCF_050445305.1,Lactococcus lactis,D2,Contig,2458,1,0,,,0,0,0,0,0,D_dltE_absent
GCF_023299685.1,Enterococcus faecalis,AT22,Complete Genome,2784,1,1,388,182.9,1,1,1,1,0,A_TM
GCF_003094975.1,Bifidobacterium longum,DS7_3,Contig,1767,0,0,,,0,0,0,0,0,E_no_dlt
GCF_020785975.1,Limosilactobacillus reuteri,AP5,Scaffold,1978,1,0,,,0,0,0,1,1,D_dltE_absent
GCF_051153655.1,Limosilactobacillus fermentum,BE1101-8-5,Contig,1938,1,0,,,0,0,0,1,1,D_dltE_absent
GCF_003712245.1,Lacticaseibacillus paracasei,FAM18108,Scaffold,2919,1,1,397,163.1,1,1,1,1,1,A_TM
GCF_028619145.1,Leuconostoc mesenteroides,IMAU80261,Scaffold,2014,1,1,380,134.0,1,1,1,1,1,A_TM
GCF_029664535.1,Lactococcus lactis,54,Contig,2560,1,0,,,0,0,0,0,0,D_dltE_absent
GCF_014874615.1,Enterococcus faecium,VB3338,Complete Genome,2878,1,1,389,149.6,1,1,1,1,0,A_TM
GCF_009870355.1,Ligilactobacillus salivarius,FJLHD4M1,Contig,1946,1,0,,,0,0,0,1,1,D_dltE_absent
GCF_053749055.1,Lacticaseibacillus paracasei,PL0013,Contig,2646,1,1,385,192.1,1,1,1,1,1,A_TM
GCF_046109925.1,Enterococcus faecalis,DJH702_8,Complete Genome,2670,1,1,388,180.2,1,1,1,1,0,A_TM
GCF_009808005.1,Pediococcus acidilactici,FAM19140,Contig,1913,1,1,382,174.0,1,1,1,0,1,B_SP
GCF_017898025.1,Enterococcus faecium,VB3378,Complete Genome,2879,1,1,389,149.6,1,1,1,1,0,A_TM
GCF_980651205.1,Levilactobacillus brevis,-,Contig,2410,1,1,392,272.3,1,1,1,1,1,B_SP
GCF_032841295.1,Lactococcus lactis,MRS-5,Contig,2568,1,0,,,0,0,0,0,0,D_dltE_absent
GCF_028203255.1,Bifidobacterium animalis,1001216st1_E10_1001713B170131_170501,Scaffold,1533,0,0,,,0,0,0,0,0,E_no_dlt
GCF_001635875.1,Enterococcus faecium,E39,Complete Genome,2765,1,1,386,130.7,1,1,1,1,0,A_TM
GCF_009809725.1,Pediococcus acidilactici,FAM19148,Scaffold,1918,1,1,382,174.0,1,1,1,0,1,B_SP
GCF_003712825.1,Lacticaseibacillus paracasei,FAM8374,Scaffold,2888,1,1,385,192.1,1,1,1,1,1,A_TM
GCF_027942035.1,Enterococcus faecalis,ESC1,Complete Genome,2909,1,1,388,179.7,1,1,1,1,0,A_TM
GCF_002253945.1,Limosilactobacillus reuteri,111l,Scaffold,2090,1,0,,,0,0,0,1,1,D_dltE_absent
GCF_019052265.1,Bifidobacterium animalis,MSK.22.142,Contig,1540,0,0,,,0,0,0,0,0,E_no_dlt
GCF_009865995.1,Ligilactobacillus salivarius,FZJTZ10M2.scaf,Scaffold,1901,1,0,,,0,0,0,1,1,D_dltE_absent
GCF_041903595.1,Enterococcus faecalis,DJH702,Complete Genome,2667,1,1,388,180.2,1,1,1,1,0,A_TM
GCF_050351475.1,Lactococcus lactis,FV27-203,Contig,2516,1,0,,,0,0,0,0,0,D_dltE_absent
GCF_009808365.1,Pediococcus acidilactici,FAM19142,Contig,1913,1,1,382,174.0,1,1,1,0,1,B_SP
GCF_025188425.1,Leuconostoc mesenteroides,CIRM-BIA 433,Contig,1648,1,1,380,135.0,1,1,1,1,1,A_TM
GCF_020786015.1,Limosilactobacillus reuteri,AP3,Scaffold,1982,1,0,,,0,0,0,1,1,D_dltE_absent
GCF_048565605.1,Levilactobacillus brevis,IBB3734,Contig,2500,1,1,392,271.4,1,1,1,1,1,B_SP
GCF_000474615.1,Lacticaseibacillus paracasei,5b,Contig,2835,1,1,401,198.9,1,1,1,1,1,A_TM
GCF_028203125.1,Bifidobacterium animalis,1001216st1_G3_D55t1_190419,Scaffold,1531,0,0,,,0,0,0,0,0,E_no_dlt
GCF_023613935.1,Lactococcus lactis,JXNPKM 1305,Contig,2382,1,0,,,0,0,0,0,0,D_dltE_absent
GCF_900639515.1,Enterococcus faecium,-,Complete Genome,2742,1,1,386,130.7,1,1,1,1,0,A_TM
GCF_002079435.1,Ligilactobacillus salivarius,L21,Scaffold,1859,1,0,,,0,0,0,1,1,D_dltE_absent
GCF_024330045.1,Levilactobacillus brevis,2-34,Scaffold,2417,1,1,392,272.9,1,1,1,1,1,B_SP
GCF_009807805.1,Pediococcus acidilactici,FAM19138,Scaffold,1912,1,1,382,174.0,1,1,1,0,1,B_SP
GCF_032760395.1,Enterococcus faecalis,CF3A-2134,Complete Genome,2830,1,1,388,179.7,1,1,1,1,0,A_TM
GCF_015613315.1,Pediococcus pentosaceus,DSM 20280,Scaffold,1838,1,1,374,157.2,1,1,1,0,1,B_SP
GCF_020784935.1,Limosilactobacillus reuteri,M_Angie_1_1,Scaffold,1991,1,0,,,0,0,0,1,1,D_dltE_absent
GCF_029664605.1,Lactococcus lactis,16,Contig,2472,1,0,,,0,0,0,0,0,D_dltE_absent
GCF_000787735.1,Leuconostoc mesenteroides,Wikim17,Contig,1797,1,1,380,134.3,1,1,1,1,1,A_TM
GCF_043845305.1,Bifidobacterium longum,C267D,Contig,2008,0,0,,,0,0,0,0,0,E_no_dlt
GCF_026650885.1,Enterococcus faecalis,FA2-2,Complete Genome,2652,1,1,388,180.2,1,1,1,1,0,A_TM
GCF_003468265.1,Bifidobacterium longum,AM39-10AC,Scaffold,1753,0,0,,,0,0,0,0,0,E_no_dlt
GCF_025194485.1,Levilactobacillus brevis,CIRM-BIA 907,Contig,2357,1,1,392,272.3,1,1,1,1,1,B_SP
GCF_037006085.1,Limosilactobacillus fermentum,SD7,Scaffold,2162,1,0,,,0,0,0,1,1,D_dltE_absent
GCF_051155035.1,Limosilactobacillus fermentum,BE1008-6-3b,Contig,1836,1,0,,,0,0,0,1,1,D_dltE_absent
GCF_036431065.1,Pediococcus pentosaceus,FI11553,Contig,1835,1,1,367,144.9,1,1,1,1,1,A_TM
GCF_059651755.1,Pediococcus pentosaceus,Pp_1001,Scaffold,1698,1,1,369,150.1,1,1,1,0,1,A_TM
GCF_009733645.1,Limosilactobacillus reuteri,G03_USFQ,Contig,2118,1,0,,,0,0,0,1,1,D_dltE_absent
GCF_015560055.1,Ligilactobacillus salivarius,1001287B_170213_E2,Scaffold,1775,1,0,,,0,0,0,1,1,D_dltE_absent
GCF_019052305.1,Bifidobacterium animalis,MSK.22.140,Contig,1543,0,0,,,0,0,0,0,0,E_no_dlt
GCF_036431385.1,Limosilactobacillus fermentum,FI11600,Contig,1818,1,0,,,0,0,0,1,1,D_dltE_absent
GCF_003713005.1,Lacticaseibacillus paracasei,FAM7821,Contig,2842,1,1,401,198.5,1,1,1,1,1,A_TM
GCF_009809425.1,Pediococcus pentosaceus,FAM19080,Contig,1732,1,1,369,149.7,1,1,1,0,1,A_TM
GCF_009866265.1,Ligilactobacillus salivarius,FWXBH25_3,Scaffold,1866,1,0,,,0,0,0,1,1,D_dltE_absent
GCF_009809775.1,Pediococcus acidilactici,FAM19137,Scaffold,1913,1,1,382,174.0,1,1,1,0,1,B_SP
GCF_043845525.1,Bifidobacterium longum,C232A,Contig,1939,0,0,,,0,0,0,0,0,E_no_dlt
GCF_009870335.1,Ligilactobacillus salivarius,F_SD_HZ_D3_L_5,Contig,1897,1,0,,,0,0,0,1,1,D_dltE_absent
GCF_028619805.1,Leuconostoc mesenteroides,IMAU80251,Scaffold,1858,1,1,380,134.3,1,1,1,0,1,A_TM
GCF_003712985.1,Lacticaseibacillus paracasei,FAM8140,Contig,2837,1,1,385,191.5,1,1,1,1,1,A_TM
GCF_009809485.1,Pediococcus pentosaceus,FAM19083,Contig,1689,1,1,369,149.7,1,1,1,0,1,A_TM
GCF_028619785.1,Leuconostoc mesenteroides,IMAU80369,Scaffold,1814,1,1,380,134.3,1,1,1,1,1,A_TM
GCF_050908925.1,Enterococcus faecium,VR2,Complete Genome,2795,1,1,389,149.6,1,1,1,1,0,A_TM
GCF_051157015.1,Limosilactobacillus fermentum,BE090929-6-48,Contig,1898,1,0,,,0,0,0,1,1,D_dltE_absent
GCF_058268915.1,Bifidobacterium longum,-,Scaffold,1826,0,0,,,0,0,0,0,0,E_no_dlt
GCF_025189785.1,Limosilactobacillus reuteri,CIRM-BIA 912,Contig,1935,1,0,,,0,0,0,1,1,D_dltE_absent
GCF_027681185.1,Limosilactobacillus fermentum,AF63-12pH5T,Scaffold,1842,1,0,,,0,0,0,1,1,D_dltE_absent
GCF_019052295.1,Bifidobacterium animalis,MSK.22.133,Contig,1539,0,0,,,0,0,0,0,0,E_no_dlt
GCF_053879755.1,Lactococcus lactis,A4_4,Contig,2296,1,0,,,0,0,0,0,0,D_dltE_absent
GCF_031930425.1,Lactococcus lactis,Y67-2,Contig,2754,1,0,,,0,0,0,0,0,D_dltE_absent
GCF_012933265.2,Enterococcus faecium,A3895,Complete Genome,2789,1,1,386,130.7,1,1,1,1,0,A_TM
GCF_026930365.1,Levilactobacillus brevis,MB20,Scaffold,2392,1,1,392,272.9,1,1,1,1,1,B_SP
GCF_013375165.1,Pediococcus acidilactici,IRZ12B,Scaffold,1939,1,1,382,174.0,1,1,1,0,1,B_SP
GCF_019774535.1,Enterococcus faecalis,E006xJH2-2-TC1,Complete Genome,2769,1,1,388,180.2,1,1,1,1,0,A_TM
GCF_022212925.1,Enterococcus faecalis,119-2,Complete Genome,2688,1,1,388,180.2,1,1,1,1,0,A_TM
GCF_058268935.1,Bifidobacterium longum,-,Scaffold,1833,0,0,,,0,0,0,0,0,E_no_dlt
GCF_009863695.1,Ligilactobacillus salivarius,FJLHD14M6,Contig,1766,1,0,,,0,0,0,1,1,D_dltE_absent
GCF_037283385.1,Lacticaseibacillus paracasei,NRC_P4,Contig,2741,1,1,385,191.5,1,1,1,1,1,A_TM
GCF_009863595.1,Ligilactobacillus salivarius,FJLHD27M4,Scaffold,1827,1,0,,,0,0,0,1,1,D_dltE_absent
GCF_046119195.1,Enterococcus faecium,CCP466,Complete Genome,2877,1,1,389,149.6,1,1,1,1,0,A_TM
GCF_025189805.1,Limosilactobacillus reuteri,CIRM-BIA 2121,Contig,1934,1,0,,,0,0,0,1,1,D_dltE_absent
GCF_019126705.1,Bifidobacterium animalis,MSK.22.112,Contig,1539,0,0,,,0,0,0,0,0,E_no_dlt
GCF_017815675.1,Enterococcus faecium,VB3895,Complete Genome,2787,1,1,386,130.7,1,1,1,1,0,A_TM
GCF_025188395.1,Leuconostoc mesenteroides,CIRM-BIA 1320,Contig,1927,1,1,380,134.3,1,1,1,1,1,A_TM
GCF_948275415.1,Lactococcus lactis,LMG 32863,Contig,2460,1,0,,,0,0,0,0,0,D_dltE_absent
GCF_026930425.1,Levilactobacillus brevis,MB1,Scaffold,2385,1,1,392,272.9,1,1,1,1,1,B_SP
GCF_009809645.1,Pediococcus acidilactici,FAM19466,Contig,1958,1,1,382,169.4,1,1,1,0,1,B_SP
GCF_020785765.1,Limosilactobacillus reuteri,GQ_1_7_1,Scaffold,2113,1,0,,,0,0,0,1,1,D_dltE_absent
GCF_002532245.1,Levilactobacillus brevis,SF9B,Contig,2403,1,1,392,272.9,1,1,1,1,1,B_SP
GCF_033659205.1,Bifidobacterium longum,YGMCC0647,Contig,1837,0,0,,,0,0,0,0,0,E_no_dlt
GCF_001748065.1,Pediococcus pentosaceus,LP28,Scaffold,1691,1,1,369,148.3,1,1,1,0,1,A_TM
GCF_018257175.1,Lacticaseibacillus paracasei,Dm-2019-60,Scaffold,2806,1,1,385,191.2,1,1,1,1,1,A_TM
GCF_056585875.1,Limosilactobacillus fermentum,C0147A5,Contig,1831,1,0,,,0,0,0,1,1,D_dltE_absent
GCF_036431365.1,Limosilactobacillus fermentum,FI11574,Contig,1758,1,0,,,0,0,0,1,1,D_dltE_absent
GCF_006406185.1,Leuconostoc mesenteroides,TR154,Contig,1791,1,1,380,134.2,1,1,1,1,1,A_TM
GCF_001672605.1,Pediococcus acidilactici,SRCM100320,Contig,1955,1,1,382,174.0,1,1,1,0,1,B_SP
GCF_965641755.1,Enterococcus faecium,-,Complete Genome,2665,1,1,377,130.1,1,1,1,1,0,A_TM
GCF_019126655.1,Bifidobacterium animalis,MSK.22.129,Contig,1538,0,0,,,0,0,0,0,0,E_no_dlt
GCF_002253765.1,Limosilactobacillus reuteri,117w,Scaffold,2088,1,0,,,0,0,0,1,1,D_dltE_absent
GCF_019126555.1,Bifidobacterium animalis,MSK.22.135,Contig,1543,0,0,,,0,0,0,0,0,E_no_dlt
GCF_015551225.1,Lactococcus lactis,1001095IJ_161003_G11,Scaffold,2194,1,0,,,0,0,0,0,0,D_dltE_absent
GCF_020785585.1,Limosilactobacillus reuteri,LMS11-3,Contig,1852,1,0,,,0,0,0,1,1,D_dltE_absent
GCF_045277925.1,Enterococcus faecium,E4,Complete Genome,2723,1,1,386,130.7,1,1,1,1,0,A_TM
GCF_054570655.1,Pediococcus pentosaceus,PCPTOCO4,Contig,1711,1,1,369,150.2,1,1,1,0,1,B_SP
GCF_002406665.1,Lacticaseibacillus paracasei,B3,Contig,2773,1,1,401,198.5,1,1,1,1,1,A_TM
GCF_009863705.1,Ligilactobacillus salivarius,FHNXY27_L3,Contig,1838,1,0,,,0,0,0,1,1,D_dltE_absent
GCF_009809875.1,Pediococcus pentosaceus,FAM19086,Scaffold,1700,1,1,369,149.7,1,1,1,0,1,A_TM
GCF_059694305.1,Enterococcus faecalis,transconjugant AC-21 x JH2-2,Complete Genome,2703,1,1,388,180.2,1,1,1,1,0,A_TM
GCF_003094635.1,Bifidobacterium longum,DS9_3,Contig,1959,0,0,,,0,0,0,0,0,E_no_dlt
GCF_025188365.1,Leuconostoc mesenteroides,CIRM-BIA 1357,Contig,1952,1,1,380,134.3,1,1,1,1,1,A_TM
GCF_036281655.1,Enterococcus faecalis,CF3A-1283,Complete Genome,2645,1,1,388,180.2,1,1,1,1,0,A_TM
GCF_033658765.1,Bifidobacterium longum,YGMCC0458,Contig,1863,0,0,,,0,0,0,0,0,E_no_dlt
GCF_028620355.1,Lacticaseibacillus paracasei,AD22-LP,Contig,2998,1,1,385,192.9,1,1,1,1,1,A_TM
GCF_009808725.1,Pediococcus acidilactici,FAM1430,Contig,1873,1,1,382,168.3,1,1,1,0,1,B_SP
GCF_053470865.1,Ligilactobacillus salivarius,Ls1,Contig,1921,1,0,,,0,0,0,1,1,D_dltE_absent
GCF_028619005.1,Leuconostoc mesenteroides,IMAU80353,Scaffold,1873,1,1,380,134.3,1,1,1,1,1,A_TM
GCF_020785935.1,Limosilactobacillus reuteri,11B,Scaffold,2007,1,0,,,0,0,0,1,1,D_dltE_absent
GCF_039031695.1,Bifidobacterium animalis,1001216st1_E5_RTP31141_220114,Scaffold,1536,0,0,,,0,0,0,0,0,E_no_dlt
GCF_030020685.1,Enterococcus faecalis,EfsC12,Complete Genome,2720,1,1,388,180.2,1,1,1,1,0,A_TM
GCF_003472615.1,Ligilactobacillus salivarius,AM09-40,Scaffold,1772,1,0,,,0,0,0,1,1,D_dltE_absent
GCF_000309685.1,Lacticaseibacillus paracasei,T71499,Contig,2692,1,1,385,191.5,1,1,1,1,1,A_TM
GCF_026930445.1,Levilactobacillus brevis,MB2,Scaffold,2389,1,1,392,272.9,1,1,1,1,1,B_SP
GCF_003094855.1,Bifidobacterium longum,DS15_3,Contig,1959,0,0,,,0,0,0,0,0,E_no_dlt
GCF_006349345.1,Enterococcus faecalis,HA-1,Complete Genome,2757,1,1,388,180.2,1,1,1,1,0,A_TM
GCF_009809605.1,Pediococcus acidilactici,FAM19460,Scaffold,1956,1,1,382,169.4,1,1,1,0,1,B_SP
GCF_031930665.1,Lactococcus lactis,Y54,Scaffold,2516,1,0,,,0,0,0,0,0,D_dltE_absent
GCF_051155115.1,Levilactobacillus brevis,BE1004-5-43,Contig,2370,1,1,392,272.9,1,1,1,1,1,B_SP
GCF_035966585.1,Pediococcus pentosaceus,C2OK,Contig,1782,1,1,369,150.2,1,1,1,0,1,B_SP
GCF_052116625.1,Bifidobacterium animalis,Sow4_B8,Contig,1520,0,0,,,0,0,0,0,0,E_no_dlt
GCF_002794375.1,Limosilactobacillus fermentum,103,Contig,1968,1,0,,,0,0,0,1,1,D_dltE_absent
GCF_033657905.1,Bifidobacterium longum,YGMCC0308,Contig,1961,0,0,,,0,0,0,0,0,E_no_dlt
GCF_056585895.1,Limosilactobacillus fermentum,C0147A4,Contig,1836,1,0,,,0,0,0,1,1,D_dltE_absent
GCF_053048095.1,Enterococcus faecium,1583efm,Complete Genome,2688,1,1,389,144.4,1,1,1,1,0,A_TM
GCF_053011635.1,Enterococcus faecium,Ch-Efm32,Complete Genome,2863,1,1,386,130.7,1,1,1,1,0,A_TM
GCF_053901885.1,Limosilactobacillus fermentum,369,Contig,1934,0,0,,,0,0,0,1,1,E_no_dlt
GCF_054848035.1,Pediococcus pentosaceus,MBBL_PB3,Scaffold,1782,1,1,369,148.3,1,1,1,0,1,A_TM
GCF_040459685.1,Lacticaseibacillus paracasei,T0601,Scaffold,2891,1,1,385,191.4,1,1,1,1,1,A_TM
GCF_050349925.1,Lactococcus lactis,FV21-101,Contig,2514,1,0,,,0,0,0,0,0,D_dltE_absent
GCF_028619655.1,Leuconostoc mesenteroides,IMAU11000,Scaffold,1997,1,1,380,134.9,1,1,1,1,1,A_TM
GCF_019126675.1,Bifidobacterium animalis,MSK.22.126,Contig,1539,0,0,,,0,0,0,0,0,E_no_dlt
GCF_002079525.1,Ligilactobacillus salivarius,JCM 1040,Scaffold,1815,1,0,,,0,0,0,1,1,D_dltE_absent
GCF_028203205.1,Bifidobacterium animalis,1001216st1_A7_D41t1_190614,Scaffold,1534,0,0,,,0,0,0,0,0,E_no_dlt
GCF_026622905.1,Levilactobacillus brevis,F4101,Contig,2487,1,1,392,271.4,1,1,1,1,1,B_SP
GCF_027108875.1,Levilactobacillus brevis,MB13,Scaffold,2366,1,1,392,272.9,1,1,1,1,1,B_SP
GCF_036431125.1,Pediococcus acidilactici,FI11607,Contig,2080,1,1,382,174.0,1,1,1,0,1,B_SP
GCF_025194515.1,Levilactobacillus brevis,CIRM-BIA 899,Contig,2413,1,1,392,271.4,1,1,1,1,1,B_SP
GCF_009809805.1,Pediococcus acidilactici,FAM17420c2,Contig,1753,1,1,382,173.1,1,1,1,0,1,B_SP
GCF_015612975.1,Pediococcus pentosaceus,FAM 23908,Scaffold,1772,1,1,369,149.7,1,1,1,0,1,A_TM
GCF_023204975.1,Enterococcus faecium,UCH5,Complete Genome,2688,1,1,386,130.7,1,1,1,1,0,A_TM
GCF_054848105.1,Pediococcus pentosaceus,MBBL_PB1,Scaffold,1806,1,1,374,158.5,1,1,1,1,1,B_SP
GCF_028618835.1,Leuconostoc mesenteroides,IMAU80248,Scaffold,1743,1,1,380,134.3,1,1,1,1,1,A_TM
GCF_033658965.1,Bifidobacterium longum,YGMCC0514,Contig,1837,0,0,,,0,0,0,0,0,E_no_dlt
GCF_020784415.1,Limosilactobacillus reuteri,S_5_1,Scaffold,2238,1,0,,,0,0,0,1,1,D_dltE_absent
GCF_002253705.1,Limosilactobacillus reuteri,609d,Scaffold,1937,1,0,,,0,0,0,1,1,D_dltE_absent
GCF_050506935.1,Enterococcus faecalis,C1542,Complete Genome,2688,1,1,388,180.2,1,1,1,1,0,A_TM
GCF_056585915.1,Limosilactobacillus fermentum,C0147A1,Contig,1842,1,0,,,0,0,0,1,1,D_dltE_absent
GCF_030971005.1,Lactococcus lactis,DRD-48,Scaffold,2233,1,0,,,0,0,0,0,0,D_dltE_absent
GCF_046592295.1,Lactococcus lactis,TATVAM-FAB48,Contig,2530,1,0,,,0,0,0,0,0,D_dltE_absent
GCF_003719715.1,Limosilactobacillus reuteri,UBLRU-87,Scaffold,1690,1,0,,,0,0,0,1,1,D_dltE_absent
GCF_028619555.1,Leuconostoc mesenteroides,IMAU32445,Scaffold,1843,1,1,380,134.3,1,1,1,1,1,A_TM
GCF_012933345.2,Enterococcus faecium,A10290,Complete Genome,2845,1,1,386,130.7,1,1,1,1,0,A_TM
GCF_025958925.1,Enterococcus faecalis,BE5,Complete Genome,2815,1,1,388,180.2,1,1,1,1,0,A_TM
GCF_028203055.1,Bifidobacterium animalis,1001216st1_B4_RTP21191_200730,Scaffold,1545,0,0,,,0,0,0,0,0,E_no_dlt
GCF_027668665.1,Limosilactobacillus fermentum,AM60-2pH4,Scaffold,1922,1,0,,,0,0,0,1,1,D_dltE_absent
GCF_028619695.1,Leuconostoc mesenteroides,IMAU80434,Scaffold,1952,1,1,380,134.3,1,1,1,1,1,A_TM
GCF_055597745.1,Lacticaseibacillus paracasei,E-49,Contig,2897,1,1,385,192.1,1,1,1,1,1,A_TM
GCF_039839865.1,Levilactobacillus brevis,MKMB04,Contig,2536,1,1,392,272.9,1,1,1,1,1,B_SP
GCF_039757415.1,Ligilactobacillus salivarius,1001095st1_H2_1001095A_150126,Contig,1913,1,0,,,0,0,0,1,1,D_dltE_absent
GCF_053048085.1,Enterococcus faecium,1505efm,Complete Genome,2725,1,0,,,0,0,0,1,0,D_dltE_absent
GCF_002159345.1,Ligilactobacillus salivarius,An63,Contig,1676,1,0,,,0,0,0,1,1,D_dltE_absent
GCF_056478925.1,Lactococcus lactis,65C,Contig,2538,1,0,,,0,0,0,0,0,D_dltE_absent
GCF_030578295.1,Pediococcus acidilactici,PBK2-4,Contig,1950,1,1,382,174.0,1,1,1,0,1,B_SP
GCF_002253785.1,Limosilactobacillus reuteri,117r,Scaffold,2090,1,0,,,0,0,0,1,1,D_dltE_absent
GCF_019583605.1,Pediococcus acidilactici,C5,Contig,1863,1,1,382,167.8,1,1,1,0,1,B_SP
GCF_964290815.1,Enterococcus faecalis,-,Complete Genome,2701,1,1,388,178.7,1,1,1,1,0,A_TM
GCF_039031635.1,Bifidobacterium animalis,1001216st1_G7_RTP31141_220114,Scaffold,1540,0,0,,,0,0,0,0,0,E_no_dlt
GCF_054848025.1,Pediococcus pentosaceus,MBBL_PB2,Scaffold,1781,1,1,374,158.5,1,1,1,0,1,B_SP
GCF_003467395.1,Bifidobacterium longum,AM39-8AC,Scaffold,1890,0,0,,,0,0,0,0,0,E_no_dlt
GCF_015560865.1,Lacticaseibacillus paracasei,1001095IJ_161003_H4,Scaffold,2859,1,1,385,192.1,1,1,1,1,1,A_TM
GCF_006539265.1,Levilactobacillus brevis,NBRC 13110,Contig,2372,1,1,392,270.6,1,1,1,1,1,B_SP
GCF_003465635.1,Bifidobacterium longum,AF05-2,Scaffold,2002,0,0,,,0,0,0,0,0,E_no_dlt
GCF_049201625.1,Lacticaseibacillus paracasei,UBLPc-87,Scaffold,2680,1,1,385,192.0,1,1,1,1,1,A_TM
GCF_039655855.1,Ligilactobacillus salivarius,Cec01,Scaffold,1572,1,0,,,0,0,0,1,1,D_dltE_absent
GCF_053749155.1,Pediococcus acidilactici,PL0002,Contig,1855,1,1,382,168.3,1,1,1,0,1,B_SP
GCF_036431325.1,Limosilactobacillus fermentum,FI11620,Contig,1784,1,0,,,0,0,0,1,1,D_dltE_absent
GCF_051844335.1,Lactococcus lactis,1701,Contig,2572,1,0,,,0,0,0,0,0,D_dltE_absent
GCF_009808915.1,Pediococcus acidilactici,FAM13877,Contig,1804,1,1,382,173.6,1,1,1,0,1,B_SP
GCF_039913435.1,Bifidobacterium animalis,1001216st1_F7_RTP21191_200730,Contig,1546,0,0,,,0,0,0,0,0,E_no_dlt
GCF_028619595.1,Leuconostoc mesenteroides,IMAU10334,Scaffold,1913,1,1,380,134.3,1,1,1,1,1,A_TM
GCF_030020175.1,Enterococcus faecalis,EfsPF15,Complete Genome,2720,1,1,388,180.2,1,1,1,1,0,A_TM
GCF_028203165.1,Bifidobacterium animalis,1001216st1_G4_D41t1_190614,Scaffold,1531,0,0,,,0,0,0,0,0,E_no_dlt
GCF_023375425.1,Enterococcus faecium,642,Complete Genome,2689,1,1,386,133.2,1,1,1,1,0,A_TM
GCF_925285815.1,Levilactobacillus brevis,-,Contig,2625,1,1,392,272.9,1,1,1,1,1,B_SP
GCF_025190485.1,Lacticaseibacillus paracasei,CIRM-BIA 1869,Contig,2879,1,1,385,192.1,1,1,1,1,1,A_TM
GCF_902386565.1,Levilactobacillus brevis,-,Contig,2570,1,1,392,271.4,1,1,1,1,1,B_SP
GCF_003064585.1,Limosilactobacillus reuteri,DS22_10,Contig,1883,1,0,,,0,0,0,1,1,D_dltE_absent
GCF_022832575.1,Pediococcus acidilactici,SCB639,Contig,1818,1,1,382,173.6,1,1,1,0,1,B_SP
GCF_054848065.1,Pediococcus pentosaceus,MBBL_PB4,Scaffold,1795,1,1,374,158.5,1,1,1,0,1,B_SP
GCF_014982915.1,Ligilactobacillus salivarius,DSM 108969,Contig,2110,1,0,,,0,0,0,1,1,D_dltE_absent
GCF_003437695.1,Bifidobacterium longum,TF08-4AC,Scaffold,1962,0,0,,,0,0,0,0,0,E_no_dlt
GCF_048663105.1,Bifidobacterium animalis,CGMCC NO.31147,Contig,1538,0,0,,,0,0,0,0,0,E_no_dlt
GCF_003465665.1,Bifidobacterium longum,AF05-16,Scaffold,2005,0,0,,,0,0,0,0,0,E_no_dlt
GCF_028328255.1,Pediococcus acidilactici,1001270st1_F3_1001270B_150601,Scaffold,1959,1,1,382,169.8,1,1,1,0,1,B_SP
GCF_012070605.1,Limosilactobacillus fermentum,L13,Scaffold,1883,1,0,,,0,0,0,1,1,D_dltE_absent
GCF_003346245.1,Levilactobacillus brevis,KMB_620,Contig,2248,1,1,392,272.9,1,1,1,1,1,B_SP
GCF_036431505.1,Limosilactobacillus fermentum,FI11568,Contig,1780,1,0,,,0,0,0,1,1,D_dltE_absent
GCF_052121315.1,Bifidobacterium animalis,LCP19S3_E10,Contig,1570,0,0,,,0,0,0,0,0,E_no_dlt
GCF_028619295.1,Leuconostoc mesenteroides,IMAU32523,Scaffold,1983,1,1,380,134.9,1,1,1,1,1,A_TM
GCF_009809705.1,Pediococcus acidilactici,FAM17419c2,Contig,1681,1,1,382,173.1,1,1,1,0,1,B_SP
GCF_028618905.1,Leuconostoc mesenteroides,IMAU10992,Scaffold,1971,1,1,380,134.9,1,1,1,1,1,A_TM
GCF_039839695.1,Levilactobacillus brevis,MKMB05,Contig,2484,1,1,392,272.9,1,1,1,1,1,B_SP
GCF_002848385.1,Enterococcus faecium,SC4,Complete Genome,2873,1,1,386,130.7,1,1,1,1,0,A_TM
GCF_040091845.1,Bifidobacterium animalis,CLA-JM-H29,Contig,1538,0,0,,,0,0,0,0,0,E_no_dlt
GCF_900044005.1,Enterococcus faecium,-,Complete Genome,2686,1,1,389,149.6,1,1,1,1,0,A_TM
GCF_046588085.1,Pediococcus pentosaceus,TATVAM-FAB96,Contig,1714,1,1,294,150.4,1,1,1,0,1,C_CYTO
GCF_020784355.1,Limosilactobacillus reuteri,S_1_1,Scaffold,2238,1,0,,,0,0,0,1,1,D_dltE_absent
GCF_000875905.1,Levilactobacillus brevis,15f,Scaffold,2316,1,1,389,273.0,1,1,1,1,1,B_SP
GCF_002762415.1,Limosilactobacillus reuteri,RC-14,Contig,1852,1,0,,,0,0,0,1,1,D_dltE_absent
GCF_024461935.1,Lactococcus lactis,DFI.7.80,Contig,2401,1,0,,,0,0,0,0,0,D_dltE_absent
GCF_031931065.1,Lactococcus lactis,Y38-2,Contig,2521,1,0,,,0,0,0,0,0,D_dltE_absent
GCF_009809065.1,Pediococcus acidilactici,FAM17411,Contig,1752,1,1,382,173.1,1,1,1,0,1,B_SP
GCF_006575625.1,Enterococcus faecium,515,Complete Genome,2802,1,1,389,149.6,1,1,1,1,0,A_TM
GCF_050506925.1,Enterococcus faecalis,C1544,Complete Genome,2683,1,1,388,180.2,1,1,1,1,0,A_TM
GCF_057180425.1,Levilactobacillus brevis,ST2,Contig,2386,1,1,392,271.4,1,1,1,1,1,B_SP
GCF_037966655.1,Bifidobacterium animalis,ATA-BSLA0310,Scaffold,1545,0,0,,,0,0,0,0,0,E_no_dlt
GCF_009389155.1,Limosilactobacillus reuteri,PTA5_C5,Scaffold,1922,1,0,,,0,0,0,1,1,D_dltE_absent
GCF_015551195.1,Lacticaseibacillus paracasei,1001295B_180824_D1,Scaffold,2882,1,1,401,198.5,1,1,1,1,1,A_TM
GCF_050352215.1,Lactococcus lactis,FV33-201,Contig,2422,1,0,,,0,0,0,0,0,D_dltE_absent
GCF_050506915.1,Enterococcus faecalis,C1545,Complete Genome,2686,1,1,388,180.2,1,1,1,1,0,A_TM
GCF_002079325.1,Ligilactobacillus salivarius,NCIMB702343,Scaffold,1803,1,0,,,0,0,0,1,1,D_dltE_absent
GCF_031931005.1,Lactococcus lactis,Y40,Scaffold,2617,1,0,,,0,0,0,0,0,D_dltE_absent
GCF_035621375.1,Enterococcus faecalis,EfaR372,Complete Genome,2661,1,1,388,180.2,1,1,1,1,0,A_TM
GCF_003712605.1,Lacticaseibacillus paracasei,FAM19353,Contig,2811,1,1,385,192.1,1,1,1,1,1,A_TM
GCF_050506985.1,Enterococcus faecalis,C1538,Complete Genome,2682,1,1,388,180.2,1,1,1,1,0,A_TM
GCF_059815755.1,Enterococcus faecium,EFA_17_full,Complete Genome,2800,1,1,389,149.6,1,1,1,1,0,A_TM
GCF_036762765.1,Lacticaseibacillus paracasei,1567_IL3212,Contig,2815,1,1,385,191.2,1,1,1,1,1,A_TM
GCF_051372045.1,Ligilactobacillus salivarius,HC173,Scaffold,1811,1,0,,,0,0,0,1,1,D_dltE_absent
GCF_036762785.1,Lacticaseibacillus paracasei,1571-2_IL3211,Contig,2816,1,1,385,191.2,1,1,1,1,1,A_TM
GCF_020784795.1,Limosilactobacillus reuteri,apa71,Scaffold,2017,1,0,,,0,0,0,1,1,D_dltE_absent
GCF_015548605.1,Ligilactobacillus salivarius,1001095A_150126_H2,Contig,1913,1,0,,,0,0,0,1,1,D_dltE_absent
GCF_050505635.1,Enterococcus faecalis,H797,Complete Genome,2636,1,1,388,180.2,1,1,1,1,0,A_TM
GCF_027685965.1,Ligilactobacillus salivarius,AF11-20,Scaffold,1812,1,0,,,0,0,0,1,1,D_dltE_absent
GCF_050350555.1,Lactococcus lactis,FV110-301,Contig,2558,1,0,,,0,0,0,0,0,D_dltE_absent
GCF_965137245.1,Pediococcus acidilactici,CIP54.167,Scaffold,1854,1,1,382,168.3,1,1,1,0,1,B_SP
GCF_039031655.1,Bifidobacterium animalis,1001216st1_H5_RTP31141_220114,Scaffold,1541,0,0,,,0,0,0,0,0,E_no_dlt
GCF_009809465.1,Pediococcus acidilactici,FAM17644,Contig,1675,1,1,382,173.1,1,1,1,0,1,B_SP
GCF_000285875.1,Pediococcus pentosaceus IE-3,IE-3,Contig,1728,1,1,369,148.3,1,1,1,0,1,A_TM
GCF_057379225.1,Lacticaseibacillus paracasei,UNCP-H3M04,Contig,2915,1,1,401,198.9,1,1,1,1,1,A_TM
GCF_051155055.1,Levilactobacillus brevis,BE1004-6-18,Contig,2457,1,1,392,272.9,1,1,1,1,1,B_SP
GCF_039913515.1,Bifidobacterium animalis,1001216st1_B6_RTP21191_200730,Scaffold,1555,0,0,,,0,0,0,0,0,E_no_dlt
GCF_026242105.1,Bifidobacterium longum,PT4,Contig,1950,0,0,,,0,0,0,0,0,E_no_dlt
GCF_009863905.1,Ligilactobacillus salivarius,FAHBZ_8M2,Scaffold,1746,1,0,,,0,0,0,1,1,D_dltE_absent
GCF_050505645.1,Enterococcus faecalis,H813,Complete Genome,2636,1,1,388,180.2,1,1,1,1,0,A_TM
GCF_059818185.1,Levilactobacillus brevis,ST1,Contig,2386,1,1,392,271.4,1,1,1,1,1,B_SP
GCF_002794275.1,Limosilactobacillus fermentum,279,Contig,1887,1,0,,,0,0,0,1,1,D_dltE_absent
GCF_028203195.1,Bifidobacterium animalis,1001216st1_G10_1001274B_151102,Contig,1538,0,0,,,0,0,0,0,0,E_no_dlt
GCF_001981715.1,Lacticaseibacillus paracasei,RI-210,Scaffold,2875,1,1,401,198.5,1,1,1,1,1,A_TM
GCF_024355345.1,Pediococcus acidilactici,ACB27,Contig,1898,1,1,382,172.9,1,1,1,0,1,B_SP
GCF_964186895.1,Leuconostoc mesenteroides,-,Contig,2003,1,1,380,134.3,1,1,1,1,1,A_TM
GCF_026410225.1,Levilactobacillus brevis,LZB2,Scaffold,2434,1,1,392,271.4,1,1,1,1,1,B_SP
GCF_002079745.1,Ligilactobacillus salivarius,CCuG2753OB,Scaffold,1700,1,0,,,0,0,0,1,1,D_dltE_absent
GCF_028202975.1,Bifidobacterium animalis,1001216st1_F2_1001274B_151102,Contig,1544,0,0,,,0,0,0,0,0,E_no_dlt
GCF_059815445.1,Enterococcus faecium,EFA_33_full,Complete Genome,2495,1,1,389,149.6,1,1,1,1,0,A_TM
GCF_016890165.1,Pediococcus acidilactici,G11,Scaffold,1857,1,1,379,172.9,1,1,1,0,1,B_SP
GCF_002163735.1,Enterococcus faecalis,sorialis,Complete Genome,2798,1,1,388,178.7,1,1,1,1,0,A_TM
GCF_003053125.1,Levilactobacillus brevis,DS1_5,Contig,2130,1,1,392,271.4,1,1,1,1,1,B_SP
GCF_039913475.1,Bifidobacterium animalis,1001216st1_E4_RTP21191_200730,Scaffold,1550,0,0,,,0,0,0,0,0,E_no_dlt
GCF_037966725.1,Limosilactobacillus reuteri,ATA-LTC-Lr050600,Scaffold,1967,1,0,,,0,0,0,1,1,D_dltE_absent
GCF_040459615.1,Lacticaseibacillus paracasei,T1304,Scaffold,2941,1,1,385,192.1,1,1,1,1,1,A_TM
GCF_006539025.1,Pediococcus acidilactici,NBRC 12231,Contig,1780,1,1,382,177.4,1,1,1,0,1,B_SP
GCF_053901625.1,Limosilactobacillus fermentum,57sk-1,Contig,2017,1,0,,,0,0,0,1,1,D_dltE_absent
GCF_902364565.2,Lactococcus lactis,-,Scaffold,2217,1,0,,,0,0,0,0,0,D_dltE_absent
GCF_002079505.1,Ligilactobacillus salivarius,JCM 1042,Scaffold,1698,1,0,,,0,0,0,1,1,D_dltE_absent
GCF_028619455.1,Leuconostoc mesenteroides,IMAU32175,Scaffold,1838,1,1,380,135.3,1,1,1,1,1,A_TM
GCF_001750885.1,Enterococcus faecium,E745,Complete Genome,2841,1,1,386,130.7,1,1,1,1,0,A_TM
GCF_052245245.1,Enterococcus faecium,RY8678E,Complete Genome,2691,1,1,386,130.7,1,1,1,1,0,A_TM
GCF_046531845.1,Enterococcus faecalis,YMC_2019_05_SA7,Complete Genome,2730,1,1,388,182.9,1,1,1,1,0,A_TM
GCF_004125375.1,Bifidobacterium longum,BB-79,Contig,1794,0,0,,,0,0,0,0,0,E_no_dlt
GCF_020785575.1,Limosilactobacillus reuteri,LMS11-1,Scaffold,1858,1,0,,,0,0,0,1,1,D_dltE_absent
GCF_001067265.1,Ligilactobacillus salivarius,778_LSAL,Scaffold,1817,1,0,,,0,0,0,1,1,D_dltE_absent
GCF_054786855.1,Lacticaseibacillus paracasei,OLXI-9,Scaffold,2927,1,1,401,198.5,1,1,1,1,1,A_TM
GCF_051154915.1,Limosilactobacillus fermentum,BE1008-6-9B,Contig,1880,1,0,,,0,0,0,1,1,D_dltE_absent
GCF_003472365.1,Lactococcus lactis,AM11-49,Scaffold,2217,1,0,,,0,0,0,0,0,D_dltE_absent
GCF_030020195.1,Enterococcus faecalis,EfsPF13,Complete Genome,2644,1,1,388,180.2,1,1,1,1,0,A_TM
GCF_057587715.1,Limosilactobacillus reuteri,MCC 0287,Contig,1830,1,0,,,0,0,0,1,1,D_dltE_absent
GCF_019927105.1,Leuconostoc mesenteroides,INF82b,Contig,2175,1,1,380,134.9,1,1,1,1,1,A_TM
GCF_033658055.1,Bifidobacterium longum,YGMCC0227,Contig,2382,0,0,,,0,0,0,0,0,E_no_dlt
GCF_057180385.1,Lacticaseibacillus paracasei,ST11,Contig,2789,1,1,385,190.1,1,1,1,1,1,A_TM
GCF_024461915.1,Lactococcus lactis,DFI.7.81,Contig,2392,1,0,,,0,0,0,0,0,D_dltE_absent
GCF_900519135.1,Bifidobacterium longum,-,Contig,1794,0,0,,,0,0,0,0,0,E_no_dlt
GCF_006538845.1,Levilactobacillus brevis,NBRC 3960,Contig,2234,1,1,392,276.8,1,1,1,1,1,A_TM
GCF_009866185.1,Ligilactobacillus salivarius,FXJCJ7_2,Scaffold,1762,1,0,,,0,0,0,1,1,D_dltE_absent
GCF_016406485.1,Enterococcus faecium,Dallas 16_1,Complete Genome,2875,1,0,,,0,0,0,1,0,D_dltE_absent
GCF_024385625.1,Limosilactobacillus fermentum,KHUD_007,Scaffold,1906,1,0,,,0,0,0,1,1,D_dltE_absent
GCF_984568885.1,Pediococcus acidilactici,-,Contig,1919,1,1,379,172.9,1,1,1,0,1,B_SP
GCF_036772935.1,Enterococcus faecalis,CQHNJ21-056,Complete Genome,2902,1,1,388,180.2,1,1,1,1,0,A_TM
GCF_020785095.1,Limosilactobacillus reuteri,LTM_Jesus_1_1,Scaffold,2055,1,0,,,0,0,0,1,1,D_dltE_absent
GCF_028618985.1,Leuconostoc mesenteroides,IMAU80351,Scaffold,1863,1,1,380,134.3,1,1,1,1,1,A_TM
GCF_029340165.1,Bifidobacterium animalis,RC150_19034_HHC,Contig,1488,0,0,,,0,0,0,0,0,E_no_dlt
GCF_037013415.1,Enterococcus faecium,SRR12,Complete Genome,2566,1,1,386,132.7,1,1,1,1,0,A_TM
GCF_004123105.1,Lactococcus lactis,QH27_1,Scaffold,2728,1,0,,,0,0,0,0,0,D_dltE_absent
GCF_003466505.1,Bifidobacterium longum,TM05-14,Scaffold,2086,0,0,,,0,0,0,0,0,E_no_dlt
GCF_980653295.1,Levilactobacillus brevis,-,Contig,2867,1,1,392,272.9,1,1,1,1,1,B_SP
GCF_027686005.1,Ligilactobacillus salivarius,AF11-17H,Scaffold,1808,1,0,,,0,0,0,1,1,D_dltE_absent
GCF_057379435.1,Lacticaseibacillus paracasei,UNCP-H6M16,Contig,2839,1,1,379,187.3,1,1,1,1,1,A_TM
GCF_027857595.1,Limosilactobacillus fermentum,lbl66,Contig,2058,1,0,,,0,0,0,1,1,D_dltE_absent
GCF_024927865.1,Enterococcus faecalis,SJ82,Complete Genome,2716,1,1,388,180.2,1,1,1,1,0,A_TM
GCF_002253975.1,Limosilactobacillus reuteri,111f,Scaffold,2083,1,0,,,0,0,0,1,1,D_dltE_absent
GCF_004368765.1,Leuconostoc mesenteroides,AtHG50,Scaffold,1988,1,1,380,134.9,1,1,1,1,1,A_TM
GCF_009809215.1,Pediococcus acidilactici,FAM20624,Contig,1788,1,1,382,168.3,1,1,1,0,1,B_SP
GCF_033344575.1,Bifidobacterium longum,YGMCC0038,Scaffold,2047,0,0,,,0,0,0,0,0,E_no_dlt
GCF_056783075.1,Lactococcus lactis,K11,Contig,2349,1,0,,,0,0,0,0,0,D_dltE_absent
GCF_002221565.2,Bifidobacterium animalis subsp. animalis,YL2,Contig,1595,0,0,,,0,0,0,0,0,E_no_dlt
GCF_039913525.1,Bifidobacterium animalis,1001216st1_C4_RTP21191_200730,Scaffold,1564,0,0,,,0,0,0,0,0,E_no_dlt
GCF_027692205.1,Ligilactobacillus salivarius,OF46-5pH5,Scaffold,1877,1,0,,,0,0,0,1,1,D_dltE_absent
GCF_059815575.1,Enterococcus faecium,EFA_26_full,Complete Genome,2699,1,1,389,149.6,1,1,1,1,0,A_TM
GCF_039566365.1,Levilactobacillus brevis,P45,Contig,2441,1,1,392,273.6,1,1,1,1,1,B_SP
GCF_039566335.1,Levilactobacillus brevis,A189,Contig,2324,1,1,392,272.9,1,1,1,1,1,B_SP
GCF_031206965.1,Enterococcus faecalis,N775_PC7,Complete Genome,2667,1,1,388,180.2,1,1,1,1,0,A_TM
GCF_056587235.1,Limosilactobacillus reuteri,C0041A1,Contig,1829,1,0,,,0,0,0,1,1,D_dltE_absent
GCF_009808445.1,Pediococcus acidilactici,FAM19160,Scaffold,1813,1,1,382,174.0,1,1,1,0,1,B_SP
GCF_060534185.1,Pediococcus acidilactici,CR03,Contig,2059,1,1,382,174.0,1,1,1,0,1,B_SP
GCF_033659125.1,Bifidobacterium longum,YGMCC0619,Scaffold,2040,0,0,,,0,0,0,0,0,E_no_dlt
GCF_024623015.1,Bifidobacterium animalis subsp. animalis,DSM 28736,Contig,1697,0,0,,,0,0,0,0,0,E_no_dlt
GCF_046765335.1,Lactococcus lactis,RIT858,Contig,2327,1,0,,,0,0,0,0,0,D_dltE_absent
GCF_040921765.1,Bifidobacterium animalis,1001216st1_D1_RTP31023_210422,Scaffold,1573,0,0,,,0,0,0,0,0,E_no_dlt
GCF_030218985.1,Limosilactobacillus fermentum,UMB0010B,Contig,1727,1,0,,,0,0,0,1,1,D_dltE_absent
GCF_025194385.1,Levilactobacillus brevis,CIRM-BIA 2231,Contig,2709,1,1,392,271.4,1,1,1,1,1,B_SP
GCF_023658035.1,Enterococcus faecium,ef332,Complete Genome,2748,1,1,386,132.7,1,1,1,1,0,A_TM
GCF_003346095.1,Levilactobacillus brevis,KMB_615,Contig,2345,1,1,392,272.9,1,1,1,1,1,B_SP
GCF_028619905.1,Leuconostoc mesenteroides,IMAU80359,Scaffold,2142,1,1,380,134.3,1,1,1,1,1,A_TM
GCF_009808865.1,Pediococcus acidilactici,FAM19159,Scaffold,1815,1,1,382,174.0,1,1,1,0,1,B_SP
GCF_025189695.1,Limosilactobacillus reuteri,CIRM-BIA 522,Contig,1911,1,0,,,0,0,0,1,1,D_dltE_absent
GCF_009808505.1,Pediococcus acidilactici,FAM19158,Contig,1810,1,1,382,174.0,1,1,1,0,1,B_SP
GCF_901873505.1,Bifidobacterium longum,-,Contig,1972,0,0,,,0,0,0,0,0,E_no_dlt
GCF_004154625.1,Bifidobacterium animalis subsp. animalis,2006B,Contig,1709,0,0,,,0,0,0,0,0,E_no_dlt
GCF_045800635.1,Lacticaseibacillus paracasei,FM11,Contig,2845,1,1,385,191.5,1,1,1,1,1,A_TM
GCF_031930725.1,Lactococcus lactis,Y47-2,Contig,2676,1,0,,,0,0,0,0,0,D_dltE_absent
GCF_025780195.1,Limosilactobacillus fermentum,17SD-2,Scaffold,1834,1,0,,,0,0,0,1,1,D_dltE_absent
GCF_001923045.1,Levilactobacillus brevis,BSO 310,Scaffold,2469,1,1,392,270.6,1,1,1,1,1,B_SP
GCF_964210865.1,Limosilactobacillus fermentum,FFMG-584-4-21,Contig,1894,1,0,,,0,0,0,1,1,D_dltE_absent
GCF_028620225.1,Leuconostoc mesenteroides,IMAU80598,Scaffold,2118,1,1,380,134.3,1,1,1,1,1,A_TM
GCF_002250405.1,Ligilactobacillus salivarius,L28,Contig,1944,1,0,,,0,0,0,1,1,D_dltE_absent
GCF_022496375.1,Bifidobacterium longum,2233B,Contig,1971,0,0,,,0,0,0,0,0,E_no_dlt
GCF_007673005.1,Leuconostoc mesenteroides,DE0394,Scaffold,1911,1,1,380,134.3,1,1,1,1,1,A_TM
GCF_009809245.1,Pediococcus acidilactici,FAM20303,Contig,1910,1,1,379,173.8,1,1,1,0,1,B_SP
GCF_031208705.1,Enterococcus faecalis,N775_PC2,Complete Genome,2669,1,1,388,180.2,1,1,1,1,0,A_TM
GCF_054165845.1,Limosilactobacillus fermentum,VL9,Scaffold,1896,1,0,,,0,0,0,1,1,D_dltE_absent
GCF_027692305.1,Lacticaseibacillus paracasei,OF45-17pH9TA,Scaffold,2752,1,1,385,190.1,1,1,1,1,1,A_TM
GCF_001264015.1,Bifidobacterium animalis subsp. lactis ATCC 27673,ATCC 27673,Scaffold,1539,0,0,,,0,0,0,0,0,E_no_dlt
GCF_028619855.1,Leuconostoc mesenteroides,IMAU80367,Scaffold,1817,1,1,380,134.3,1,1,1,1,1,A_TM
GCF_027685825.1,Lacticaseibacillus paracasei,AF11-6H,Scaffold,2786,1,1,385,191.2,1,1,1,1,1,A_TM
GCF_058215195.1,Ligilactobacillus salivarius,LD8,Scaffold,1999,1,0,,,0,0,0,1,1,D_dltE_absent
GCF_018784425.1,Levilactobacillus brevis,MCC633,Scaffold,2475,1,1,392,272.9,1,1,1,1,1,B_SP
GCF_020564685.1,Bifidobacterium longum,ICIS-500,Contig,2076,0,0,,,0,0,0,0,0,E_no_dlt
GCF_947381735.1,Ligilactobacillus salivarius,-,Contig,1846,1,0,,,0,0,0,1,1,D_dltE_absent
GCF_033954855.1,Enterococcus faecalis,J-5-A,Complete Genome,2621,1,1,388,180.2,1,1,1,1,0,A_TM
GCF_009807765.1,Pediococcus acidilactici,FAM20284,Contig,1912,1,1,379,173.8,1,1,1,0,1,B_SP
GCF_978043555.1,Limosilactobacillus fermentum,-,Contig,1987,1,0,,,0,0,0,1,1,D_dltE_absent
GCF_901553725.1,Enterococcus faecalis,NCTC8732,Complete Genome,2682,1,1,388,180.2,1,1,1,1,0,A_TM
GCF_027685985.1,Lacticaseibacillus paracasei,AF11-16H,Scaffold,2790,1,1,385,191.2,1,1,1,1,1,A_TM
GCF_000240765.1,Bifidobacterium animalis subsp. lactis BS 01,BS 01,Scaffold,1536,0,0,,,0,0,0,0,0,E_no_dlt
GCF_028620175.1,Leuconostoc mesenteroides,IMAU80744,Contig,2115,1,1,380,134.3,1,1,1,1,1,A_TM
GCF_028993835.1,Lacticaseibacillus paracasei,ARN1,Contig,2833,1,1,385,191.5,1,1,1,1,1,A_TM
GCF_033659145.1,Bifidobacterium longum,YGMCC0643,Scaffold,2326,0,0,,,0,0,0,0,0,E_no_dlt
GCF_018991675.1,Levilactobacillus brevis,3.2.41,Contig,2473,1,1,392,271.4,1,1,1,1,1,B_SP
GCF_002079905.1,Ligilactobacillus salivarius,01M14315,Scaffold,1841,1,0,,,0,0,0,1,1,D_dltE_absent
GCF_054165865.1,Limosilactobacillus fermentum,VL2,Scaffold,1887,1,0,,,0,0,0,1,1,D_dltE_absent
GCF_046119245.1,Enterococcus faecium,CCP461,Complete Genome,2850,1,1,389,149.6,1,1,1,1,0,A_TM
GCF_009807875.1,Pediococcus acidilactici,FAM20301,Contig,1908,1,1,379,173.8,1,1,1,0,1,B_SP
GCF_002253925.1,Limosilactobacillus reuteri,107k,Scaffold,2201,1,0,,,0,0,0,1,1,D_dltE_absent
GCF_025122235.1,Leuconostoc mesenteroides,LBAE E18,Contig,1866,1,1,380,134.3,1,1,1,1,1,A_TM
GCF_910574725.1,Limosilactobacillus reuteri,-,Scaffold,2017,1,0,,,0,0,0,1,1,D_dltE_absent
GCF_001039715.1,Bifidobacterium animalis subsp. animalis IM386,IM386,Contig,1504,0,0,,,0,0,0,0,0,E_no_dlt
GCF_039061015.1,Lactococcus lactis,1033st1_G4_1033SCRN_220408,Scaffold,2408,1,0,,,0,0,0,0,0,D_dltE_absent
GCF_033659545.1,Bifidobacterium longum,YGMCC0846,Scaffold,2326,0,0,,,0,0,0,0,0,E_no_dlt
GCF_053879735.1,Lactococcus lactis,C1_19,Contig,2531,1,0,,,0,0,0,0,0,D_dltE_absent
GCF_021384395.1,Levilactobacillus brevis,7.2.12,Contig,2509,1,1,392,271.4,1,1,1,1,1,B_SP
GCF_040372185.1,Enterococcus faecium,JARB-OU2352,Complete Genome,2710,1,1,386,130.7,1,1,1,1,0,A_TM
GCF_027857625.1,Limosilactobacillus fermentum,lbl60,Contig,2070,1,0,,,0,0,0,1,1,D_dltE_absent
GCF_056825595.1,Enterococcus faecium,YT1,Complete Genome,2697,1,1,386,131.9,1,1,1,1,0,A_TM
GCF_009808555.1,Pediococcus acidilactici,FAM20293,Contig,1911,1,1,379,173.8,1,1,1,0,1,B_SP
GCF_020784395.1,Limosilactobacillus reuteri,S_9_1,Scaffold,2271,1,0,,,0,0,0,1,1,D_dltE_absent
GCF_028618715.1,Leuconostoc mesenteroides,IMAU11106,Scaffold,1894,1,1,380,135.3,1,1,1,1,1,A_TM
GCF_020785035.1,Limosilactobacillus reuteri,LTM_Jesus_5_1,Scaffold,2165,1,0,,,0,0,0,1,1,D_dltE_absent
GCF_031930265.1,Lactococcus lactis,Y80,Contig,2584,1,0,,,0,0,0,0,0,D_dltE_absent
GCF_001263865.1,Bifidobacterium animalis subsp. animalis MCC 0499,MCC 0499,Scaffold,1750,0,0,,,0,0,0,0,0,E_no_dlt
GCF_002833185.1,Bifidobacterium longum,APC1464,Contig,1886,0,0,,,0,0,0,0,0,E_no_dlt
GCF_039060945.1,Lactococcus lactis,1033st1_C2_1033SCRN_220408,Scaffold,2344,1,0,,,0,0,0,0,0,D_dltE_absent
GCF_021384415.1,Levilactobacillus brevis,3.8.25,Contig,2431,1,1,392,271.4,1,1,1,1,1,B_SP
GCF_036431255.1,Pediococcus acidilactici,FI11593,Contig,1986,1,1,382,174.0,1,1,1,0,1,B_SP
GCF_045923915.1,Enterococcus faecium,C1151,Complete Genome,2852,1,1,389,149.6,1,1,1,1,0,A_TM
GCF_020784305.1,Limosilactobacillus reuteri,M_20,Scaffold,2054,1,0,,,0,0,0,1,1,D_dltE_absent
GCF_040367385.1,Enterococcus faecium,JARB-OU2402,Complete Genome,2691,1,1,386,130.7,1,1,1,1,0,A_TM
GCF_001263835.1,Bifidobacterium animalis subsp. animalis MCC 1489,MCC 1489,Scaffold,1507,0,0,,,0,0,0,0,0,E_no_dlt
GCF_009809105.1,Pediococcus acidilactici,FAM20310,Contig,1909,1,1,379,173.8,1,1,1,0,1,B_SP
GCF_027661125.1,Lactococcus lactis,AM100_PB1_LT_1D_21A,Scaffold,2244,1,0,,,0,0,0,0,0,D_dltE_absent
GCF_021384505.1,Levilactobacillus brevis,7.2.49,Contig,2432,1,1,392,271.4,1,1,1,1,1,B_SP
GCF_001264055.1,Bifidobacterium animalis subsp. animalis ATCC 27672,ATCC 27672,Scaffold,1566,0,0,,,0,0,0,0,0,E_no_dlt
GCF_025958885.1,Enterococcus faecalis,BE8,Complete Genome,2622,1,1,388,180.2,1,1,1,1,0,A_TM
GCF_002079485.1,Ligilactobacillus salivarius,JCM 1044,Scaffold,1700,1,0,,,0,0,0,1,1,D_dltE_absent
GCF_040369085.1,Enterococcus faecium,JARB-OU2377,Complete Genome,2728,1,1,386,130.7,1,1,1,1,0,A_TM
GCF_003712965.1,Lacticaseibacillus paracasei,FAM6410,Contig,2944,1,1,401,198.5,1,1,1,1,1,A_TM
GCF_021384445.1,Levilactobacillus brevis,7.2.40,Contig,2487,1,1,392,271.4,1,1,1,1,1,B_SP
GCF_002208945.1,Enterococcus faecalis,FDAARGOS_338,Complete Genome,2637,1,1,388,180.2,1,1,1,1,0,A_TM
GCF_045527835.1,Leuconostoc mesenteroides,FAM 25293,Scaffold,1858,1,1,380,134.3,1,1,1,1,1,A_TM
GCF_011029235.1,Ligilactobacillus salivarius,VA40-10,Contig,1887,1,0,,,0,0,0,1,1,D_dltE_absent
GCF_051157155.1,Limosilactobacillus fermentum,BE090929-6-4,Contig,1895,1,0,,,0,0,0,1,1,D_dltE_absent
GCF_037283545.1,Lacticaseibacillus paracasei,NRC_P3,Contig,2900,1,1,401,198.5,1,1,1,1,1,A_TM
GCF_019131455.1,Bifidobacterium longum,MSK.13.60,Contig,2027,0,0,,,0,0,0,0,0,E_no_dlt
GCF_053117675.1,Enterococcus faecalis,4774,Complete Genome,2733,1,1,388,180.1,1,1,1,1,0,A_TM
GCF_028619755.1,Leuconostoc mesenteroides,IMAU80250,Scaffold,1917,1,1,380,134.3,1,1,1,1,1,A_TM
GCF_947381595.1,Ligilactobacillus salivarius,-,Contig,1720,1,0,,,0,0,0,1,1,D_dltE_absent
GCF_051158415.1,Limosilactobacillus fermentum,BE090929-5-28,Contig,1936,1,0,,,0,0,0,1,1,D_dltE_absent
GCF_029813065.1,Lacticaseibacillus paracasei,J3703,Contig,2859,1,1,385,190.6,1,1,1,1,1,A_TM
GCF_019131415.1,Bifidobacterium longum,MSK.13.5,Contig,2030,0,0,,,0,0,0,0,0,E_no_dlt
GCF_030376825.1,Enterococcus faecalis,RE25,Complete Genome,2728,1,1,388,180.2,1,1,1,1,0,A_TM
GCF_045527805.1,Leuconostoc mesenteroides,FAM 25292,Scaffold,1887,1,1,380,134.3,1,1,1,1,1,A_TM
GCF_002079645.1,Ligilactobacillus salivarius,CCuG47171,Scaffold,1939,1,0,,,0,0,0,1,1,D_dltE_absent
GCF_051158135.1,Limosilactobacillus fermentum,BE090929-5-39,Contig,1930,1,0,,,0,0,0,1,1,D_dltE_absent
GCF_020785755.1,Limosilactobacillus reuteri,GQ_1_2_1,Contig,2120,1,0,,,0,0,0,1,1,D_dltE_absent
GCF_019131475.1,Bifidobacterium longum,MSK.13.35,Contig,2024,0,0,,,0,0,0,0,0,E_no_dlt
GCF_029000425.1,Enterococcus faecalis,W5,Complete Genome,2820,1,1,388,180.2,1,1,1,1,0,A_TM
GCF_037283365.1,Lacticaseibacillus paracasei,NRC_P5,Contig,2901,1,1,401,198.5,1,1,1,1,1,A_TM
GCF_029667185.1,Lactococcus lactis,593,Contig,2479,1,0,,,0,0,0,0,0,D_dltE_absent
GCF_030939465.1,Limosilactobacillus fermentum,TC 3-11,Contig,1809,1,0,,,0,0,0,1,1,D_dltE_absent
GCF_028322945.1,Lacticaseibacillus paracasei,1001295st1_G5_1001295H_181012,Scaffold,2924,1,1,401,198.5,1,1,1,1,1,A_TM
GCF_027695365.1,Ligilactobacillus salivarius,LG55-22,Scaffold,1851,1,0,,,0,0,0,1,1,D_dltE_absent
GCF_037283435.1,Lacticaseibacillus paracasei,NRC_P6,Contig,2901,1,1,401,198.5,1,1,1,1,1,A_TM
GCF_028620005.1,Leuconostoc mesenteroides,IMAU80848,Scaffold,1960,1,1,380,134.3,1,1,1,1,1,A_TM
GCF_900639525.1,Enterococcus faecium,-,Complete Genome,2753,1,1,386,130.7,1,1,1,1,0,A_TM
GCF_059815685.1,Enterococcus faecium,EFA_21_full,Complete Genome,2694,1,1,389,149.6,1,1,1,1,0,A_TM
GCF_027685795.1,Ligilactobacillus salivarius,AF11-8H,Scaffold,1811,1,0,,,0,0,0,1,1,D_dltE_absent
GCF_019131655.1,Bifidobacterium longum,MSK.13.10,Contig,2029,0,0,,,0,0,0,0,0,E_no_dlt
GCF_002253875.1,Limosilactobacillus reuteri,117n,Scaffold,2083,1,0,,,0,0,0,1,1,D_dltE_absent
GCF_020785795.1,Limosilactobacillus reuteri,GQ_1_3_1,Scaffold,2112,1,0,,,0,0,0,1,1,D_dltE_absent
GCF_050506725.1,Enterococcus faecalis,C5874,Complete Genome,2789,1,1,388,180.2,1,1,1,1,0,A_TM
GCF_027681265.1,Limosilactobacillus fermentum,AF61-5pH5A,Scaffold,1876,1,0,,,0,0,0,1,1,D_dltE_absent
GCF_031930385.1,Lactococcus lactis,Y73,Scaffold,2764,1,0,,,0,0,0,0,0,D_dltE_absent
GCF_044539325.1,Lactococcus lactis,L.l_SWD9,Contig,2451,1,0,,,0,0,0,0,0,D_dltE_absent
GCF_032290425.1,Lacticaseibacillus paracasei,ASM82903v1,Scaffold,2903,1,1,385,192.1,1,1,1,1,1,A_TM
GCF_019926925.1,Leuconostoc mesenteroides,INF166,Contig,2026,1,1,380,134.3,1,1,1,0,1,A_TM
GCF_009808245.1,Pediococcus acidilactici,FAM17419c4,Contig,1747,1,1,382,173.1,1,1,1,0,1,B_SP
GCF_059815465.1,Enterococcus faecium,EFA_32_full,Complete Genome,2618,1,1,389,149.6,1,1,1,1,0,A_TM
GCF_027685885.1,Ligilactobacillus salivarius,AF11-29H,Scaffold,1813,1,0,,,0,0,0,1,1,D_dltE_absent
GCF_003457975.1,Bifidobacterium longum,AF27-1BH,Scaffold,1880,0,0,,,0,0,0,0,0,E_no_dlt
GCF_001263975.1,Bifidobacterium animalis subsp. lactis ATCC 27536,ATCC 27536,Scaffold,1533,0,0,,,0,0,0,0,0,E_no_dlt
GCF_025189665.1,Limosilactobacillus reuteri,CIRM-BIA 696,Contig,1893,1,0,,,0,0,0,1,1,D_dltE_absent
GCF_021384595.1,Levilactobacillus brevis,30.8.38,Contig,2467,1,1,392,271.4,1,1,1,1,1,B_SP
GCF_003053105.1,Limosilactobacillus fermentum,DS19_7,Contig,1900,1,0,,,0,0,0,1,1,D_dltE_absent
GCF_021384555.1,Levilactobacillus brevis,7.8.33,Contig,2424,1,1,392,271.4,1,1,1,1,1,B_SP
GCF_031930565.1,Lactococcus lactis,Y51-2,Scaffold,2654,1,0,,,0,0,0,0,0,D_dltE_absent
GCF_009809255.1,Pediococcus acidilactici,FAM19180,Contig,1731,1,1,382,173.1,1,1,1,0,1,B_SP
GCF_028619875.1,Leuconostoc mesenteroides,IMAU80358,Scaffold,2161,1,1,380,134.3,1,1,1,1,1,A_TM
GCF_030020555.1,Enterococcus faecalis,EfsC85,Complete Genome,2607,1,1,388,180.2,1,1,1,1,0,A_TM
GCF_900638825.1,Enterococcus faecium,-,Complete Genome,2667,1,1,386,135.2,1,1,1,1,0,A_TM
GCF_000612705.1,Bifidobacterium animalis subsp. lactis CECT 8145,CECT 8145,Scaffold,1537,0,0,,,0,0,0,0,0,E_no_dlt
GCF_019127795.1,Bifidobacterium longum,MSK.20.74,Contig,1920,0,0,,,0,0,0,0,0,E_no_dlt
GCF_009808325.1,Pediococcus acidilactici,FAM17422,Contig,1753,1,1,382,173.1,1,1,1,0,1,B_SP
GCF_050313125.1,Limosilactobacillus reuteri,SGI.205,Contig,1939,1,0,,,0,0,0,1,1,D_dltE_absent
GCF_021384515.1,Levilactobacillus brevis,7.8.43,Contig,2382,1,1,392,271.4,1,1,1,1,1,B_SP
GCF_001263985.1,Bifidobacterium animalis subsp. lactis ATCC 27674,ATCC 27674,Scaffold,1531,0,0,,,0,0,0,0,0,E_no_dlt
GCF_046064525.1,Limosilactobacillus fermentum,J23,Contig,1910,1,0,,,0,0,0,1,1,D_dltE_absent
GCF_029667205.1,Lactococcus lactis,576,Contig,2247,1,0,,,0,0,0,0,0,D_dltE_absent
GCF_024539645.1,Pediococcus acidilactici,FAM 26298,Scaffold,1730,1,1,382,173.1,1,1,1,0,1,B_SP
GCF_025194325.1,Levilactobacillus brevis,CIRM-BIA 875,Contig,2518,1,1,392,273.6,1,1,1,1,1,B_SP
GCF_028619915.1,Leuconostoc mesenteroides,IMAU80739,Scaffold,1734,1,1,380,134.3,1,1,1,1,1,A_TM
GCF_059815845.1,Enterococcus faecium,EFA_13_full,Complete Genome,2637,1,1,386,132.7,1,1,1,1,0,A_TM
GCF_028320445.1,Lacticaseibacillus paracasei,1001095st2_H2_1025SCRN_200924,Scaffold,2807,1,1,385,192.1,1,1,1,1,1,A_TM
GCF_009809885.1,Pediococcus acidilactici,FAM17418,Contig,1753,1,1,382,173.1,1,1,1,0,1,B_SP
GCF_031930445.1,Lactococcus lactis,Y65,Scaffold,2722,1,0,,,0,0,0,0,0,D_dltE_absent
GCF_002254185.1,Limosilactobacillus reuteri,103v,Scaffold,2088,1,0,,,0,0,0,1,1,D_dltE_absent
GCF_002079545.1,Ligilactobacillus salivarius,gul2,Scaffold,1899,1,0,,,0,0,0,1,1,D_dltE_absent
GCF_001263945.1,Bifidobacterium animalis subsp. animalis MCC 0483,MCC 0483,Scaffold,1769,0,0,,,0,0,0,0,0,E_no_dlt
GCF_002334625.1,Enterococcus faecium,K60-39,Complete Genome,2715,1,1,389,149.6,1,1,1,1,0,A_TM
GCF_029664425.1,Lactococcus lactis,581,Contig,2471,1,0,,,0,0,0,0,0,D_dltE_absent
GCF_030020535.1,Enterococcus faecalis,EfsC94,Complete Genome,2717,1,1,388,179.7,1,1,1,1,0,A_TM
GCF_050506735.1,Enterococcus faecalis,C5873,Complete Genome,2787,1,1,388,180.2,1,1,1,1,0,A_TM
GCF_002253825.1,Limosilactobacillus reuteri,114h,Scaffold,2082,1,0,,,0,0,0,1,1,D_dltE_absent
GCF_002442955.1,Enterococcus faecium,A_020709_82,Complete Genome,2713,1,1,386,130.7,1,1,1,1,0,A_TM
GCF_020784495.1,Limosilactobacillus reuteri,FUA 3043,Scaffold,2024,1,0,,,0,0,0,1,1,D_dltE_absent
GCF_011031945.1,Lacticaseibacillus paracasei,VA02-1AN,Contig,2847,1,1,385,192.1,1,1,1,1,1,A_TM
GCF_002563455.1,Lactococcus lactis,417,Scaffold,2273,1,0,,,0,0,0,0,0,D_dltE_absent
GCF_020785295.1,Limosilactobacillus reuteri,PB-W2,Scaffold,1949,1,0,,,0,0,0,1,1,D_dltE_absent
GCF_031930605.1,Lactococcus lactis,Y60-1,Scaffold,2542,1,0,,,0,0,0,0,0,D_dltE_absent
GCF_010120755.1,Enterococcus faecium,ZY2,Complete Genome,2558,1,1,386,130.7,1,1,1,1,0,A_TM
GCF_009863885.1,Ligilactobacillus salivarius,FBJSY20_2,Contig,2016,1,0,,,0,0,0,1,1,D_dltE_absent
GCF_040096865.1,Bifidobacterium longum,CLA-SR-H016,Contig,1841,0,0,,,0,0,0,0,0,E_no_dlt
GCF_012933245.2,Enterococcus faecium,A4694,Complete Genome,2717,1,1,389,149.6,1,1,1,1,0,A_TM
GCF_053901805.1,Limosilactobacillus reuteri,ip-2,Contig,1930,1,0,,,0,0,0,1,0,D_dltE_absent
GCF_057221615.1,Enterococcus faecalis,N51-11,Complete Genome,2618,1,1,388,172.9,1,1,1,1,0,A_TM
GCF_002794315.1,Limosilactobacillus fermentum,311,Contig,1941,1,0,,,0,0,0,1,1,D_dltE_absent
GCF_978042145.1,Limosilactobacillus fermentum,-,Contig,1917,1,0,,,0,0,0,1,1,D_dltE_absent
GCF_018991605.1,Lactococcus lactis,LA0312,Contig,2270,1,0,,,0,0,0,0,0,D_dltE_absent
GCF_028878155.1,Lacticaseibacillus paracasei,DIALYac,Scaffold,2834,1,1,385,192.1,1,1,1,1,1,A_TM
GCF_001570665.1,Leuconostoc mesenteroides,213M0,Contig,1997,1,1,380,134.9,1,1,1,1,1,A_TM
GCF_028620235.1,Leuconostoc mesenteroides,IMAU80663,Scaffold,1856,1,1,380,134.3,1,1,1,1,1,A_TM
GCF_009938075.1,Enterococcus faecium,ZY11,Complete Genome,2430,1,1,386,132.7,1,1,1,1,0,A_TM
GCF_009866115.1,Ligilactobacillus salivarius,FXJKS25M8,Contig,1840,1,0,,,0,0,0,1,1,D_dltE_absent
GCF_003472305.1,Bifidobacterium longum,AM12-16,Scaffold,1795,0,0,,,0,0,0,0,0,E_no_dlt
GCF_002832995.1,Bifidobacterium longum,DPC6321,Contig,1906,0,0,,,0,0,0,0,0,E_no_dlt
GCF_020785895.1,Limosilactobacillus reuteri,EF3_1,Scaffold,2026,1,0,,,0,0,0,1,1,D_dltE_absent
GCF_049187575.1,Enterococcus faecalis,MP,Complete Genome,2594,1,1,388,175.1,1,1,1,1,0,A_TM
GCF_009362835.1,Limosilactobacillus fermentum,317,Contig,1795,1,0,,,0,0,0,1,1,D_dltE_absent
GCF_021384565.1,Levilactobacillus brevis,7.8.34,Contig,2378,1,1,392,271.4,1,1,1,1,1,B_SP
GCF_030361235.1,Lactococcus lactis,TOM.200,Contig,2553,1,0,,,0,0,0,0,0,D_dltE_absent
GCF_025190575.1,Lacticaseibacillus paracasei,CIRM-BIA 770,Contig,2912,1,1,385,192.1,1,1,1,1,1,A_TM
GCF_045527825.1,Leuconostoc mesenteroides,FAM 24636,Scaffold,1887,1,1,380,134.3,1,1,1,1,1,A_TM
GCF_009807775.1,Pediococcus acidilactici,FAM22258,Contig,1874,1,1,382,174.0,1,1,1,0,1,B_SP
GCF_056745515.1,Enterococcus faecium,24VR2004,Complete Genome,2846,1,1,386,130.7,1,1,1,1,0,A_TM
GCF_009869975.1,Ligilactobacillus salivarius,FWXBH3_1.scaf,Scaffold,1874,1,0,,,0,0,0,1,1,D_dltE_absent
GCF_015555065.1,Bifidobacterium longum,1001136B_160425_B5,Scaffold,1952,0,0,,,0,0,0,0,0,E_no_dlt
GCF_039612675.1,Lacticaseibacillus paracasei,B13,Contig,2872,1,1,385,192.1,1,1,1,1,1,A_TM
GCF_022844685.1,Limosilactobacillus fermentum,Lb1,Scaffold,1834,1,0,,,0,0,0,1,1,D_dltE_absent
GCF_052084595.1,Enterococcus faecalis,EFSMS09,Complete Genome,2667,1,1,388,179.2,1,1,1,1,0,A_TM
GCF_049180475.1,Limosilactobacillus fermentum,JLL86,Scaffold,1966,1,0,,,0,0,0,1,1,D_dltE_absent
GCF_002079565.1,Ligilactobacillus salivarius,gul1,Scaffold,1902,1,0,,,0,0,0,1,1,D_dltE_absent
GCF_028618955.1,Leuconostoc mesenteroides,IMAU10926,Scaffold,1851,1,1,380,136.1,1,1,1,1,1,A_TM
GCF_025190705.1,Lacticaseibacillus paracasei,CIRM-BIA 2130,Contig,2909,1,1,385,192.1,1,1,1,1,1,A_TM
GCF_028619985.1,Leuconostoc mesenteroides,IMAU80664,Scaffold,1864,1,1,380,134.3,1,1,1,1,1,A_TM
GCF_036275755.1,Enterococcus faecalis,JF3A-4314,Complete Genome,2758,1,1,388,179.7,1,1,1,1,0,A_TM
GCF_056356515.1,Bifidobacterium longum,LH_490,Contig,1828,0,0,,,0,0,0,0,0,E_no_dlt
GCF_009870215.1,Ligilactobacillus salivarius,FXJSW20M4_2,Scaffold,1921,1,0,,,0,0,0,1,1,D_dltE_absent
GCF_033658285.1,Bifidobacterium longum,YGMCC0092,Contig,2393,0,0,,,0,0,0,0,0,E_no_dlt
GCF_003065345.1,Limosilactobacillus reuteri,DS17_10,Contig,1887,1,0,,,0,0,0,1,1,D_dltE_absent
GCF_025194545.1,Levilactobacillus brevis,CIRM-BIA 2226,Contig,2504,1,1,392,270.1,1,1,1,0,1,B_SP
GCF_032681025.1,Enterococcus faecalis,ES-1390,Complete Genome,2753,1,1,388,180.2,1,1,1,1,0,A_TM
GCF_041380155.1,Limosilactobacillus fermentum,KA16MA,Scaffold,2019,1,0,,,0,0,0,1,1,D_dltE_absent
GCF_024539635.1,Pediococcus acidilactici,FAM 26181,Scaffold,1745,1,1,382,173.1,1,1,1,0,1,B_SP
GCF_009808905.1,Pediococcus acidilactici,FAM22235,Contig,1847,1,1,382,174.0,1,1,1,0,1,B_SP
GCF_020785995.1,Limosilactobacillus reuteri,EF2_1,Scaffold,2122,1,0,,,0,0,0,1,1,D_dltE_absent
GCF_028620185.1,Leuconostoc mesenteroides,IMAU80641,Scaffold,2010,1,1,380,136.1,1,1,1,1,1,A_TM
GCF_033447265.1,Lacticaseibacillus paracasei,MCC 0258,Scaffold,2779,1,1,385,192.1,1,1,1,1,1,A_TM
GCF_028321445.1,Lacticaseibacillus paracasei,1001095st2_D7_1025SCRN_200924,Scaffold,2808,1,1,385,192.1,1,1,1,1,1,A_TM
GCF_029664435.1,Lactococcus lactis,577,Contig,2333,1,0,,,0,0,0,0,0,D_dltE_absent
GCF_033659585.1,Bifidobacterium longum,YGMCCO904,Contig,2393,0,0,,,0,0,0,0,0,E_no_dlt
GCF_030372045.1,Ligilactobacillus salivarius,156_Feed,Contig,1889,1,0,,,0,0,0,1,1,D_dltE_absent
GCF_039757555.1,Ligilactobacillus salivarius,1001095st1_A1_1001095IJ_161003,Scaffold,1921,1,0,,,0,0,0,1,1,D_dltE_absent
GCF_003020705.1,Enterococcus faecium,AUSMDU00004055,Complete Genome,2839,1,1,389,149.6,1,1,1,1,0,A_TM
GCF_036431245.1,Limosilactobacillus fermentum,FI11548,Contig,1785,1,0,,,0,0,0,1,1,D_dltE_absent
GCF_030020155.1,Enterococcus faecalis,EfsPNK7,Complete Genome,2663,1,1,388,179.1,1,1,1,1,0,A_TM
GCF_003465095.1,Bifidobacterium longum,AF11-41,Scaffold,1943,0,0,,,0,0,0,0,0,E_no_dlt
GCF_051949185.1,Limosilactobacillus fermentum,J24,Contig,1895,1,0,,,0,0,0,1,1,D_dltE_absent
GCF_028619895.1,Leuconostoc mesenteroides,IMAU80237,Scaffold,2027,1,1,380,134.3,1,1,1,0,1,A_TM
GCF_020785915.1,Limosilactobacillus reuteri,EF1_1,Contig,2027,1,0,,,0,0,0,1,1,D_dltE_absent
GCF_024355405.1,Pediococcus acidilactici,ACB26,Contig,1896,1,1,382,172.9,1,1,1,0,1,B_SP
GCF_028618945.1,Leuconostoc mesenteroides,IMAU80347,Scaffold,1946,1,1,380,136.1,1,1,1,1,1,A_TM
GCF_019127975.1,Bifidobacterium longum,MSK.20.38,Contig,1978,0,0,,,0,0,0,0,0,E_no_dlt
GCF_029664575.1,Lactococcus lactis,46,Contig,2173,1,0,,,0,0,0,0,0,D_dltE_absent
GCF_028894815.1,Bifidobacterium longum,PT8,Contig,1837,0,0,,,0,0,0,0,0,E_no_dlt
GCF_025190635.1,Lacticaseibacillus paracasei,CIRM-BIA 1444,Contig,2907,1,1,385,192.1,1,1,1,1,1,A_TM
GCF_900290185.1,Limosilactobacillus fermentum,CECT 9269,Contig,1990,1,0,,,0,0,0,1,1,D_dltE_absent
GCF_021172105.3,Enterococcus faecium,V13-21-E11-012-001,Complete Genome,2774,1,1,389,149.6,1,1,1,1,0,A_TM
GCF_021384405.1,Levilactobacillus brevis,7.2.41,Contig,2360,1,1,392,271.4,1,1,1,1,1,B_SP
GCF_058244405.1,Ligilactobacillus salivarius,LS-G60,Contig,1872,1,0,,,0,0,0,1,1,D_dltE_absent
GCF_028619195.1,Leuconostoc mesenteroides,IMAU80298,Scaffold,1972,1,1,380,134.3,1,1,1,1,1,A_TM
GCF_040567705.1,Levilactobacillus brevis,LAB 6,Scaffold,2504,1,1,392,266.7,1,1,1,1,1,B_SP
GCF_031931245.1,Lactococcus lactis,Y19,Scaffold,2571,1,0,,,0,0,0,0,0,D_dltE_absent
GCF_025958805.1,Enterococcus faecalis,BE16,Complete Genome,2808,1,1,388,180.2,1,1,1,1,0,A_TM
GCF_025958785.1,Enterococcus faecalis,BE17,Complete Genome,2809,1,1,388,180.2,1,1,1,1,0,A_TM
GCF_978044685.1,Limosilactobacillus fermentum,-,Contig,1833,1,0,,,0,0,0,1,1,D_dltE_absent
GCF_020221735.2,Enterococcus faecium,4995/20,Complete Genome,2727,1,1,386,130.7,1,1,1,1,0,A_TM
GCF_020784515.1,Limosilactobacillus reuteri,FUA 3041,Scaffold,2038,1,0,,,0,0,0,1,1,D_dltE_absent
GCF_011421685.1,Lacticaseibacillus paracasei,L32,Contig,2556,1,1,385,190.0,1,1,1,1,1,A_TM
GCF_002079365.1,Ligilactobacillus salivarius,NCIMB8816,Scaffold,1756,1,0,,,0,0,0,1,1,D_dltE_absent
GCF_978043425.1,Limosilactobacillus fermentum,-,Contig,1845,1,0,,,0,0,0,1,1,D_dltE_absent
GCF_018991505.1,Levilactobacillus brevis,14.2.10,Contig,2549,1,1,392,271.4,1,1,1,1,1,B_SP
GCF_019926965.1,Leuconostoc mesenteroides,INF157,Contig,1927,1,1,380,134.3,1,1,1,0,1,A_TM
GCF_039791395.1,Enterococcus faecalis,PC15,Complete Genome,2596,1,1,388,180.2,1,1,1,1,0,A_TM
GCF_025188285.1,Leuconostoc mesenteroides,CIRM-BIA 1972,Contig,1954,1,1,380,135.3,1,1,1,1,1,A_TM
GCF_964240575.1,Bifidobacterium longum,-,Contig,2309,0,0,,,0,0,0,0,0,E_no_dlt
GCF_001515385.1,Leuconostoc mesenteroides,406,Contig,1969,1,1,380,134.9,1,1,1,1,1,A_TM
GCF_039060435.1,Pediococcus acidilactici,1001295st1_G5_2227SCRN_220401,Scaffold,1836,1,1,382,169.9,1,1,1,0,1,B_SP
GCF_003437995.1,Bifidobacterium longum,TF01-22,Scaffold,1926,0,0,,,0,0,0,0,0,E_no_dlt
GCF_002532155.1,Levilactobacillus brevis,SF15B,Contig,2390,1,1,392,272.9,1,1,1,1,1,B_SP
GCF_050247335.1,Lacticaseibacillus paracasei,ItalPN16,Contig,2815,1,1,385,192.1,1,1,1,1,1,A_TM
GCF_054570615.1,Lacticaseibacillus paracasei,LPTSRWCO1,Contig,2809,1,1,385,192.1,1,1,1,1,1,A_TM
GCF_018993685.1,Levilactobacillus brevis,14.2.24,Contig,2548,1,1,392,271.4,1,1,1,1,1,B_SP
GCF_003468805.1,Bifidobacterium longum,AM31-13LB,Scaffold,1996,0,0,,,0,0,0,0,0,E_no_dlt
GCF_900638805.1,Enterococcus faecium,-,Complete Genome,2598,1,1,383,135.2,1,1,1,1,0,A_TM
GCF_030373745.1,Ligilactobacillus salivarius,150_Feed,Contig,2002,1,0,,,0,0,0,1,1,D_dltE_absent
GCF_036620505.1,Pediococcus acidilactici,MBBL7,Contig,1887,1,1,379,173.8,1,1,1,0,1,B_SP
GCF_009866035.1,Ligilactobacillus salivarius,FYNDL6_3.scaf,Contig,1796,1,0,,,0,0,0,1,1,D_dltE_absent
GCF_036431485.1,Limosilactobacillus fermentum,FI11597,Contig,1804,1,0,,,0,0,0,1,1,D_dltE_absent
GCF_036280735.1,Enterococcus faecalis,JF1H-454,Complete Genome,2614,1,1,388,180.2,1,1,1,1,0,A_TM
GCF_910574795.1,Limosilactobacillus reuteri,-,Scaffold,2018,1,0,,,0,0,0,1,1,D_dltE_absent
GCF_017280035.1,Enterococcus faecalis,L13,Complete Genome,2674,1,1,388,180.2,1,1,1,1,0,A_TM
GCF_025188385.1,Leuconostoc mesenteroides,CIRM-BIA 1146,Contig,1900,1,1,380,136.4,1,1,1,0,1,A_TM
GCF_002156605.1,Limosilactobacillus reuteri,LR0,Scaffold,2018,1,0,,,0,0,0,1,1,D_dltE_absent
GCF_022509685.1,Lactococcus lactis,EIP20B,Contig,2614,1,0,,,0,0,0,0,0,D_dltE_absent
GCF_978044575.1,Limosilactobacillus reuteri,-,Contig,1927,1,0,,,0,0,0,1,1,D_dltE_absent
GCF_900157085.1,Bifidobacterium longum,-,Contig,2169,0,0,,,0,0,0,0,0,E_no_dlt
GCF_031930465.1,Lactococcus lactis,Y64,Contig,2547,1,0,,,0,0,0,0,0,D_dltE_absent
GCF_051244865.1,Enterococcus faecium,E1162,Complete Genome,2552,1,1,386,130.7,1,1,1,1,0,A_TM
GCF_029667145.1,Lactococcus lactis,829,Contig,2219,1,0,,,0,0,0,0,0,D_dltE_absent
GCF_021384495.1,Levilactobacillus brevis,7.2.13,Contig,2488,1,1,381,266.3,1,1,1,1,1,B_SP
GCF_900116995.1,Levilactobacillus brevis,-,Contig,2583,1,1,392,270.6,1,1,1,1,1,B_SP
GCF_021128975.1,Limosilactobacillus fermentum,ING8,Contig,1901,1,0,,,0,0,0,1,1,D_dltE_absent
GCF_054638015.1,Enterococcus faecium,Ef-CPU2401,Complete Genome,2552,1,1,386,131.0,1,1,1,1,0,A_TM
GCF_009809445.1,Pediococcus acidilactici,FAM22260,Contig,1929,1,1,382,174.0,1,1,1,0,1,B_SP
GCF_036942455.1,Lacticaseibacillus paracasei,KLDS 74,Scaffold,3049,1,1,385,191.2,1,1,1,1,1,A_TM
GCF_925298145.1,Pediococcus acidilactici,-,Contig,1904,1,1,379,173.8,1,1,1,0,1,B_SP
GCF_978042695.1,Limosilactobacillus fermentum,-,Contig,1939,1,0,,,0,0,0,1,1,D_dltE_absent
GCF_009808415.1,Pediococcus acidilactici,FAM22257,Contig,1872,1,1,382,174.0,1,1,1,0,1,B_SP
GCF_009863495.1,Ligilactobacillus salivarius,FJLHD7M2,Contig,1801,1,0,,,0,0,0,1,1,D_dltE_absent
GCF_025188825.1,Lactococcus lactis,CIRM-BIA 2200,Contig,2381,1,0,,,0,0,0,0,0,D_dltE_absent
GCF_041021545.1,Lacticaseibacillus paracasei,L45,Contig,2817,1,1,385,192.1,1,1,1,1,1,A_TM
GCF_964187075.1,Leuconostoc mesenteroides,-,Contig,2065,1,1,380,134.3,1,1,1,1,1,A_TM
GCF_024267595.1,Enterococcus faecalis,Chr-JH 2-2,Complete Genome,2674,1,1,388,178.7,1,1,1,1,0,A_TM
GCF_978044615.1,Limosilactobacillus reuteri,-,Contig,1929,1,0,,,0,0,0,1,1,D_dltE_absent
GCF_002161265.1,Ligilactobacillus salivarius,An84,Contig,1974,1,0,,,0,0,0,1,1,D_dltE_absent
GCF_002833055.1,Bifidobacterium longum,APC1478,Contig,1711,0,0,,,0,0,0,0,0,E_no_dlt
GCF_978043315.1,Limosilactobacillus reuteri,-,Contig,1920,1,0,,,0,0,0,1,1,D_dltE_absent
GCF_027672645.1,Lactococcus lactis,AM113-80,Scaffold,2326,1,0,,,0,0,0,0,0,D_dltE_absent
GCF_050506865.1,Enterococcus faecalis,C6388,Complete Genome,2638,1,1,388,180.2,1,1,1,1,0,A_TM
GCF_900116975.1,Levilactobacillus brevis,-,Contig,2567,1,1,392,270.6,1,1,1,1,1,B_SP
GCF_002115705.1,Lactococcus lactis,DmW198,Contig,2445,1,0,,,0,0,0,0,0,D_dltE_absent
GCF_045782695.1,Enterococcus faecium,EF,Complete Genome,2552,1,1,386,131.0,1,1,1,1,0,A_TM
GCF_020784915.1,Limosilactobacillus reuteri,M_Angie_4_1,Scaffold,1989,1,0,,,0,0,0,1,1,D_dltE_absent
GCF_009808475.1,Pediococcus acidilactici,FAM22259,Contig,1924,1,1,382,174.0,1,1,1,0,1,B_SP
GCF_054720565.1,Lactococcus lactis,MLS22,Contig,2369,1,0,,,0,0,0,0,0,D_dltE_absent
GCF_052221125.1,Limosilactobacillus fermentum,J2_770/11,Contig,1767,1,0,,,0,0,0,1,1,D_dltE_absent
GCF_031930485.1,Lactococcus lactis,Y63,Contig,2537,1,0,,,0,0,0,0,0,D_dltE_absent
GCF_038025045.1,Lacticaseibacillus paracasei,ATA-LTC-Lp121000,Scaffold,2790,1,1,401,198.9,1,1,1,1,1,A_TM
GCF_024329625.1,Leuconostoc mesenteroides,Kef-w6,Contig,1770,1,1,380,136.3,1,1,1,0,1,A_TM
GCF_023300165.1,Enterococcus faecalis,AT04,Complete Genome,2671,1,1,388,180.2,1,1,1,1,0,A_TM
GCF_053161235.2,Enterococcus faecium,VRE_16,Complete Genome,2698,1,1,386,130.7,1,1,1,1,0,A_TM
GCF_020026515.1,Ligilactobacillus salivarius,AER04,Contig,1953,1,0,,,0,0,0,1,1,D_dltE_absent
GCF_009389215.1,Limosilactobacillus reuteri,PTA5_F13,Scaffold,2063,1,0,,,0,0,0,1,1,D_dltE_absent
GCF_022496455.1,Bifidobacterium longum,2204B,Contig,2061,0,0,,,0,0,0,0,0,E_no_dlt
GCF_011420355.1,Limosilactobacillus fermentum,S30,Contig,2076,1,0,,,0,0,0,1,1,D_dltE_absent
GCF_050473355.1,Enterococcus faecalis,C1554,Complete Genome,2627,1,1,388,180.2,1,1,1,1,0,A_TM
GCF_022631055.1,Lactococcus lactis,PHM5-37,Contig,2266,1,0,,,0,0,0,0,0,D_dltE_absent
GCF_900639415.1,Enterococcus faecium,-,Complete Genome,2907,1,1,386,132.7,1,1,1,1,0,A_TM
GCF_028618855.1,Leuconostoc mesenteroides,IMAU11057,Scaffold,2010,1,1,380,136.1,1,1,1,1,1,A_TM
GCF_009389385.1,Limosilactobacillus reuteri,PTA1_C4,Scaffold,1877,1,0,,,0,0,0,1,1,D_dltE_absent
GCF_900116945.1,Levilactobacillus brevis,-,Contig,2491,1,1,392,270.6,1,1,1,1,1,B_SP
GCF_053769935.2,Limosilactobacillus fermentum,PJG11,Scaffold,1917,1,0,,,0,0,0,1,1,D_dltE_absent
GCF_003464575.1,Bifidobacterium longum,AF14-34,Scaffold,1906,0,0,,,0,0,0,0,0,E_no_dlt
GCF_028335585.1,Enterococcus faecium,K70-1a,Complete Genome,2665,1,1,389,149.6,1,1,1,1,0,A_TM
GCF_048261055.1,Pediococcus acidilactici,RC-UNIPASAAFM00032,Scaffold,2106,1,1,382,167.8,1,1,1,0,1,B_SP
GCF_028620115.1,Leuconostoc mesenteroides,IMAU80766,Scaffold,2021,1,1,380,136.1,1,1,1,1,1,A_TM
GCF_021384615.1,Levilactobacillus brevis,30.2.29,Contig,2550,1,1,392,271.4,1,1,1,1,1,B_SP
GCF_014926345.1,Limosilactobacillus fermentum,UC3641,Contig,1900,1,0,,,0,0,0,1,1,D_dltE_absent
GCF_012932835.1,Lacticaseibacillus paracasei,CRF28,Scaffold,2777,1,1,401,198.5,1,1,1,1,1,A_TM
GCF_003465745.1,Bifidobacterium longum,AF04-13,Scaffold,1894,0,0,,,0,0,0,0,0,E_no_dlt
GCF_058244365.1,Pediococcus acidilactici,PA-G73,Contig,1887,1,1,379,173.8,1,1,1,0,1,B_SP
GCF_019927205.1,Leuconostoc mesenteroides,INF3b,Contig,2123,0,1,380,134.2,1,1,1,1,1,E_no_dlt
GCF_027665935.1,Ligilactobacillus salivarius,AM79-08pH10TA,Scaffold,1736,1,0,,,0,0,0,1,1,D_dltE_absent
GCF_900117015.1,Levilactobacillus brevis,-,Contig,2298,1,1,392,270.6,1,1,1,1,1,B_SP
GCF_043845685.1,Bifidobacterium longum,C203A,Contig,2210,0,0,,,0,0,0,0,0,E_no_dlt
GCF_051064335.1,Lacticaseibacillus paracasei,345F,Contig,2910,1,1,385,192.1,1,1,1,1,1,A_TM
GCF_023299545.1,Enterococcus faecalis,AT09,Complete Genome,2774,1,1,388,180.2,1,1,1,1,0,A_TM
GCF_053748955.1,Pediococcus acidilactici,PL0019,Contig,1913,1,1,379,173.8,1,1,1,0,1,B_SP
GCF_030371905.1,Ligilactobacillus salivarius,30_SSukc10,Contig,1916,1,0,,,0,0,0,1,1,D_dltE_absent
GCF_925284415.1,Limosilactobacillus fermentum,-,Contig,2052,1,0,,,0,0,0,1,1,D_dltE_absent
GCF_947381575.1,Limosilactobacillus reuteri,-,Contig,1908,1,0,,,0,0,0,1,1,D_dltE_absent
GCF_020540265.1,Lacticaseibacillus paracasei,MSK.19.8,Contig,2818,1,1,385,192.1,1,1,1,1,1,A_TM
GCF_009863825.1,Ligilactobacillus salivarius,FCQHC3_L6_2,Contig,1993,1,0,,,0,0,0,1,1,D_dltE_absent
GCF_028618725.1,Leuconostoc mesenteroides,IMAU11071,Scaffold,2048,1,1,380,136.1,1,1,1,1,1,A_TM
GCF_029664495.1,Lactococcus lactis,805,Contig,2375,1,0,,,0,0,0,0,0,D_dltE_absent
GCF_006364815.1,Enterococcus faecalis,FDAARGOS_611,Complete Genome,2656,1,1,388,180.2,1,1,1,1,0,A_TM
GCF_018517045.1,Enterococcus faecium,17-508,Complete Genome,2587,1,1,389,149.6,1,1,1,1,0,A_TM
GCF_046763195.1,Bifidobacterium longum,LHP012,Contig,1939,0,0,,,0,0,0,0,0,E_no_dlt
GCF_006007925.1,Enterococcus faecium,VRE1,Complete Genome,2742,1,1,386,130.7,1,1,1,1,0,A_TM
GCF_052115945.1,Limosilactobacillus reuteri,Sow4_H10,Contig,1845,1,0,,,0,0,0,1,1,D_dltE_absent
GCF_012070625.1,Limosilactobacillus fermentum,L18,Scaffold,2088,1,0,,,0,0,0,1,1,D_dltE_absent
GCF_900117045.1,Levilactobacillus brevis,-,Contig,2630,1,1,392,270.6,1,1,1,1,1,B_SP
GCF_051132805.1,Lactococcus lactis,KW,Contig,2591,1,0,,,0,0,0,0,0,D_dltE_absent
GCF_002563475.1,Lactococcus lactis,537,Scaffold,2480,1,0,,,0,0,0,0,0,D_dltE_absent
GCF_028618845.1,Leuconostoc mesenteroides,IMAU11063,Scaffold,2093,1,1,380,136.1,1,1,1,1,1,A_TM
GCF_009807995.1,Pediococcus acidilactici,FAM19155,Contig,1934,1,1,382,174.0,1,1,1,0,1,B_SP
GCF_018517105.1,Enterococcus faecium,16-021,Complete Genome,2582,1,1,386,130.7,1,1,1,1,0,A_TM
GCF_015377765.1,Enterococcus faecium,TK-P5D,Complete Genome,2554,1,1,386,131.0,1,1,1,1,0,A_TM
GCF_020162155.1,Enterococcus faecium,-,Complete Genome,2631,1,1,386,132.7,1,1,1,1,0,A_TM
GCF_030360685.1,Lacticaseibacillus paracasei,TOM.1362,Contig,2921,1,1,385,193.0,1,1,1,1,1,A_TM
GCF_011290755.1,Limosilactobacillus fermentum,CVM-347,Scaffold,2080,1,0,,,0,0,0,1,1,D_dltE_absent
GCF_978043275.1,Limosilactobacillus fermentum,-,Contig,1874,1,0,,,0,0,0,1,1,D_dltE_absent
GCF_003464685.1,Bifidobacterium longum,AF14-22,Scaffold,1914,0,0,,,0,0,0,0,0,E_no_dlt
GCF_051371065.1,Ligilactobacillus salivarius,HC859,Scaffold,1889,1,0,,,0,0,0,1,1,D_dltE_absent
GCF_028618815.1,Leuconostoc mesenteroides,IMAU11074,Scaffold,2171,1,1,380,136.1,1,1,1,1,1,A_TM
GCF_028620125.1,Leuconostoc mesenteroides,IMAU80746,Scaffold,1988,1,1,380,136.1,1,1,1,1,1,A_TM
GCF_025194405.1,Levilactobacillus brevis,CIRM-BIA 2230,Contig,2701,1,1,392,271.4,1,1,1,1,1,B_SP
GCF_020616775.1,Enterococcus faecalis,EFS17,Complete Genome,2689,1,1,388,180.2,1,1,1,1,0,A_TM
GCF_039067165.1,Bifidobacterium longum,1033st1_H4_1033SCRN_220408,Scaffold,1782,0,0,,,0,0,0,0,0,E_no_dlt
GCF_033657745.1,Bifidobacterium longum,YGMCC0325,Contig,2097,0,0,,,0,0,0,0,0,E_no_dlt
GCF_009808585.1,Pediococcus acidilactici,FAM19156,Contig,1932,1,1,382,174.0,1,1,1,0,1,B_SP
GCF_036431085.1,Limosilactobacillus reuteri,FI11589,Contig,1840,1,0,,,0,0,0,1,1,D_dltE_absent
GCF_000526755.1,Levilactobacillus brevis AG48,AG48,Contig,2424,1,1,392,271.4,1,1,1,1,1,B_SP
GCF_900117025.1,Levilactobacillus brevis,-,Contig,2565,1,1,392,270.6,1,1,1,1,1,B_SP
GCF_058134255.1,Lacticaseibacillus paracasei,WU2502,Contig,2843,1,1,385,193.0,1,1,1,1,1,A_TM
GCF_025133035.1,Lactococcus lactis,1031,Contig,2169,1,0,,,0,0,0,0,0,D_dltE_absent
GCF_003571945.1,Pediococcus acidilactici,GS1,Contig,1867,1,1,382,168.3,1,1,1,0,1,B_SP
GCF_056933615.1,Ligilactobacillus salivarius,WJ4,Scaffold,1818,1,0,,,0,0,0,1,1,D_dltE_absent
GCF_015551895.1,Pediococcus acidilactici,1001270B_150601_H6,Scaffold,1964,1,1,382,169.8,1,1,1,0,1,B_SP
GCF_056431405.1,Enterococcus faecium,10-1,Complete Genome,2425,1,1,386,132.7,1,1,1,1,0,A_TM
GCF_040430295.1,Lacticaseibacillus paracasei,ATA-LTC-Lp041103,Scaffold,2929,1,1,401,198.9,1,1,1,1,1,A_TM
GCF_019856595.1,Enterococcus faecalis,E006,Complete Genome,2787,1,1,388,179.1,1,1,1,1,0,A_TM
GCF_003712565.1,Lacticaseibacillus paracasei,FAM19317,Contig,2841,1,1,385,191.5,1,1,1,1,1,A_TM
GCF_045527705.1,Limosilactobacillus fermentum,FAM 25337,Scaffold,2034,1,0,,,0,0,0,1,1,D_dltE_absent
GCF_020026485.1,Ligilactobacillus salivarius,AER35,Contig,1812,1,0,,,0,0,0,1,1,D_dltE_absent
GCF_020786045.1,Limosilactobacillus reuteri,4A,Scaffold,2123,1,0,,,0,0,0,1,1,D_dltE_absent
GCF_002079465.1,Ligilactobacillus salivarius,JCM 1045,Scaffold,1875,1,0,,,0,0,0,1,1,D_dltE_absent
GCF_028619235.1,Leuconostoc mesenteroides,IMAU10338,Scaffold,1864,1,1,380,134.6,1,1,1,1,1,A_TM
GCF_011193375.1,Enterococcus faecalis,ES-1,Complete Genome,2778,1,1,388,179.1,1,1,1,1,0,A_TM
GCF_025191585.1,Limosilactobacillus fermentum,CIRM-BIA 2151,Contig,1929,1,0,,,0,0,0,1,1,D_dltE_absent
GCF_050429065.1,Enterococcus faecalis,CI-1049,Complete Genome,2839,1,1,388,180.2,1,1,1,1,0,A_TM
GCF_039063355.1,Bifidobacterium longum,1033st1_E5_1033SCRN_220408,Scaffold,1782,0,0,,,0,0,0,0,0,E_no_dlt
GCF_004349685.1,Limosilactobacillus reuteri,C88,Scaffold,2077,1,0,,,0,0,0,1,1,D_dltE_absent
GCF_028620215.1,Leuconostoc mesenteroides,IMAU80643,Scaffold,1940,1,1,380,136.1,1,1,1,1,1,A_TM
GCF_009649105.1,Limosilactobacillus reuteri,100-93,Contig,1878,1,0,,,0,0,0,1,1,D_dltE_absent
GCF_025194465.1,Levilactobacillus brevis,CIRM-BIA 2227,Contig,2438,1,1,392,272.9,1,1,1,0,1,B_SP
GCF_003466045.1,Bifidobacterium longum,AF03-20,Scaffold,1951,0,0,,,0,0,0,0,0,E_no_dlt
GCF_000833395.1,Levilactobacillus brevis,TMW 1.465,Scaffold,2278,0,1,392,270.6,1,1,1,1,1,E_no_dlt
GCF_025188795.1,Lactococcus lactis,CIRM-BIA 2201,Contig,2151,1,0,,,0,0,0,0,0,D_dltE_absent
GCF_009809265.1,Pediococcus acidilactici,FAM19619,Scaffold,1846,1,1,382,178.2,1,1,1,0,1,B_SP
GCF_000474675.1,Levilactobacillus brevis EW,EW,Contig,2789,1,1,392,271.2,1,1,1,1,1,B_SP
GCF_009808235.1,Pediococcus acidilactici,FAM19614,Contig,1848,1,1,382,178.2,1,1,1,0,1,B_SP
GCF_059815625.1,Enterococcus faecium,EFA_23_full,Complete Genome,2725,1,1,386,130.7,1,1,1,1,0,A_TM
GCF_025188265.1,Pediococcus acidilactici,CIRM-BIA 747,Contig,1859,1,1,382,168.3,1,1,1,0,1,B_SP
GCF_008904885.1,Lacticaseibacillus paracasei,LactoQK,Contig,2795,1,1,401,198.5,1,1,1,1,1,A_TM
GCF_030361365.1,Lacticaseibacillus paracasei,TOM.9,Contig,2825,1,1,401,198.5,1,1,1,1,1,A_TM
GCF_031930985.1,Lactococcus lactis,Y44-1,Contig,2490,1,0,,,0,0,0,0,0,D_dltE_absent
GCF_030360665.1,Lacticaseibacillus paracasei,TOM.1374,Contig,2955,1,1,385,193.0,1,1,1,1,1,A_TM
GCF_038020345.1,Ligilactobacillus salivarius,UO.C249,Scaffold,1921,1,0,,,0,0,0,1,1,D_dltE_absent
GCF_051371645.1,Ligilactobacillus salivarius,HC554,Scaffold,1773,1,0,,,0,0,0,1,1,D_dltE_absent
GCF_012932985.2,Enterococcus faecium,BP5067,Complete Genome,2657,1,1,386,130.3,1,1,1,1,0,A_TM
GCF_002079425.1,Ligilactobacillus salivarius,JCM 1047,Scaffold,2122,1,0,,,0,0,0,1,1,D_dltE_absent
GCF_030710135.1,Lactococcus lactis,ULE383,Contig,2273,1,0,,,0,0,0,0,0,D_dltE_absent
GCF_028621755.1,Enterococcus faecalis,CQJXZ21-076,Complete Genome,2838,1,1,388,180.2,1,1,1,1,0,A_TM
GCF_036270335.1,Enterococcus faecalis,CF4A-3113,Complete Genome,2747,1,1,388,179.7,1,1,1,1,0,A_TM
GCF_039063485.1,Bifidobacterium longum,1033st1_E1_1033SCRN_220408,Scaffold,1775,0,0,,,0,0,0,0,0,E_no_dlt
GCF_900639335.1,Enterococcus faecium,-,Complete Genome,2730,1,1,386,132.7,1,1,1,1,0,A_TM
GCF_002253665.1,Limosilactobacillus reuteri,609l,Scaffold,1923,1,0,,,0,0,0,1,1,D_dltE_absent
GCF_002253955.1,Limosilactobacillus reuteri,107j,Scaffold,2207,1,0,,,0,0,0,1,1,D_dltE_absent
GCF_978043695.1,Limosilactobacillus fermentum,-,Contig,1910,1,0,,,0,0,0,1,1,D_dltE_absent
GCF_030970845.1,Lactococcus lactis,DRD-57,Scaffold,2194,1,0,,,0,0,0,0,0,D_dltE_absent
GCF_036867725.1,Lactococcus lactis,Lc 14.4,Contig,2605,1,0,,,0,0,0,0,0,D_dltE_absent
GCF_028462585.1,Limosilactobacillus fermentum,92281_i2,Contig,1706,1,0,,,0,0,0,1,1,D_dltE_absent
GCF_055654225.1,Limosilactobacillus fermentum,002,Scaffold,2113,1,0,,,0,0,0,1,1,D_dltE_absent
GCF_020162175.1,Enterococcus faecium,-,Complete Genome,2664,1,1,386,132.7,1,1,1,1,0,A_TM
GCF_028618795.1,Leuconostoc mesenteroides,IMAU10870,Scaffold,1989,1,1,380,136.1,1,1,1,1,1,A_TM
GCF_039067195.1,Bifidobacterium longum,1033st1_B7_1033SCRN_220408,Contig,1785,0,0,,,0,0,0,0,0,E_no_dlt
GCF_028619095.1,Leuconostoc mesenteroides,IMAU10332,Scaffold,1919,1,1,380,134.6,1,1,1,1,1,A_TM
GCF_978042555.1,Limosilactobacillus fermentum,-,Contig,1837,1,0,,,0,0,0,1,1,D_dltE_absent
GCF_030020235.1,Enterococcus faecalis,EfsPF2,Complete Genome,2594,1,1,388,170.9,1,1,1,1,0,A_TM
GCF_978043175.1,Limosilactobacillus fermentum,-,Contig,1902,1,0,,,0,0,0,1,1,D_dltE_absent
GCF_053254875.1,Bifidobacterium longum,LHCA53,Contig,1880,0,0,,,0,0,0,0,0,E_no_dlt
GCF_028619925.1,Leuconostoc mesenteroides,IMAU80339,Scaffold,1864,1,1,380,136.3,1,1,1,0,1,A_TM
GCF_002254035.1,Limosilactobacillus reuteri,107e,Scaffold,2185,1,0,,,0,0,0,1,1,D_dltE_absent
GCF_024329405.1,Leuconostoc mesenteroides,Kef-m16,Contig,1796,1,1,380,136.3,1,1,1,0,1,A_TM
GCF_980651445.1,Levilactobacillus brevis ATCC 14869 = DSM 20054,-,Contig,2260,1,1,392,271.4,1,1,1,1,1,B_SP
GCF_033657795.1,Bifidobacterium longum,YGMCC0302,Contig,1927,0,0,,,0,0,0,0,0,E_no_dlt
GCF_053878295.1,Leuconostoc mesenteroides,H32-02 Ksu,Contig,1919,1,1,380,134.3,1,1,1,1,1,A_TM
GCF_033659485.1,Bifidobacterium longum,YGMCC0831,Contig,1927,0,0,,,0,0,0,0,0,E_no_dlt
GCF_022586895.1,Pediococcus acidilactici,PB3,Contig,1857,1,1,382,174.2,1,1,1,0,1,B_SP
GCF_980651405.1,Levilactobacillus brevis ATCC 14869 = DSM 20054,-,Contig,2268,1,1,392,271.4,1,1,1,1,1,B_SP
GCF_012932975.2,Enterococcus faecium,BA17124,Complete Genome,2664,1,1,386,130.3,1,1,1,1,0,A_TM
GCF_049205075.1,Lacticaseibacillus paracasei,IATA109,Contig,2808,1,1,385,191.5,1,1,1,1,1,A_TM
GCF_980649565.1,Levilactobacillus brevis ATCC 14869 = DSM 20054,-,Contig,2269,1,1,392,271.4,1,1,1,1,1,B_SP
GCF_004100005.1,Pediococcus acidilactici,L14-B,Scaffold,1797,1,1,382,177.4,1,1,1,0,1,B_SP
GCF_980651435.1,Levilactobacillus brevis ATCC 14869 = DSM 20054,-,Contig,2374,1,1,392,272.9,1,1,1,1,1,B_SP
GCF_051372065.1,Ligilactobacillus salivarius,HC172,Scaffold,1740,1,0,,,0,0,0,1,1,D_dltE_absent
GCF_039841865.1,Pediococcus acidilactici,BSD3448080978st1_F3_BSD3448080978_160613,Scaffold,1857,1,1,382,174.0,1,1,1,0,1,B_SP
GCF_021899455.1,Enterococcus faecium,UK040,Complete Genome,2645,1,1,386,130.7,1,1,1,1,0,A_TM
GCF_017116945.1,Pediococcus acidilactici,175,Contig,2083,0,1,379,173.8,1,1,1,0,1,E_no_dlt
GCF_049191845.1,Lacticaseibacillus paracasei,IATA110,Contig,2808,1,1,385,191.5,1,1,1,1,1,A_TM
GCF_005979285.1,Enterococcus faecalis,C25,Complete Genome,2733,1,1,388,179.7,1,1,1,1,0,A_TM
GCF_019927245.1,Leuconostoc mesenteroides,INF2,Contig,2019,1,1,380,137.3,1,1,1,0,1,A_TM
GCF_028878305.1,Lacticaseibacillus paracasei,NRRL B-456,Scaffold,2866,1,1,385,191.5,1,1,1,1,1,A_TM
GCF_002079705.1,Ligilactobacillus salivarius,CCuG44481,Scaffold,1812,1,0,,,0,0,0,1,1,D_dltE_absent
GCF_940926095.1,Limosilactobacillus reuteri,-,Scaffold,1908,1,0,,,0,0,0,1,1,D_dltE_absent
GCF_003466425.1,Bifidobacterium longum,TM06-1,Scaffold,1915,0,0,,,0,0,0,0,0,E_no_dlt
GCF_020026555.1,Ligilactobacillus salivarius,AER36,Contig,1843,1,0,,,0,0,0,1,1,D_dltE_absent
GCF_052084525.1,Enterococcus faecalis,EFSMS104,Complete Genome,2587,1,1,388,179.7,1,1,1,1,0,A_TM
GCF_948275335.1,Lactococcus lactis,LMG 32864,Contig,2488,1,0,,,0,0,0,0,0,D_dltE_absent
GCF_980651115.1,Levilactobacillus brevis ATCC 14869 = DSM 20054,-,Contig,2426,1,1,392,271.4,1,1,1,1,1,B_SP
GCF_023375505.1,Enterococcus faecalis,249,Complete Genome,2600,1,1,388,180.2,1,1,1,1,0,A_TM
GCF_002254025.1,Limosilactobacillus reuteri,105p,Scaffold,2090,1,0,,,0,0,0,1,1,D_dltE_absent
GCF_040347825.1,Limosilactobacillus fermentum,ICIS24,Scaffold,2023,1,0,,,0,0,0,1,1,D_dltE_absent
GCF_009808055.1,Pediococcus acidilactici,FAM19955,Contig,1813,1,1,382,178.2,1,1,1,0,1,B_SP
GCF_978043285.1,Limosilactobacillus reuteri,-,Contig,1924,1,0,,,0,0,0,1,1,D_dltE_absent
GCF_023893665.1,Lactococcus lactis,MA1,Contig,2514,1,0,,,0,0,0,0,0,D_dltE_absent
GCF_037407275.1,Limosilactobacillus fermentum,MCC 0225,Contig,1983,1,0,,,0,0,0,1,1,D_dltE_absent
GCF_034555135.1,Lacticaseibacillus paracasei,BF3,Contig,2859,1,1,385,192.1,1,1,1,1,1,A_TM
GCF_027679985.1,Lactococcus lactis,TM115-01,Scaffold,2412,1,0,,,0,0,0,0,0,D_dltE_absent
GCF_028620295.1,Leuconostoc mesenteroides,IMAU10875,Scaffold,1894,1,1,380,136.3,1,1,1,0,1,A_TM
GCF_020520555.1,Limosilactobacillus fermentum,CECT5716,Contig,2109,1,0,,,0,0,0,1,1,D_dltE_absent
GCF_030371315.1,Ligilactobacillus salivarius,92_BHI,Contig,1875,1,0,,,0,0,0,1,1,D_dltE_absent
GCF_900639345.1,Enterococcus faecium,-,Complete Genome,2713,1,1,389,149.6,1,1,1,1,0,A_TM
GCF_980651345.1,Levilactobacillus brevis ATCC 14869 = DSM 20054,-,Contig,2509,1,1,392,272.9,1,1,1,1,1,B_SP
GCF_028619165.1,Leuconostoc mesenteroides,IMAU80290,Scaffold,1944,1,1,380,135.0,1,1,1,0,1,A_TM
GCF_052402525.1,Enterococcus faecalis,EFSMS11,Complete Genome,2730,1,1,388,180.2,1,1,1,1,0,A_TM
GCF_017603725.1,Enterococcus faecium,VB13828,Complete Genome,2751,1,1,386,130.7,1,1,1,1,0,A_TM
GCF_009808755.1,Pediococcus acidilactici,FAM19953,Contig,1805,1,1,382,178.2,1,1,1,0,1,B_SP
GCF_033659505.1,Bifidobacterium longum,YGMCC0784,Scaffold,1892,0,0,,,0,0,0,0,0,E_no_dlt
GCF_984568975.1,Limosilactobacillus reuteri,-,Contig,1920,1,0,,,0,0,0,1,1,D_dltE_absent
GCF_052692295.1,Lacticaseibacillus paracasei,H23,Contig,2890,1,1,385,191.5,1,1,1,1,1,A_TM
GCF_016887785.1,Lacticaseibacillus paracasei,2306,Contig,3075,1,1,385,191.5,1,1,1,1,1,A_TM
GCF_009863715.1,Ligilactobacillus salivarius,FGSYC47M10,Contig,1845,1,0,,,0,0,0,1,1,D_dltE_absent
GCF_028620055.1,Leuconostoc mesenteroides,IMAU80327,Scaffold,1984,1,1,380,135.0,1,1,1,0,1,A_TM
GCF_033657725.1,Bifidobacterium longum,YGMCC0327,Scaffold,1892,0,0,,,0,0,0,0,0,E_no_dlt
GCF_031931465.1,Lactococcus lactis,M55,Scaffold,2642,1,0,,,0,0,0,0,0,D_dltE_absent
GCF_021484825.1,Enterococcus faecalis,PCH555,Complete Genome,2660,1,1,388,180.2,1,1,1,1,0,A_TM
GCF_033658905.1,Bifidobacterium longum,YGMCC0484,Contig,2161,0,0,,,0,0,0,0,0,E_no_dlt
GCF_016900465.1,Ligilactobacillus salivarius,An787,Contig,1799,1,0,,,0,0,0,1,1,D_dltE_absent
GCF_012933285.2,Enterococcus faecium,A11051,Complete Genome,2725,1,1,386,130.7,1,1,1,1,0,A_TM
GCF_020785835.1,Limosilactobacillus reuteri,GP6,Scaffold,2065,1,0,,,0,0,0,1,1,D_dltE_absent
GCF_964241415.1,Pediococcus acidilactici,-,Scaffold,1877,1,1,379,173.8,1,1,1,0,1,B_SP
GCF_965641725.1,Enterococcus faecalis,-,Complete Genome,2709,1,1,388,180.2,1,1,1,1,0,A_TM
GCF_029872335.1,Limosilactobacillus fermentum,R17-5,Scaffold,1959,1,0,,,0,0,0,1,1,D_dltE_absent
GCF_028619135.1,Leuconostoc mesenteroides,IMAU80346,Scaffold,1908,1,1,380,136.3,1,1,1,0,1,A_TM
GCF_020785855.1,Limosilactobacillus reuteri,GP1,Scaffold,2085,1,0,,,0,0,0,1,1,D_dltE_absent
GCF_024999945.1,Lacticaseibacillus paracasei,88,Contig,2847,1,1,385,192.1,1,1,1,1,1,A_TM
GCF_009809135.1,Pediococcus acidilactici,FAM20072,Contig,1927,1,1,382,178.2,1,1,1,0,1,B_SP
GCF_028619255.1,Leuconostoc mesenteroides,IMAU11117,Scaffold,2009,1,1,380,136.1,1,1,1,1,1,A_TM
GCF_029664465.1,Lactococcus lactis,804,Contig,2316,1,0,,,0,0,0,0,0,D_dltE_absent
GCF_033344995.1,Ligilactobacillus salivarius,BF12,Contig,1973,1,0,,,0,0,0,1,1,D_dltE_absent
GCF_003712785.1,Lacticaseibacillus paracasei,FAM6161,Contig,2818,1,1,401,198.5,1,1,1,1,1,A_TM
GCF_037019775.1,Enterococcus faecium,SRR12-v1,Complete Genome,2589,1,1,386,132.7,1,1,1,1,0,A_TM
GCF_033658445.1,Bifidobacterium longum,YGMCC0005b,Contig,2403,0,0,,,0,0,0,0,0,E_no_dlt
GCF_031930805.1,Lactococcus lactis,Y46-2,Contig,2432,1,0,,,0,0,0,0,0,D_dltE_absent
GCF_031930245.1,Lactococcus lactis,P83-3,Scaffold,2530,1,0,,,0,0,0,0,0,D_dltE_absent
GCF_027681055.1,Limosilactobacillus fermentum,AF64-6pH5T,Scaffold,1913,1,0,,,0,0,0,1,1,D_dltE_absent
GCF_980660475.1,Levilactobacillus brevis ATCC 14869 = DSM 20054,-,Contig,2547,1,1,392,271.4,1,1,1,1,1,B_SP
GCF_059815545.1,Enterococcus faecium,EFA_28_full,Complete Genome,2682,1,1,386,130.7,1,1,1,1,0,A_TM
GCF_023299725.1,Enterococcus faecium,AT45b,Complete Genome,2615,1,1,389,149.6,1,1,1,1,0,A_TM
GCF_019128255.1,Bifidobacterium longum,MSK.19.77,Contig,2108,0,0,,,0,0,0,0,0,E_no_dlt
GCF_028369155.1,Limosilactobacillus reuteri,CML393,Contig,2058,1,0,,,0,0,0,1,1,D_dltE_absent
GCF_015552555.1,Lactococcus lactis,1001283B150209_150212_B9,Contig,2437,1,0,,,0,0,0,0,0,D_dltE_absent
GCF_051155455.1,Limosilactobacillus fermentum,BE1003-8-23,Contig,1741,1,0,,,0,0,0,1,1,D_dltE_absent
GCF_046938655.1,Ligilactobacillus salivarius,M688A,Contig,1992,1,0,,,0,0,0,1,1,D_dltE_absent
GCF_055180655.1,Leuconostoc mesenteroides,FAM 21879,Contig,1586,1,1,380,134.8,1,1,1,0,1,A_TM
GCF_042134665.1,Enterococcus faecium,F11.1G,Complete Genome,2583,1,1,386,136.7,1,1,1,1,0,A_TM
GCF_053758725.1,Pediococcus acidilactici,0839-03,Contig,1848,1,1,379,173.8,1,1,1,0,1,B_SP
GCF_028598965.2,Enterococcus faecalis,SVJ-EF01,Complete Genome,2645,1,1,388,179.7,1,1,1,1,0,A_TM
GCF_033659185.1,Bifidobacterium longum,YGMCC0633,Contig,1897,0,0,,,0,0,0,0,0,E_no_dlt
GCF_003061865.1,Limosilactobacillus fermentum,DS13_7,Contig,1876,1,0,,,0,0,0,1,1,D_dltE_absent
GCF_003712325.1,Lacticaseibacillus paracasei,FAM18123,Scaffold,2843,1,1,385,192.0,1,1,1,1,1,A_TM
GCF_046938615.1,Ligilactobacillus salivarius,M698A,Contig,2015,1,0,,,0,0,0,1,1,D_dltE_absent
GCF_051371165.1,Ligilactobacillus salivarius,HC771,Scaffold,1821,1,0,,,0,0,0,1,1,D_dltE_absent
GCF_009808495.1,Pediococcus acidilactici,FAM20059,Contig,1924,1,1,382,178.2,1,1,1,0,1,B_SP
GCF_028619735.1,Leuconostoc mesenteroides,IMAU11088,Scaffold,1857,1,1,380,136.3,1,1,1,0,1,A_TM
GCF_023299625.1,Enterococcus faecalis,AT39,Complete Genome,2692,1,1,388,176.2,1,1,1,1,0,A_TM
GCF_028335685.1,Enterococcus faecalis,K188-1,Complete Genome,2723,1,1,388,179.7,1,1,1,1,0,A_TM
GCF_055180415.1,Lacticaseibacillus paracasei,FAM 26263,Scaffold,2869,1,1,385,191.5,1,1,1,1,1,A_TM
GCF_003471915.1,Bifidobacterium longum,AM16-2,Scaffold,1845,0,0,,,0,0,0,0,0,E_no_dlt
GCF_022509445.1,Limosilactobacillus fermentum,QAULFN53,Scaffold,1996,1,0,,,0,0,0,1,1,D_dltE_absent
GCF_978044655.1,Limosilactobacillus reuteri,-,Contig,1923,1,0,,,0,0,0,1,1,D_dltE_absent
GCF_031931345.1,Lactococcus lactis,Y10,Scaffold,2620,1,0,,,0,0,0,0,0,D_dltE_absent
GCF_030518315.1,Ligilactobacillus salivarius,ZK-88,Scaffold,1909,1,0,,,0,0,0,1,1,D_dltE_absent
GCF_036620555.1,Pediococcus acidilactici,MBBL5,Contig,1888,1,1,379,173.8,1,1,1,0,1,B_SP
GCF_052402535.1,Enterococcus faecalis,EFSMS45,Complete Genome,2694,1,1,388,179.7,1,1,1,1,0,A_TM
GCF_005952885.1,Enterococcus faecium,HOU503,Complete Genome,2630,1,1,386,130.7,1,1,1,1,0,A_TM
GCF_053523435.1,Enterococcus faecalis,CHMS-004,Complete Genome,2671,1,1,388,179.7,1,1,1,1,0,A_TM
GCF_028878355.1,Lacticaseibacillus paracasei,LMG 25883,Scaffold,2824,1,1,385,193.0,1,1,1,0,1,A_TM
GCF_978044645.1,Limosilactobacillus reuteri,-,Contig,1923,1,0,,,0,0,0,1,1,D_dltE_absent
GCF_041464195.1,Limosilactobacillus fermentum,NANDAN,Scaffold,2132,1,0,,,0,0,0,1,1,D_dltE_absent
GCF_003838305.1,Lactococcus lactis,1064-C11,Scaffold,2294,1,0,,,0,0,0,0,0,D_dltE_absent
GCF_009649645.1,Limosilactobacillus reuteri,6799jm-1,Contig,2006,1,0,,,0,0,0,1,1,D_dltE_absent
GCF_900639725.1,Enterococcus faecium,-,Complete Genome,2665,1,1,386,130.7,1,1,1,1,0,A_TM
GCF_900639405.1,Enterococcus faecium,-,Complete Genome,2698,1,1,386,133.5,1,1,1,1,0,A_TM
GCF_004349655.1,Limosilactobacillus reuteri,C93,Scaffold,1826,1,0,,,0,0,0,1,1,D_dltE_absent
GCF_028619075.1,Leuconostoc mesenteroides,IMAU80391,Scaffold,1980,1,1,380,135.0,1,1,1,0,1,A_TM
GCF_020785865.1,Limosilactobacillus reuteri,GP3,Scaffold,2070,1,0,,,0,0,0,1,1,D_dltE_absent
GCF_053049375.1,Limosilactobacillus fermentum,270,Scaffold,1968,1,0,,,0,0,0,1,1,D_dltE_absent
GCF_028620025.1,Leuconostoc mesenteroides,IMAU80333,Scaffold,1839,1,1,380,136.3,1,1,1,0,1,A_TM
GCF_040883395.1,Bifidobacterium longum,AM-BL-55,Contig,2045,0,0,,,0,0,0,0,0,E_no_dlt
GCF_028618935.1,Leuconostoc mesenteroides,IMAU10916,Scaffold,1953,1,1,380,136.3,1,1,1,0,1,A_TM
GCF_039751015.1,Ligilactobacillus salivarius,RTP21428st1_A4_RTP21428_210409,Scaffold,1920,1,0,,,0,0,0,1,1,D_dltE_absent
GCF_019128505.1,Bifidobacterium longum,MSK.19.44,Contig,2108,0,0,,,0,0,0,0,0,E_no_dlt
GCF_002079685.1,Ligilactobacillus salivarius,CCuG45735,Scaffold,1844,1,0,,,0,0,0,1,1,D_dltE_absent
GCF_003790375.1,Bifidobacterium longum,ICIS-505,Contig,2002,0,0,,,0,0,0,0,0,E_no_dlt
GCF_028335545.1,Enterococcus faecalis,K72-1,Complete Genome,2776,1,1,388,179.7,1,1,1,1,0,A_TM
GCF_009808795.1,Pediococcus acidilactici,FAM19500,Scaffold,1766,1,1,382,178.2,1,1,1,0,1,B_SP
GCF_020616935.1,Enterococcus faecalis,EFS108,Complete Genome,2889,1,1,388,180.2,1,1,1,1,0,A_TM
GCF_002289925.1,Ligilactobacillus salivarius,KLW009,Contig,1990,1,0,,,0,0,0,1,1,D_dltE_absent
GCF_029872075.1,Ligilactobacillus salivarius,W57D,Scaffold,1927,1,0,,,0,0,0,1,1,D_dltE_absent
GCF_027666665.1,Lacticaseibacillus paracasei,AM75-01pH5A,Scaffold,2927,1,1,385,191.2,1,1,1,1,1,A_TM
GCF_002253725.1,Limosilactobacillus reuteri,601g,Scaffold,2120,1,0,,,0,0,0,1,1,D_dltE_absent
GCF_023523795.1,Enterococcus faecalis,FMAMOB6,Complete Genome,2691,1,1,388,179.7,1,1,1,1,0,A_TM
GCF_025190565.1,Lacticaseibacillus paracasei,CIRM-BIA 2128,Contig,2850,1,1,385,191.5,1,1,1,1,1,A_TM
GCF_003841265.1,Lactococcus lactis,517-B5,Contig,2294,1,0,,,0,0,0,0,0,D_dltE_absent
GCF_028618765.1,Leuconostoc mesenteroides,IMAU11005,Scaffold,1937,1,1,380,136.3,1,1,1,0,1,A_TM
GCF_910576155.1,Limosilactobacillus reuteri,-,Scaffold,2024,1,0,,,0,0,0,1,1,D_dltE_absent
GCF_009808985.1,Pediococcus acidilactici,FAM17420c1,Scaffold,1896,1,1,382,178.2,1,1,1,0,1,B_SP
GCF_022557275.1,Enterococcus faecalis,LJX 0909,Complete Genome,2710,1,1,388,170.9,1,1,1,1,0,A_TM
GCF_036814245.1,Bifidobacterium longum,K4A3,Contig,1920,0,0,,,0,0,0,0,0,E_no_dlt
GCF_019927155.1,Leuconostoc mesenteroides,INF46,Contig,1983,1,1,380,134.3,1,1,1,0,1,A_TM
GCF_027680925.1,Lacticaseibacillus paracasei,AF66-2pH10A,Scaffold,2897,1,1,385,191.2,1,1,1,1,1,A_TM
GCF_030005415.1,Lactococcus lactis,CHLLm2,Scaffold,2705,1,0,,,0,0,0,0,0,D_dltE_absent
GCF_009808835.1,Pediococcus acidilactici,FAM19612,Scaffold,1866,1,1,382,178.2,1,1,1,0,1,B_SP
GCF_015554225.1,Bifidobacterium longum,D31t1_170403_F11,Contig,1893,0,0,,,0,0,0,0,0,E_no_dlt
GCF_031931225.1,Lactococcus lactis,Y36,Contig,2602,1,0,,,0,0,0,0,0,D_dltE_absent
GCF_900639455.1,Enterococcus faecium,-,Complete Genome,2634,1,1,389,149.6,1,1,1,1,0,A_TM
GCF_040785075.1,Limosilactobacillus fermentum,gbc_h,Scaffold,2011,1,0,,,0,0,0,1,1,D_dltE_absent
GCF_002079845.1,Ligilactobacillus salivarius,AH4231,Scaffold,2022,1,0,,,0,0,0,1,1,D_dltE_absent
GCF_004103475.1,Enterococcus faecium,SRCM103470,Complete Genome,2702,1,1,386,131.2,1,1,1,1,0,A_TM
GCF_053471065.1,Limosilactobacillus fermentum,Lf6,Contig,1857,1,0,,,0,0,0,1,1,D_dltE_absent
GCF_036430985.1,Limosilactobacillus reuteri,FI11571,Contig,1841,1,0,,,0,0,0,1,1,D_dltE_absent
GCF_017280235.1,Enterococcus faecalis,L18,Complete Genome,2624,1,1,388,180.2,1,1,1,1,0,A_TM
GCF_003462755.1,Limosilactobacillus fermentum,AF16-22LB,Scaffold,1905,1,0,,,0,0,0,1,1,D_dltE_absent
GCF_009808765.1,Pediococcus acidilactici,FAM20497,Scaffold,1925,1,1,382,178.2,1,1,1,0,1,B_SP
GCF_028619215.1,Leuconostoc mesenteroides,IMAU80407,Scaffold,1976,1,1,380,135.0,1,1,1,0,1,A_TM
GCF_036431965.1,Limosilactobacillus reuteri,LMAN-Sda,Contig,1774,1,0,,,0,0,0,1,1,D_dltE_absent
GCF_018917025.1,Limosilactobacillus reuteri,N11,Contig,1810,1,0,,,0,0,0,1,1,D_dltE_absent
GCF_001895185.1,Lacticaseibacillus paracasei,LC-Ikematsu,Contig,2898,1,1,401,198.5,1,1,1,1,1,A_TM
GCF_030291435.1,Bifidobacterium longum,2249B,Contig,1976,0,0,,,0,0,0,0,0,E_no_dlt
GCF_019927225.1,Leuconostoc mesenteroides,INF36,Contig,2102,1,1,380,134.9,1,1,1,1,1,A_TM
GCF_028619575.1,Leuconostoc mesenteroides,IMAU11028,Scaffold,1971,1,1,380,136.3,1,1,1,0,1,A_TM
GCF_031930225.1,Lactococcus lactis,P30-3,Contig,2365,1,0,,,0,0,0,0,0,D_dltE_absent
GCF_051371845.1,Ligilactobacillus salivarius,HC278,Scaffold,1835,1,0,,,0,0,0,1,1,D_dltE_absent
GCF_033658485.1,Bifidobacterium longum,YGMCC0341,Contig,1810,0,0,,,0,0,0,0,0,E_no_dlt
GCF_003472405.1,Bifidobacterium longum,AM11-2,Scaffold,1867,0,0,,,0,0,0,0,0,E_no_dlt
GCF_055398015.1,Enterococcus faecium,OEK20567,Complete Genome,2698,1,1,386,132.7,1,1,1,1,0,A_TM
GCF_005979305.1,Enterococcus faecalis,C54,Complete Genome,2648,1,1,388,180.2,1,1,1,1,0,A_TM
GCF_001063855.1,Ligilactobacillus salivarius,609_LSAL,Scaffold,1774,1,0,,,0,0,0,1,1,D_dltE_absent
GCF_013391745.1,Ligilactobacillus salivarius,KZ-NCB,Contig,1744,1,0,,,0,0,0,1,1,D_dltE_absent
GCF_053901685.1,Limosilactobacillus fermentum,439,Contig,1877,1,0,,,0,0,0,1,1,D_dltE_absent
GCF_009807915.1,Pediococcus acidilactici,FAM19641,Contig,1914,1,1,382,178.2,1,1,1,0,1,B_SP
GCF_016812095.1,Enterococcus faecalis,L11,Complete Genome,2623,1,1,388,180.2,1,1,1,1,0,A_TM
GCF_902379005.2,Enterococcus faecalis,-,Complete Genome,2615,1,1,388,180.2,1,1,1,1,0,A_TM
GCF_009808565.1,Pediococcus acidilactici,FAM19488,Contig,1765,1,1,382,178.2,1,1,1,0,1,B_SP
GCF_001540885.1,Lacticaseibacillus paracasei,Lc1542,Contig,2711,1,1,385,193.0,1,1,1,1,1,A_TM
GCF_028619045.1,Leuconostoc mesenteroides,IMAU10907,Scaffold,1959,1,1,380,136.3,1,1,1,0,1,A_TM
GCF_019061135.1,Limosilactobacillus reuteri,E,Contig,1855,1,0,,,0,0,0,1,1,D_dltE_absent
GCF_059766625.1,Lacticaseibacillus paracasei,CM-4.2,Contig,2685,1,1,385,190.6,1,1,1,1,1,A_TM
GCF_004795205.1,Lactococcus lactis,gh1,Contig,2320,1,0,,,0,0,0,0,0,D_dltE_absent
GCF_003571925.1,Lacticaseibacillus paracasei,DTA83,Scaffold,2823,1,1,385,191.5,1,1,1,1,1,A_TM
GCF_019926985.1,Leuconostoc mesenteroides,INF131,Contig,1931,1,1,380,136.4,1,1,1,0,1,A_TM
GCF_003838385.1,Lactococcus lactis,1064-E11,Scaffold,2304,1,0,,,0,0,0,0,0,D_dltE_absent
GCF_046119215.1,Enterococcus faecium,CCP464,Complete Genome,2796,1,1,389,149.6,1,1,1,1,0,A_TM
GCF_027681505.1,Ligilactobacillus salivarius,AF59-11pH5,Scaffold,1867,1,0,,,0,0,0,1,1,D_dltE_absent
GCF_039063035.1,Bifidobacterium longum,2227st2_E2_2227SCRN_220401,Scaffold,1885,0,0,,,0,0,0,0,0,E_no_dlt
GCF_059815745.1,Enterococcus faecium,EFA_18_full,Complete Genome,2685,1,1,386,130.7,1,1,1,1,0,A_TM
GCF_030939205.1,Limosilactobacillus fermentum,NA 2-2,Contig,1812,1,0,,,0,0,0,1,1,D_dltE_absent
GCF_030291415.1,Bifidobacterium longum,2250B,Contig,2060,0,0,,,0,0,0,0,0,E_no_dlt
GCF_050909085.1,Enterococcus faecium,VR67,Complete Genome,2775,1,1,386,130.7,1,1,1,1,0,A_TM
GCF_025186015.1,Limosilactobacillus fermentum,712,Contig,1897,1,0,,,0,0,0,1,1,D_dltE_absent
GCF_009809045.1,Pediococcus acidilactici,FAM19598,Contig,1914,1,1,382,178.2,1,1,1,0,1,B_SP
GCF_036430965.1,Limosilactobacillus reuteri,FI11586,Contig,1843,1,0,,,0,0,0,1,1,D_dltE_absent
GCF_002848245.1,Ligilactobacillus salivarius,290,Contig,1732,1,0,,,0,0,0,1,1,D_dltE_absent
GCF_002289785.1,Ligilactobacillus salivarius,KLW002,Contig,2020,1,0,,,0,0,0,1,1,D_dltE_absent
GCF_054786835.1,Lacticaseibacillus paracasei,OLXI-6,Contig,2935,1,1,385,191.5,1,1,1,1,1,A_TM
GCF_028619035.1,Leuconostoc mesenteroides,IMAU10910,Scaffold,1947,1,1,380,136.3,1,1,1,0,1,A_TM
GCF_052029635.1,Limosilactobacillus fermentum,JAC 231,Scaffold,1967,1,0,,,0,0,0,1,1,D_dltE_absent
GCF_030020255.1,Enterococcus faecalis,EfsC130,Complete Genome,2664,1,1,388,180.2,1,1,1,1,0,A_TM
GCF_031930405.1,Lactococcus lactis,Y74-2,Scaffold,2690,1,0,,,0,0,0,0,0,D_dltE_absent
GCF_045808845.1,Lacticaseibacillus paracasei,MSR2,Contig,2847,1,1,385,191.5,1,1,1,1,1,A_TM
GCF_002160565.1,Limosilactobacillus reuteri,An166,Contig,2153,1,0,,,0,0,0,1,1,D_dltE_absent
GCF_015557285.1,Pediococcus acidilactici,1001287B_170213_G1,Scaffold,1914,1,1,379,173.8,1,1,1,0,1,B_SP
GCF_046119225.1,Enterococcus faecium,CCP463,Complete Genome,2850,1,1,389,149.6,1,1,1,1,0,A_TM
GCF_019927005.1,Leuconostoc mesenteroides,INF117,Contig,2036,1,1,380,134.3,1,1,1,1,1,A_TM
GCF_001598635.1,Enterococcus faecalis,LD33,Complete Genome,2564,1,1,388,180.2,1,1,1,1,0,A_TM
GCF_054962535.1,Bifidobacterium longum,172,Contig,1819,0,0,,,0,0,0,0,0,E_no_dlt
GCF_978042215.1,Limosilactobacillus fermentum,-,Contig,1906,1,0,,,0,0,0,1,1,D_dltE_absent
GCF_015667025.1,Bifidobacterium longum,D31t1_170403_B2,Contig,1830,0,0,,,0,0,0,0,0,E_no_dlt
GCF_009389035.1,Limosilactobacillus reuteri,PTA6_F2,Scaffold,1973,1,0,,,0,0,0,1,1,D_dltE_absent
GCF_031930305.1,Lactococcus lactis,Y79-2,Scaffold,2675,1,0,,,0,0,0,0,0,D_dltE_absent
GCF_028328315.1,Pediococcus acidilactici,1001287st1_G1_1001287B_170213,Scaffold,1914,1,1,379,173.8,1,1,1,0,1,B_SP
GCF_002135095.1,Ligilactobacillus salivarius,KLW001,Contig,2263,1,0,,,0,0,0,1,1,D_dltE_absent
GCF_009808135.1,Pediococcus acidilactici,FAM17656,Contig,1883,1,1,382,178.2,1,1,1,0,1,B_SP
GCF_028891525.1,Enterococcus faecium,W6,Complete Genome,2696,1,1,389,149.6,1,1,1,1,0,A_TM
GCF_030710015.1,Lacticaseibacillus paracasei,ULE721,Scaffold,2887,1,1,385,191.5,1,1,1,1,1,A_TM
GCF_028621775.1,Enterococcus faecalis,CQNBZ21-135,Complete Genome,2714,1,1,388,180.2,1,1,1,1,0,A_TM
GCF_031930325.1,Lactococcus lactis,Y76,Contig,2708,1,0,,,0,0,0,0,0,D_dltE_absent
GCF_978043445.1,Limosilactobacillus fermentum,-,Contig,1791,1,0,,,0,0,0,1,1,D_dltE_absent
GCF_002289845.1,Ligilactobacillus salivarius,KLW005,Contig,2008,1,0,,,0,0,0,1,1,D_dltE_absent
GCF_978044505.1,Limosilactobacillus reuteri,-,Contig,1992,1,0,,,0,0,0,1,1,D_dltE_absent
GCF_009498175.3,Enterococcus faecalis,L8,Complete Genome,2757,1,1,388,180.2,1,1,1,1,0,A_TM
GCF_009809495.1,Pediococcus acidilactici,FAM17708,Contig,1886,1,1,382,178.2,1,1,1,0,1,B_SP
GCF_028618895.1,Leuconostoc mesenteroides,IMAU11034,Scaffold,1987,1,1,380,136.3,1,1,1,0,1,A_TM
GCF_052084695.1,Enterococcus faecalis,EFSMS55,Complete Genome,2767,1,1,388,171.7,1,1,1,1,0,A_TM
GCF_036430905.1,Limosilactobacillus reuteri,FI11596,Contig,1783,1,0,,,0,0,0,1,1,D_dltE_absent
GCF_027680865.1,Lacticaseibacillus paracasei,AF67-02pH5A,Scaffold,2977,1,1,385,191.2,1,1,1,1,1,A_TM
GCF_033658365.1,Bifidobacterium longum,YGMCCO110,Scaffold,2158,0,0,,,0,0,0,0,0,E_no_dlt
GCF_039566885.1,Limosilactobacillus fermentum,U19,Contig,1849,1,0,,,0,0,0,1,1,D_dltE_absent
GCF_028619605.1,Leuconostoc mesenteroides,IMAU10846,Scaffold,1973,1,1,380,136.3,1,1,1,0,1,A_TM
GCF_029667225.1,Lactococcus lactis,279,Contig,2547,1,0,,,0,0,0,0,0,D_dltE_absent
GCF_002079785.1,Ligilactobacillus salivarius,AH43348,Scaffold,1971,1,0,,,0,0,0,0,1,D_dltE_absent
GCF_963870215.1,Pediococcus acidilactici,-,Contig,1857,1,1,382,167.8,1,1,1,0,1,B_SP
GCF_033344585.1,Bifidobacterium longum,YGMCC0025,Scaffold,2148,0,0,,,0,0,0,0,0,E_no_dlt
GCF_055814315.1,Enterococcus faecium,1304D004,Complete Genome,2804,1,1,386,134.9,1,1,1,1,0,A_TM
GCF_031186115.1,Enterococcus faecalis,JF4A2234,Complete Genome,2695,1,1,388,179.7,1,1,1,1,0,A_TM
GCF_052692275.1,Lacticaseibacillus paracasei,H34,Contig,2725,1,1,385,191.2,1,1,1,1,1,A_TM
GCF_030360885.1,Lactococcus lactis,TOM.258,Contig,2130,1,0,,,0,0,0,0,0,D_dltE_absent
GCF_020844625.1,Limosilactobacillus fermentum,FUA3582,Scaffold,1790,1,0,,,0,0,0,1,1,D_dltE_absent
GCF_925283095.1,Limosilactobacillus reuteri,-,Contig,1849,1,0,,,0,0,0,1,1,D_dltE_absent
GCF_031930525.1,Lactococcus lactis,Y56,Contig,2697,1,0,,,0,0,0,0,0,D_dltE_absent
GCF_046119235.1,Enterococcus faecium,CCP462,Complete Genome,2802,1,1,389,149.6,1,1,1,1,0,A_TM
GCF_009809765.1,Pediococcus acidilactici,FAM19651,Contig,1918,1,1,382,178.2,1,1,1,0,1,B_SP
GCF_019927145.1,Leuconostoc mesenteroides,INF90,Contig,2223,1,1,380,134.9,1,1,1,1,1,A_TM
GCF_042606975.1,Enterococcus faecium,NPLps07,Complete Genome,2420,1,1,386,132.7,1,1,1,1,0,A_TM
GCF_036430925.1,Limosilactobacillus reuteri,FI11605,Contig,1794,1,0,,,0,0,0,1,1,D_dltE_absent
GCF_984568945.1,Lacticaseibacillus paracasei,-,Contig,2847,1,1,385,191.5,1,1,1,1,1,A_TM
GCF_033659905.1,Bifidobacterium longum,YGMCC0979,Scaffold,2144,0,0,,,0,0,0,0,0,E_no_dlt
GCF_978043235.1,Limosilactobacillus fermentum,-,Contig,1887,1,0,,,0,0,0,1,1,D_dltE_absent
GCF_002886025.1,Leuconostoc mesenteroides,YL48,Contig,2012,1,1,380,134.3,1,1,1,1,1,A_TM
GCF_032841195.1,Lactococcus lactis,M17-3,Contig,2705,1,0,,,0,0,0,0,0,D_dltE_absent
GCF_046939335.1,Ligilactobacillus salivarius,M494A,Contig,2012,1,0,,,0,0,0,1,1,D_dltE_absent
GCF_009809375.1,Pediococcus acidilactici,FAM20325,Contig,1850,1,1,382,179.0,1,1,1,0,1,B_SP
GCF_033658205.1,Bifidobacterium longum,YGMCC0120,Contig,2137,0,0,,,0,0,0,0,0,E_no_dlt
GCF_059815485.1,Enterococcus faecium,EFA_31_full,Complete Genome,2466,1,1,386,135.2,1,1,1,1,0,A_TM
GCF_036273895.1,Enterococcus faecalis,JF4A-2234,Complete Genome,2697,1,1,388,179.7,1,1,1,1,0,A_TM
GCF_901933195.1,Lacticaseibacillus paracasei,INIA P272,Contig,2814,1,1,385,190.6,1,1,1,1,1,A_TM
GCF_022509425.1,Limosilactobacillus fermentum,QAULFN21,Scaffold,1722,1,0,,,0,0,0,1,1,D_dltE_absent
GCF_002289745.1,Ligilactobacillus salivarius,KLF007,Contig,2171,1,0,,,0,0,0,1,1,D_dltE_absent
GCF_009389105.1,Limosilactobacillus reuteri,PTA6_C7,Scaffold,1972,1,0,,,0,0,0,1,1,D_dltE_absent
GCF_050351375.1,Lactococcus lactis,FV26-101,Contig,2431,1,0,,,0,0,0,0,0,D_dltE_absent
GCF_053758705.1,Pediococcus acidilactici,0051-04,Contig,1853,1,1,382,169.2,1,1,1,0,1,B_SP
GCF_023299665.1,Enterococcus faecalis,AT29,Complete Genome,2659,1,1,388,180.2,1,1,1,1,0,A_TM
GCF_019927185.1,Leuconostoc mesenteroides,INF38,Contig,2033,1,1,380,134.3,1,1,1,1,1,A_TM
GCF_013201055.1,Enterococcus faecium,FS 86,Complete Genome,2400,1,1,386,132.7,1,1,1,1,0,A_TM
GCF_054786875.1,Lacticaseibacillus paracasei,OLXI-1,Contig,2911,1,1,385,191.5,1,1,1,1,1,A_TM
GCF_020785655.1,Limosilactobacillus reuteri,Cor124_1_1,Scaffold,2101,1,0,,,0,0,0,1,1,D_dltE_absent
GCF_033657955.1,Bifidobacterium longum,YGMCC0295,Contig,2292,0,0,,,0,0,0,0,0,E_no_dlt
GCF_045527665.1,Limosilactobacillus fermentum,FAM 25338,Scaffold,2019,1,0,,,0,0,0,1,1,D_dltE_absent
GCF_031930845.1,Lactococcus lactis,Y45-2,Scaffold,2682,1,0,,,0,0,0,0,0,D_dltE_absent
GCF_055180635.1,Leuconostoc mesenteroides,FAM 21878,Contig,1569,1,1,380,134.8,1,1,1,0,1,A_TM
GCF_002079805.1,Ligilactobacillus salivarius,AH43324,Scaffold,2127,1,0,,,0,0,0,1,1,D_dltE_absent
GCF_032842625.1,Pediococcus acidilactici,BF14,Contig,2090,1,1,379,173.7,1,1,1,0,1,B_SP
GCF_030406065.1,Enterococcus faecium,AK_C_05,Complete Genome,2572,1,1,386,132.8,1,1,1,1,0,A_TM
GCF_003130775.1,Bifidobacterium longum,UMA026,Contig,1965,0,0,,,0,0,0,0,0,E_no_dlt
GCF_019390195.1,Pediococcus acidilactici,40J,Contig,1781,1,1,382,177.4,1,1,1,0,1,B_SP
GCF_008016825.1,Lacticaseibacillus paracasei,SA5,Contig,2994,1,1,385,191.1,1,1,1,1,1,A_TM
GCF_008868475.1,Limosilactobacillus fermentum,BIO6529,Contig,2036,1,0,,,0,0,0,1,1,D_dltE_absent
GCF_014336755.1,Ligilactobacillus salivarius,OSU_LaSali_1.14,Scaffold,2218,1,0,,,0,0,0,1,1,D_dltE_absent
GCF_000309765.1,Lacticaseibacillus paracasei,Lc-10,Contig,2683,1,1,397,163.4,1,1,1,1,1,A_TM
GCF_050350035.1,Lactococcus lactis,FV9-302,Contig,2588,1,0,,,0,0,0,0,0,D_dltE_absent
GCF_028327105.1,Pediococcus acidilactici,1001287st1_B2_1001287B_170213,Scaffold,1906,1,1,379,173.8,1,1,1,0,1,B_SP
GCF_024579755.1,Enterococcus faecalis,JF3A-223,Complete Genome,2764,1,1,388,182.9,1,1,1,1,0,A_TM
GCF_002289965.1,Ligilactobacillus salivarius,KLA005,Contig,2216,1,0,,,0,0,0,1,1,D_dltE_absent
GCF_028335525.1,Enterococcus faecium,K162-1,Complete Genome,2624,1,1,386,135.4,1,1,1,1,0,A_TM
GCF_030710105.1,Lacticaseibacillus paracasei,ULE721,Contig,2898,1,1,385,191.5,1,1,1,1,1,A_TM
GCF_020786095.1,Limosilactobacillus reuteri,AP1,Scaffold,2128,1,0,,,0,0,0,1,1,D_dltE_absent
GCF_033659325.1,Bifidobacterium longum,YGMCC0721,Contig,1812,0,0,,,0,0,0,0,0,E_no_dlt
GCF_002254195.1,Limosilactobacillus reuteri,103p,Scaffold,2084,1,0,,,0,0,0,1,1,D_dltE_absent
GCF_031930285.1,Lactococcus lactis,Y77,Scaffold,2770,1,0,,,0,0,0,0,0,D_dltE_absent
GCF_028619105.1,Leuconostoc mesenteroides,IMAU10891,Scaffold,1975,1,1,380,136.3,1,1,1,0,1,A_TM
GCF_001066665.1,Ligilactobacillus salivarius,866_LSAL,Contig,1869,1,0,,,0,0,0,1,1,D_dltE_absent
GCF_019927085.1,Leuconostoc mesenteroides,INF92,Contig,1899,1,1,380,134.3,1,1,1,1,1,A_TM
GCF_900635415.1,Enterococcus faecium,-,Complete Genome,2793,1,1,386,132.7,1,1,1,1,0,A_TM
GCF_033658185.1,Bifidobacterium longum,YGMCC0145,Scaffold,2144,0,0,,,0,0,0,0,0,E_no_dlt
GCF_036774845.1,Enterococcus faecalis,CQHZJ21-185,Complete Genome,2815,1,1,388,180.2,1,1,1,1,0,A_TM
GCF_004167725.1,Bifidobacterium longum,bk_0021,Contig,1896,0,0,,,0,0,0,0,0,E_no_dlt
GCF_053901705.1,Limosilactobacillus fermentum,309,Contig,1947,1,0,,,0,0,0,1,1,D_dltE_absent
GCF_002289615.1,Ligilactobacillus salivarius,KLA002,Contig,2208,1,0,,,0,0,0,1,1,D_dltE_absent
GCF_033659005.1,Bifidobacterium longum,YGMCC0516,Contig,2292,0,0,,,0,0,0,0,0,E_no_dlt
GCF_031931125.1,Lactococcus lactis,Y38-1,Contig,2845,1,0,,,0,0,0,0,0,D_dltE_absent
GCF_036264895.1,Enterococcus faecalis,CF4H-114,Complete Genome,2697,1,1,388,179.7,1,1,1,1,0,A_TM
GCF_001540895.1,Lactococcus lactis,Ll1596,Contig,2275,1,0,,,0,0,0,0,0,D_dltE_absent
GCF_032681065.1,Enterococcus faecalis,JF4H-114,Complete Genome,2697,1,1,388,179.7,1,1,1,1,0,A_TM
GCF_001412695.1,Enterococcus faecium,UW7606x64/3 TC1,Complete Genome,2535,1,1,386,133.4,1,1,1,1,0,A_TM
GCF_020785535.1,Limosilactobacillus reuteri,ME-262,Scaffold,1973,1,0,,,0,0,0,1,1,D_dltE_absent
GCF_059815805.1,Enterococcus faecium,EFA_15_full,Complete Genome,2416,1,1,386,132.7,1,1,1,1,0,A_TM
GCF_023370755.1,Limosilactobacillus fermentum,KUB-D18,Scaffold,1863,1,0,,,0,0,0,1,1,D_dltE_absent
GCF_051153965.1,Limosilactobacillus fermentum,BE1101-7-11,Contig,1789,1,0,,,0,0,0,1,1,D_dltE_absent
GCF_029823385.1,Leuconostoc mesenteroides,DSM 20346,Scaffold,1600,1,1,380,134.8,1,1,1,0,1,A_TM
GCF_009808375.1,Pediococcus acidilactici,FAM22132,Scaffold,1882,1,1,382,178.2,1,1,1,0,1,B_SP
GCF_039566235.1,Limosilactobacillus fermentum,U14,Contig,1852,1,0,,,0,0,0,1,1,D_dltE_absent
GCF_009809365.1,Pediococcus acidilactici,FAM19390,Contig,1943,1,1,382,178.2,1,1,1,0,1,B_SP
GCF_036263135.1,Enterococcus faecalis,JF4H-224,Complete Genome,2697,1,1,388,179.7,1,1,1,1,0,A_TM
GCF_039566635.1,Lacticaseibacillus paracasei,A192,Contig,2963,1,1,385,190.8,1,1,1,1,1,A_TM
GCF_003591195.1,Pediococcus acidilactici,WT,Contig,1901,1,1,382,168.3,1,1,1,0,1,B_SP
GCF_018729425.1,Lacticaseibacillus paracasei,MYD3,Contig,2800,1,1,385,190.9,1,1,1,1,1,A_TM
GCF_002254045.1,Limosilactobacillus reuteri,105o,Scaffold,2036,1,0,,,0,0,0,1,1,D_dltE_absent
GCF_029664525.1,Lactococcus lactis,284,Contig,2543,1,0,,,0,0,0,0,0,D_dltE_absent
GCF_025190765.1,Lacticaseibacillus paracasei,CIRM-BIA 1511,Contig,2718,1,1,385,192.2,1,1,1,1,1,A_TM
GCF_002289625.1,Ligilactobacillus salivarius,KLA004,Contig,2221,1,0,,,0,0,0,1,1,D_dltE_absent
GCF_902374135.2,Leuconostoc mesenteroides,-,Scaffold,1582,1,1,380,134.8,1,1,1,0,1,A_TM
GCF_059845355.1,Enterococcus faecium,VRE_19,Complete Genome,2420,1,1,386,132.7,1,1,1,1,0,A_TM
GCF_050350995.1,Lactococcus lactis,FV98-102,Scaffold,2539,1,0,,,0,0,0,0,0,D_dltE_absent
GCF_027692505.1,Ligilactobacillus salivarius,OF42-10pH5A,Scaffold,1755,1,0,,,0,0,0,1,1,D_dltE_absent
GCF_019927025.1,Leuconostoc mesenteroides,INF98,Contig,1970,1,1,380,137.3,1,1,1,0,1,A_TM
GCF_051752105.1,Limosilactobacillus fermentum,IJAL 01 335,Contig,1736,1,0,,,0,0,0,1,1,D_dltE_absent
GCF_024665675.1,Enterococcus faecium,ENCfa-68,Complete Genome,2416,1,1,386,132.7,1,1,1,1,0,A_TM
GCF_050491685.1,Enterococcus faecalis,C1574,Complete Genome,2678,1,1,388,180.2,1,1,1,1,0,A_TM
GCF_050473345.1,Enterococcus faecalis,C1555,Complete Genome,2577,1,1,388,180.2,1,1,1,1,0,A_TM
GCF_056586355.1,Pediococcus acidilactici,C0116C1,Contig,1771,1,1,382,175.9,1,1,1,0,1,B_SP
GCF_019927065.1,Leuconostoc mesenteroides,INF94,Contig,2140,1,1,380,134.9,1,1,1,1,1,A_TM
GCF_022586935.1,Limosilactobacillus reuteri,PB2,Contig,1849,1,0,,,0,0,0,1,1,D_dltE_absent
GCF_002254095.1,Limosilactobacillus reuteri,105w,Scaffold,2027,1,0,,,0,0,0,1,1,D_dltE_absent
GCF_978043295.1,Limosilactobacillus reuteri,-,Contig,1930,1,0,,,0,0,0,1,1,D_dltE_absent
GCF_006538825.1,Limosilactobacillus fermentum,NBRC 3959,Contig,1882,1,0,,,0,0,0,1,1,D_dltE_absent
GCF_019927015.1,Leuconostoc mesenteroides,INF103,Contig,2094,1,1,380,134.9,1,1,1,1,1,A_TM
GCF_019927125.1,Leuconostoc mesenteroides,INF82a,Contig,2108,1,1,380,136.4,1,1,1,1,1,A_TM
GCF_019128695.1,Bifidobacterium longum,MSK.19.11,Contig,2074,0,0,,,0,0,0,0,0,E_no_dlt
GCF_963869945.1,Pediococcus acidilactici,-,Contig,1861,1,1,382,167.8,1,1,1,0,1,B_SP
GCF_003474905.1,Bifidobacterium longum,AF36-1,Scaffold,1955,0,0,,,0,0,0,0,0,E_no_dlt
GCF_002076095.1,Bifidobacterium longum,1886B,Contig,2074,0,0,,,0,0,0,0,0,E_no_dlt
GCF_009996805.1,Lacticaseibacillus paracasei,D3-5,Contig,2935,1,1,401,198.5,1,1,1,1,1,A_TM
GCF_024329385.1,Lacticaseibacillus paracasei,Kef-w17,Contig,2801,1,1,385,192.1,1,1,1,1,1,A_TM
GCF_002079765.1,Ligilactobacillus salivarius,AH4331,Scaffold,2019,1,0,,,0,0,0,1,1,D_dltE_absent
GCF_052065855.1,Ligilactobacillus salivarius,HCP28S3_D1,Contig,2204,1,0,,,0,0,0,1,1,D_dltE_absent
GCF_031931045.1,Lactococcus lactis,Y39,Scaffold,2753,1,0,,,0,0,0,0,0,D_dltE_absent
GCF_027673485.1,Lactococcus lactis,AM113-190,Scaffold,2331,1,0,,,0,0,0,0,0,D_dltE_absent
GCF_027673155.1,Lactococcus lactis,AM113-39,Scaffold,2328,1,0,,,0,0,0,0,0,D_dltE_absent
GCF_050491675.1,Enterococcus faecalis,C1576,Complete Genome,2679,1,1,388,180.2,1,1,1,1,0,A_TM
GCF_003269465.1,Enterococcus faecium,BM4105-RF,Complete Genome,2447,1,1,386,133.4,1,1,1,1,0,A_TM
GCF_046119205.1,Enterococcus faecium,CCP465,Complete Genome,2795,1,1,389,149.6,1,1,1,1,0,A_TM
GCF_003174915.1,Limosilactobacillus reuteri,LR17,Scaffold,2235,1,0,,,0,0,0,1,1,D_dltE_absent
GCF_036432135.1,Limosilactobacillus reuteri,LTAD-12f,Scaffold,1767,1,0,,,0,0,0,1,1,D_dltE_absent
GCF_036431405.1,Limosilactobacillus fermentum,FI11601,Contig,1918,1,0,,,0,0,0,1,1,D_dltE_absent
GCF_002204495.1,Limosilactobacillus fermentum,BFE 6620,Scaffold,1881,1,0,,,0,0,0,1,1,D_dltE_absent
GCF_026240235.1,Leuconostoc mesenteroides subsp. mesenteroides,SMM69,Contig,1931,1,1,380,134.3,1,1,1,1,1,A_TM
GCF_900639425.1,Enterococcus faecium,-,Complete Genome,2808,1,1,389,149.6,1,1,1,1,0,A_TM
GCF_059766725.1,Pediococcus acidilactici,AK 1.2,Contig,1752,1,0,,,0,0,0,0,1,D_dltE_absent
GCF_056586335.1,Pediococcus acidilactici,C0116C2,Contig,1780,1,1,382,175.9,1,1,1,0,1,B_SP
GCF_021655635.1,Enterococcus faecalis,K-4,Complete Genome,2719,1,1,388,180.2,1,1,1,1,0,A_TM
GCF_978043405.1,Limosilactobacillus fermentum,-,Contig,1943,1,0,,,0,0,0,1,1,D_dltE_absent
GCF_003712645.1,Lacticaseibacillus paracasei,FAM22276,Contig,2604,1,1,401,198.9,1,1,1,1,1,A_TM
GCF_002904305.1,Lacticaseibacillus paracasei,CCC B1205,Scaffold,3001,1,1,385,190.6,1,1,1,1,1,A_TM
GCF_003174855.1,Limosilactobacillus reuteri,LR4,Scaffold,2164,1,0,,,0,0,0,1,1,D_dltE_absent
GCF_009808215.1,Pediococcus acidilactici,FAM20559,Contig,1906,1,1,382,178.2,1,1,1,0,1,B_SP
GCF_053117655.1,Enterococcus faecalis,5034,Complete Genome,2568,1,1,388,180.2,1,1,1,1,0,A_TM
GCF_002092735.1,Leuconostoc mesenteroides subsp. mesenteroides,LN25,Contig,2234,1,1,380,134.9,1,1,1,1,1,A_TM
GCF_005049065.1,Leuconostoc mesenteroides subsp. mesenteroides,KIBGE-IB22,Scaffold,1902,1,1,380,134.6,1,1,1,1,1,A_TM
GCF_026967245.1,Lacticaseibacillus paracasei,Lpc_yogurt_B6,Contig,2857,1,1,401,198.5,1,1,1,1,1,A_TM
GCF_019128175.1,Bifidobacterium longum,MSK.19.66,Contig,2062,0,0,,,0,0,0,0,0,E_no_dlt
GCF_003437105.1,Bifidobacterium longum,TF07-34,Scaffold,1897,0,0,,,0,0,0,0,0,E_no_dlt
GCF_003437095.1,Bifidobacterium longum,TF07-39,Scaffold,2017,0,0,,,0,0,0,0,0,E_no_dlt
GCF_030545485.1,Lactococcus lactis,GP1004,Contig,2329,1,0,,,0,0,0,0,0,D_dltE_absent
GCF_012843615.1,Ligilactobacillus salivarius,WCA-389-WT-5E,Contig,1987,1,0,,,0,0,0,1,1,D_dltE_absent
GCF_046939235.1,Ligilactobacillus salivarius,M488A,Contig,2009,1,0,,,0,0,0,1,1,D_dltE_absent
GCF_052066415.1,Ligilactobacillus salivarius,HCP28S3_A3,Contig,2177,1,0,,,0,0,0,1,1,D_dltE_absent
GCF_900639385.1,Enterococcus faecium,-,Complete Genome,2776,1,1,386,132.7,1,1,1,1,0,A_TM
GCF_002833255.1,Bifidobacterium longum,DPC6320,Contig,1821,0,0,,,0,0,0,0,0,E_no_dlt
GCF_026802385.1,Enterococcus faecalis,M61,Complete Genome,2773,1,1,388,176.5,1,1,1,1,0,A_TM
GCF_054720525.1,Enterococcus faecalis,5114,Complete Genome,2744,1,1,388,178.7,1,1,1,1,0,A_TM
GCF_005864145.1,Limosilactobacillus fermentum,FAM 19471,Contig,1948,1,0,,,0,0,0,1,1,D_dltE_absent
GCF_027674525.1,Ligilactobacillus salivarius,AM110-98,Scaffold,1849,1,0,,,0,0,0,1,1,D_dltE_absent
GCF_020785275.1,Limosilactobacillus reuteri,21A,Scaffold,1926,1,0,,,0,0,0,1,1,D_dltE_absent
GCF_003712935.1,Lacticaseibacillus paracasei,FAM3248,Scaffold,2599,1,1,401,198.9,1,1,1,1,1,A_TM
GCF_009807975.1,Pediococcus acidilactici,FAM19153,Contig,1867,1,1,382,178.2,1,1,1,0,1,B_SP
GCF_050486715.1,Enterococcus faecalis,C1226,Complete Genome,2560,1,1,388,180.2,1,1,1,1,0,A_TM
GCF_026967195.1,Lacticaseibacillus paracasei,Lpc_yogurt_B5,Contig,2851,1,1,401,198.5,1,1,1,1,1,A_TM
GCF_031931265.1,Lactococcus lactis,Y13,Contig,2819,1,0,,,0,0,0,0,0,D_dltE_absent
GCF_009389375.1,Limosilactobacillus reuteri,PTA2_C2,Scaffold,2042,1,0,,,0,0,0,1,1,D_dltE_absent
GCF_003175125.1,Limosilactobacillus reuteri,LR1,Scaffold,2261,1,0,,,0,0,0,1,1,D_dltE_absent
GCF_900639555.1,Enterococcus faecium,-,Complete Genome,2664,1,1,383,135.4,1,1,1,1,0,A_TM
GCF_003408975.2,Enterococcus faecium,KresVSE0002,Complete Genome,2653,1,1,386,130.7,1,1,1,1,0,A_TM
GCF_002563575.1,Lactococcus lactis,21,Scaffold,2394,1,0,,,0,0,0,0,0,D_dltE_absent
GCF_001184255.1,Leuconostoc mesenteroides subsp. mesenteroides,LbE16,Contig,2021,1,1,380,134.3,1,1,1,1,1,A_TM
GCF_925298225.1,Leuconostoc mesenteroides subsp. mesenteroides,-,Contig,2149,1,1,380,134.9,1,1,1,1,1,A_TM
GCF_003346315.1,Limosilactobacillus fermentum,KMB_613,Contig,1949,1,0,,,0,0,0,1,1,D_dltE_absent
GCF_011745645.1,Enterococcus faecium,DT1-1,Complete Genome,2402,1,1,386,132.7,1,1,1,1,0,A_TM
GCF_002832945.1,Bifidobacterium longum,DPC6317,Contig,1949,0,0,,,0,0,0,0,0,E_no_dlt
GCF_020785225.1,Limosilactobacillus reuteri,21B,Scaffold,1872,1,0,,,0,0,0,1,1,D_dltE_absent
GCF_025188245.1,Pediococcus acidilactici,CIRM-BIA 2175,Contig,1904,1,1,382,178.2,1,1,1,0,1,B_SP
GCF_059821465.1,Limosilactobacillus fermentum,ACG1-189,Contig,1902,1,0,,,0,0,0,1,1,D_dltE_absent
GCF_006538765.1,Leuconostoc mesenteroides subsp. mesenteroides,NBRC 3832,Contig,1829,1,1,380,132.5,1,1,1,1,1,A_TM
GCF_002289905.1,Ligilactobacillus salivarius,KLW008,Contig,2076,1,0,,,0,0,0,1,1,D_dltE_absent
GCF_002289665.1,Ligilactobacillus salivarius,KLF002,Contig,2153,1,0,,,0,0,0,1,1,D_dltE_absent
GCF_039841895.1,Pediococcus acidilactici,2217st1_F5_2217SCRN_200827,Scaffold,2006,1,1,382,170.3,1,1,1,0,1,B_SP
GCF_002833115.1,Bifidobacterium longum,APC1472,Contig,1889,0,0,,,0,0,0,0,0,E_no_dlt
GCF_040543485.1,Enterococcus faecalis,Z217-3,Complete Genome,2614,1,1,388,178.7,1,1,1,1,0,A_TM
GCF_006766145.1,Enterococcus faecalis,DM01,Complete Genome,2592,1,1,388,180.2,1,1,1,1,0,A_TM
GCF_003712535.1,Lacticaseibacillus paracasei,FAM18175,Contig,2690,1,1,385,192.0,1,1,1,1,1,A_TM
GCF_002289605.1,Ligilactobacillus salivarius,KLA003,Contig,2216,1,0,,,0,0,0,1,1,D_dltE_absent
GCF_052121395.1,Ligilactobacillus salivarius,LCP19S3_D7,Contig,2080,1,0,,,0,0,0,1,1,D_dltE_absent
GCF_002253745.1,Limosilactobacillus reuteri,601l,Scaffold,2074,1,0,,,0,0,0,1,1,D_dltE_absent
GCF_031931415.1,Lactococcus lactis,Y7,Scaffold,2802,1,0,,,0,0,0,0,0,D_dltE_absent
GCF_023299505.1,Enterococcus faecalis,AT40b,Complete Genome,2767,1,1,388,180.2,1,1,1,1,0,A_TM
GCF_048260945.1,Pediococcus acidilactici,RC-UNIPASAAFM00035,Scaffold,2305,1,1,382,178.2,1,1,1,0,1,B_SP
GCF_003346345.1,Leuconostoc mesenteroides subsp. mesenteroides,KMB_611,Contig,2078,1,1,380,134.9,1,1,1,1,1,A_TM
GCF_001703865.1,Limosilactobacillus reuteri,482_46,Scaffold,2144,1,0,,,0,0,0,1,1,D_dltE_absent
GCF_003839805.1,Lactococcus lactis,L81-D1,Scaffold,2534,1,0,,,0,0,0,0,0,D_dltE_absent
GCF_026967275.1,Lacticaseibacillus paracasei,Lpc_yogurt_B3,Contig,2856,1,1,401,198.5,1,1,1,1,1,A_TM
GCF_003475025.1,Bifidobacterium longum,AF35-13AC,Scaffold,1944,0,0,,,0,0,0,0,0,E_no_dlt
GCF_040543505.1,Enterococcus faecalis,Z217-1,Complete Genome,2609,1,1,388,178.7,1,1,1,1,0,A_TM
GCF_031432735.1,Bifidobacterium longum,YMC_19_03_38,Contig,1957,0,0,,,0,0,0,0,0,E_no_dlt
GCF_027673225.1,Lactococcus lactis,AM113-33,Scaffold,2330,1,0,,,0,0,0,0,0,D_dltE_absent
GCF_002092745.1,Leuconostoc mesenteroides subsp. mesenteroides,LN27,Contig,2176,1,1,380,134.9,1,1,1,1,1,A_TM
GCF_015667075.1,Lactococcus lactis,1001287H_170206_A2,Scaffold,2495,1,0,,,0,0,0,0,0,D_dltE_absent
GCF_052065295.1,Ligilactobacillus salivarius,HCP28S3_F5,Contig,2192,1,0,,,0,0,0,1,1,D_dltE_absent
GCF_900638785.1,Enterococcus faecium,-,Complete Genome,2613,1,1,386,135.2,1,1,1,1,0,A_TM
GCF_040092865.1,Bifidobacterium longum,CLA-AP-H19,Contig,1893,0,0,,,0,0,0,0,0,E_no_dlt
GCF_019356355.1,Enterococcus faecium,7150,Complete Genome,2419,1,1,386,130.7,1,1,1,1,0,A_TM
GCF_022810805.1,Enterococcus faecalis,RF_1_1_25_1,Complete Genome,2625,1,1,388,180.2,1,1,1,1,0,A_TM
GCF_026930525.1,Limosilactobacillus fermentum,MC1,Scaffold,1917,1,0,,,0,0,0,1,1,D_dltE_absent
GCF_003346325.1,Limosilactobacillus fermentum,KMB_612,Contig,1835,1,0,,,0,0,0,1,1,D_dltE_absent
GCF_002863265.1,Limosilactobacillus fermentum,UMB0187,Scaffold,1882,1,0,,,0,0,0,1,1,D_dltE_absent
GCF_020785215.1,Limosilactobacillus reuteri,21D,Scaffold,1932,1,0,,,0,0,0,1,1,D_dltE_absent
GCF_003465785.1,Bifidobacterium longum,AF03-27,Scaffold,1960,0,0,,,0,0,0,0,0,E_no_dlt
GCF_009809315.1,Pediococcus acidilactici,FAM19154,Contig,1857,1,1,382,178.2,1,1,1,0,1,B_SP
GCF_009809395.1,Pediococcus acidilactici,FAM13473,Contig,1902,1,1,382,178.2,1,1,1,0,1,B_SP
GCF_002092625.1,Leuconostoc mesenteroides subsp. mesenteroides,LN08,Contig,1926,1,1,380,136.3,1,1,1,0,1,A_TM
GCF_002289675.1,Ligilactobacillus salivarius,KLA006,Contig,2328,1,0,,,0,0,0,1,1,D_dltE_absent
GCF_006337045.1,Enterococcus faecium,DB-1,Complete Genome,2564,1,1,386,134.9,1,1,1,1,0,A_TM
GCF_027692645.1,Lacticaseibacillus paracasei,OF39-24pH5A,Scaffold,2924,1,1,385,191.2,1,1,1,1,1,A_TM
GCF_019128495.1,Bifidobacterium longum,MSK.19.23,Contig,2133,0,0,,,0,0,0,0,0,E_no_dlt
GCF_056858115.1,Enterococcus faecalis,PAK6AS,Complete Genome,2738,1,1,388,180.2,1,1,1,1,0,A_TM
GCF_025191625.1,Limosilactobacillus fermentum,CIRM-BIA 2157,Contig,1862,1,0,,,0,0,0,1,1,D_dltE_absent
GCF_003346165.1,Leuconostoc mesenteroides subsp. mesenteroides,KMB_608,Contig,1933,1,1,380,134.3,1,1,1,1,1,A_TM
GCF_052066075.1,Ligilactobacillus salivarius,HCP28S3_C1,Contig,2204,1,0,,,0,0,0,1,1,D_dltE_absent
GCF_036621875.1,Limosilactobacillus reuteri,lp167-67,Scaffold,1929,1,0,,,0,0,0,1,1,D_dltE_absent
GCF_009807745.1,Pediococcus acidilactici,FAM19393,Contig,1946,1,1,382,178.2,1,1,1,0,1,B_SP
GCF_003466075.1,Bifidobacterium longum,AF03-10,Scaffold,1952,0,0,,,0,0,0,0,0,E_no_dlt
GCF_020882095.1,Enterococcus faecalis,E512-TC1,Complete Genome,2562,1,1,388,175.6,1,1,1,1,0,A_TM
GCF_002092705.1,Leuconostoc mesenteroides subsp. mesenteroides,LN32,Contig,1753,1,1,380,136.4,1,1,1,1,1,A_TM
GCF_024329345.1,Lacticaseibacillus paracasei,Kef-w19,Contig,2928,1,1,385,192.1,1,1,1,1,1,A_TM
GCF_002289985.1,Ligilactobacillus salivarius,KLA001,Contig,2213,1,0,,,0,0,0,1,1,D_dltE_absent
GCF_002112185.1,Limosilactobacillus reuteri,1366,Scaffold,1976,1,0,,,0,0,0,1,1,D_dltE_absent
GCF_009389005.1,Limosilactobacillus reuteri,PTA6_F8,Scaffold,1903,1,0,,,0,0,0,1,1,D_dltE_absent
GCF_009808025.1,Pediococcus acidilactici,FAM19157,Contig,1819,1,1,382,178.2,1,1,1,0,1,B_SP
GCF_023299785.1,Enterococcus faecalis,AT43a,Complete Genome,2526,1,1,388,180.2,1,1,1,1,0,A_TM
GCF_002092565.1,Leuconostoc mesenteroides subsp. mesenteroides,LN05,Contig,1914,1,1,380,135.6,1,1,1,1,1,A_TM
GCF_039566745.1,Lacticaseibacillus paracasei,Z08,Contig,2783,1,1,385,192.2,1,1,1,1,1,A_TM
GCF_026967205.1,Lacticaseibacillus paracasei,Lpc_yogurt_B4,Contig,2846,1,1,401,198.5,1,1,1,1,1,A_TM
GCF_003839645.1,Lactococcus lactis,L81-E2,Scaffold,2695,1,0,,,0,0,0,0,0,D_dltE_absent
GCF_003437715.1,Bifidobacterium longum,TF06-45A,Scaffold,2158,0,0,,,0,0,0,0,0,E_no_dlt
GCF_027672785.1,Lactococcus lactis,AM113-71,Scaffold,2327,1,0,,,0,0,0,0,0,D_dltE_absent
GCF_022509705.1,Lactococcus lactis,EIP13D,Contig,2588,1,0,,,0,0,0,0,0,D_dltE_absent
GCF_006280355.1,Enterococcus faecium,F17E0263,Complete Genome,2593,1,1,389,149.6,1,1,1,1,0,A_TM
GCF_052065715.1,Ligilactobacillus salivarius,HCP28S3_D7,Contig,2206,1,0,,,0,0,0,1,1,D_dltE_absent
GCF_003408995.2,Enterococcus faecium,KRESVRE0005,Complete Genome,2680,1,1,386,130.7,1,1,1,1,0,A_TM
GCF_007923965.2,Enterococcus faecium,SDGJQ5,Complete Genome,2436,1,1,386,134.9,1,1,1,1,0,A_TM
GCF_053668915.1,Limosilactobacillus fermentum,UMB8697,Scaffold,1686,1,0,,,0,0,0,1,1,D_dltE_absent
GCF_023375465.1,Enterococcus faecalis,661,Complete Genome,2704,1,1,388,180.2,1,1,1,1,0,A_TM
GCF_039566785.1,Limosilactobacillus fermentum,U13,Contig,1869,1,0,,,0,0,0,1,1,D_dltE_absent
GCF_001982185.1,Limosilactobacillus fermentum,RI-508,Scaffold,1828,1,0,,,0,0,0,1,1,D_dltE_absent
GCF_009807735.1,Pediococcus acidilactici,FAM20557,Scaffold,1933,1,1,382,178.2,1,1,1,0,1,B_SP
GCF_002128755.1,Limosilactobacillus reuteri,KLR2006,Contig,1788,1,0,,,0,0,0,1,1,D_dltE_absent
GCF_009809345.1,Pediococcus acidilactici,FAM19879,Contig,1772,1,1,382,178.2,1,1,1,0,1,B_SP
GCF_001703855.1,Limosilactobacillus reuteri,480_44,Scaffold,2125,1,0,,,0,0,0,1,1,D_dltE_absent
GCF_026967295.1,Lacticaseibacillus paracasei,Lpc_yogurt_B2,Contig,2835,1,1,401,198.5,1,1,1,1,1,A_TM
GCF_006351785.1,Enterococcus faecium,FB-1,Complete Genome,2558,1,1,386,134.9,1,1,1,1,0,A_TM
GCF_040785095.1,Lacticaseibacillus paracasei,gbc_f,Scaffold,2824,1,1,385,191.5,1,1,1,1,1,A_TM
GCF_003346155.1,Leuconostoc mesenteroides subsp. mesenteroides,KMB_609,Contig,1982,1,1,380,134.3,1,1,1,1,1,A_TM
GCF_031930365.1,Lactococcus lactis,Y71-2,Contig,2693,1,0,,,0,0,0,0,0,D_dltE_absent
GCF_030971365.1,Limosilactobacillus fermentum,DRD-73,Scaffold,1773,1,0,,,0,0,0,1,1,D_dltE_absent
GCF_003468005.1,Bifidobacterium longum,AM42-13AT,Scaffold,1759,0,0,,,0,0,0,0,0,E_no_dlt
GCF_033659305.1,Bifidobacterium longum,YGMCC697,Contig,1855,0,0,,,0,0,0,0,0,E_no_dlt
GCF_018517185.1,Enterococcus faecium,18-042,Complete Genome,2387,1,1,389,149.6,1,1,1,1,0,A_TM
GCF_009808595.1,Pediococcus acidilactici,FAM20580,Contig,1840,1,1,382,168.3,1,1,1,0,1,B_SP
GCF_009809305.1,Pediococcus acidilactici,FAM20547,Contig,1940,1,1,382,178.2,1,1,1,0,1,B_SP
GCF_052065935.1,Ligilactobacillus salivarius,HCP28S3_C6,Contig,2260,1,0,,,0,0,0,1,1,D_dltE_absent
GCF_018398375.1,Limosilactobacillus fermentum,ATCC 23271,Contig,2156,1,0,,,0,0,0,1,1,D_dltE_absent
GCF_020882055.1,Enterococcus faecalis,E512-TC2,Complete Genome,2581,1,1,388,175.6,1,1,1,1,0,A_TM
GCF_000309665.1,Lacticaseibacillus paracasei,M36,Contig,2855,1,1,366,191.3,1,1,1,1,1,C_CYTO
GCF_030064715.1,Enterococcus faecalis,AFL-109F,Complete Genome,2728,1,1,388,179.7,1,1,1,1,0,A_TM
GCF_039757195.1,Lactococcus lactis,1001287st2_A2_1001287H_170206,Scaffold,2491,1,0,,,0,0,0,0,0,D_dltE_absent
GCF_009649595.1,Limosilactobacillus reuteri,AD23,Contig,1883,1,0,,,0,0,0,1,1,D_dltE_absent
GCF_049805475.1,Leuconostoc mesenteroides subsp. dextranicum,KS279,Contig,1982,1,1,380,134.3,1,1,1,1,1,A_TM
GCF_003175015.1,Limosilactobacillus reuteri,LR2,Scaffold,2396,1,0,,,0,0,0,1,1,D_dltE_absent
GCF_028335265.1,Enterococcus faecium,R186-2,Complete Genome,2582,1,1,389,149.6,1,1,1,1,0,A_TM
GCF_049805515.1,Leuconostoc mesenteroides subsp. dextranicum,KS276,Contig,1993,1,1,380,134.3,1,1,1,1,1,A_TM
GCF_002075875.1,Bifidobacterium longum,1898B,Contig,1985,0,0,,,0,0,0,0,0,E_no_dlt
GCF_002092775.1,Leuconostoc mesenteroides subsp. mesenteroides,LN34,Contig,1778,1,1,380,136.4,1,1,1,1,1,A_TM
GCF_003438385.1,Bifidobacterium longum,OM05-2BH,Scaffold,2029,0,0,,,0,0,0,0,0,E_no_dlt
GCF_003839605.1,Lactococcus lactis,517-C6,Scaffold,2270,1,0,,,0,0,0,0,0,D_dltE_absent
GCF_002289735.1,Ligilactobacillus salivarius,KLF004,Contig,2078,1,0,,,0,0,0,1,1,D_dltE_absent
GCF_002289865.1,Ligilactobacillus salivarius,KLW006,Contig,1933,1,0,,,0,0,0,1,1,D_dltE_absent
GCF_052066015.1,Ligilactobacillus salivarius,HCP28S3_C3,Contig,2243,1,0,,,0,0,0,1,1,D_dltE_absent
GCF_025185825.1,Limosilactobacillus fermentum,998,Contig,1916,1,0,,,0,0,0,1,1,D_dltE_absent
GCF_028335725.1,Enterococcus faecalis,K191-1,Complete Genome,2705,1,1,388,179.7,1,1,1,1,0,A_TM
GCF_032681005.1,Enterococcus faecalis,ES-3222,Complete Genome,2549,1,1,388,180.4,1,1,1,1,0,A_TM
GCF_030020595.1,Enterococcus faecalis,EfsC49,Complete Genome,2630,1,1,388,180.2,1,1,1,1,0,A_TM
GCF_009808225.1,Pediococcus acidilactici,FAM19701,Scaffold,1764,1,1,382,178.2,1,1,1,0,1,B_SP
GCF_007280535.1,Limosilactobacillus reuteri,BIO5454,Scaffold,1893,1,0,,,0,0,0,1,1,D_dltE_absent
GCF_009389365.1,Limosilactobacillus reuteri,PTA1_F3,Scaffold,1911,1,0,,,0,0,0,1,1,D_dltE_absent
GCF_002128495.1,Limosilactobacillus reuteri,KLR2001,Contig,2059,1,0,,,0,0,0,1,1,D_dltE_absent
GCF_024329325.1,Lacticaseibacillus paracasei,Kef-w20,Contig,3266,1,1,385,192.1,1,1,1,1,1,A_TM
GCF_049805495.1,Leuconostoc mesenteroides subsp. dextranicum,KS277,Contig,1921,1,1,380,134.3,1,1,1,1,1,A_TM
GCF_030269065.1,Leuconostoc mesenteroides subsp. dextranicum,NBRC 3349,Scaffold,1866,1,1,380,134.9,1,1,1,1,1,A_TM
GCF_031930705.1,Lactococcus lactis,Y50,Scaffold,2617,1,0,,,0,0,0,0,0,D_dltE_absent
GCF_033344625.1,Bifidobacterium longum,YGMCC0018,Scaffold,1872,0,0,,,0,0,0,0,0,E_no_dlt
GCF_900157095.1,Bifidobacterium longum,-,Contig,1869,0,0,,,0,0,0,0,0,E_no_dlt
GCF_059815865.1,Enterococcus faecium,EFA_10_full,Complete Genome,2683,1,1,386,129.9,1,1,0,1,0,A_TM
GCF_052065735.1,Ligilactobacillus salivarius,HCP28S3_D5,Contig,2242,1,0,,,0,0,0,1,1,D_dltE_absent
GCF_002289685.1,Ligilactobacillus salivarius,KLF003,Contig,2181,1,0,,,0,0,0,1,1,D_dltE_absent
GCF_021278125.1,Limosilactobacillus fermentum,LAB1,Contig,1910,1,0,,,0,0,0,1,1,D_dltE_absent
GCF_057379185.1,Lacticaseibacillus paracasei,UNCP-H3M17,Contig,2809,1,1,385,192.2,1,1,1,1,1,A_TM
GCF_024329605.1,Lacticaseibacillus paracasei,Kef-w7,Contig,2809,1,1,385,192.1,1,1,1,1,1,A_TM
GCF_009808355.1,Pediococcus acidilactici,FAM19324,Contig,1899,1,1,382,178.2,1,1,1,0,1,B_SP
GCF_031930945.1,Lactococcus lactis,Y44-2,Contig,2690,1,0,,,0,0,0,0,0,D_dltE_absent
GCF_046591595.1,Lactococcus lactis,TATVAM-FAB84,Contig,2574,1,0,,,0,0,0,0,0,D_dltE_absent
GCF_005049135.1,Lacticaseibacillus paracasei,S49,Contig,2841,1,1,385,193.0,1,1,1,1,1,A_TM
GCF_023299745.1,Enterococcus faecium,AT44,Complete Genome,2558,1,1,386,130.7,1,1,1,1,0,A_TM
GCF_059815875.1,Enterococcus faecium,EFA_9_full,Complete Genome,2605,1,1,386,132.8,1,1,1,1,0,A_TM
GCF_003841385.1,Lactococcus lactis,L62-C9,Scaffold,2693,1,0,,,0,0,0,0,0,D_dltE_absent
GCF_053471045.1,Limosilactobacillus fermentum,Lf7,Contig,1915,1,0,,,0,0,0,1,1,D_dltE_absent
GCF_028335625.1,Enterococcus faecium,K80-15b,Complete Genome,2606,1,1,386,135.2,1,1,1,1,0,A_TM
GCF_009809715.1,Pediococcus acidilactici,FAM13881,Contig,1874,1,1,382,172.8,1,1,1,0,1,B_SP
GCF_030020515.1,Enterococcus faecalis,EfsC108,Complete Genome,2525,1,1,388,177.9,1,1,1,1,0,A_TM
GCF_002159305.1,Limosilactobacillus reuteri,An71,Contig,2193,1,0,,,0,0,0,1,1,D_dltE_absent
GCF_001184265.1,Leuconostoc mesenteroides subsp. cremoris,LbT16,Contig,1824,1,1,380,135.6,1,1,1,1,1,A_TM
GCF_001184245.1,Leuconostoc mesenteroides subsp. dextranicum,LbE15,Contig,1989,1,1,380,134.0,1,1,1,1,1,A_TM
GCF_978042535.1,Limosilactobacillus fermentum,-,Contig,2040,1,0,,,0,0,0,1,1,D_dltE_absent
GCF_025122575.1,Limosilactobacillus fermentum,CIRM-BIA 2220,Contig,1867,1,0,,,0,0,0,1,1,D_dltE_absent
GCF_015670475.1,Bifidobacterium longum,1001283B150225_161107_D10,Scaffold,1844,0,0,,,0,0,0,0,0,E_no_dlt
GCF_009808535.1,Pediococcus acidilactici,FAM20553,Contig,1878,1,1,382,178.2,1,1,1,0,1,B_SP
GCF_009809545.1,Pediococcus acidilactici,FAM22262,Contig,1874,1,1,382,179.0,1,1,1,0,1,B_SP
GCF_033658605.1,Bifidobacterium longum,YGMCC0406,Contig,1847,0,0,,,0,0,0,0,0,E_no_dlt
GCF_021531535.1,Ligilactobacillus salivarius,An879,Contig,2061,1,0,,,0,0,0,1,1,D_dltE_absent
GCF_041679805.1,Lacticaseibacillus paracasei,APY,Contig,2813,1,1,401,198.5,1,1,1,1,1,A_TM
GCF_025190685.1,Lacticaseibacillus paracasei,CIRM-BIA 1445,Contig,2984,1,1,385,190.6,1,1,1,1,1,A_TM
GCF_052065795.1,Ligilactobacillus salivarius,HCP28S3_D12,Contig,2248,1,0,,,0,0,0,1,1,D_dltE_absent
GCF_023299225.1,Enterococcus faecalis,AT49a,Complete Genome,2598,1,1,388,180.2,1,1,1,1,0,A_TM
GCF_031930865.1,Lactococcus lactis,Y45-1,Contig,2699,1,0,,,0,0,0,0,0,D_dltE_absent
GCF_031931165.1,Lactococcus lactis,Y37,Scaffold,2879,1,0,,,0,0,0,0,0,D_dltE_absent
GCF_023299605.1,Enterococcus faecalis,AT46a,Complete Genome,2599,1,1,388,180.2,1,1,1,1,0,A_TM
GCF_001703885.1,Limosilactobacillus reuteri,482_54,Scaffold,2129,1,0,,,0,0,0,1,1,D_dltE_absent
GCF_018516925.1,Enterococcus faecium,18-276,Complete Genome,2614,1,1,389,149.6,1,1,1,1,0,A_TM
GCF_978042565.1,Limosilactobacillus reuteri,-,Contig,1852,1,0,,,0,0,0,1,1,D_dltE_absent
GCF_028335565.1,Enterococcus faecium,K75-1,Complete Genome,2548,1,1,386,135.2,1,1,1,1,0,A_TM
GCF_002092425.1,Leuconostoc mesenteroides subsp. cremoris,LMGCF17,Contig,1520,1,1,380,134.8,1,1,1,0,1,A_TM
GCF_945190275.1,Limosilactobacillus fermentum,-,Contig,1969,1,0,,,0,0,0,1,1,D_dltE_absent
GCF_037966785.1,Limosilactobacillus fermentum,ATA-LTC-Lf170503,Scaffold,2027,1,0,,,0,0,0,1,1,D_dltE_absent
GCF_002092315.1,Leuconostoc mesenteroides subsp. cremoris,LMGCF11,Contig,1583,1,1,380,134.8,1,1,1,0,1,A_TM
GCF_003473205.1,Bifidobacterium longum,AM11-5,Scaffold,1902,0,0,,,0,0,0,0,0,E_no_dlt
GCF_050846675.1,Pediococcus acidilactici,PT22,Scaffold,1901,1,1,382,178.2,1,1,1,0,1,B_SP
GCF_015070925.1,Ligilactobacillus salivarius,160,Scaffold,2081,1,0,,,0,0,0,1,1,D_dltE_absent
GCF_019731735.1,Bifidobacterium longum,K39,Scaffold,1885,0,0,,,0,0,0,0,0,E_no_dlt
GCF_002289875.1,Ligilactobacillus salivarius,KLW007,Contig,1860,1,0,,,0,0,0,1,1,D_dltE_absent
GCF_036281375.1,Lacticaseibacillus paracasei,CUL07A,Contig,2986,1,1,385,191.5,1,1,1,1,1,A_TM
GCF_009809915.1,Pediococcus acidilactici,FAM20551,Contig,1871,1,1,382,178.2,1,1,1,0,1,B_SP
GCF_025958625.1,Enterococcus faecalis,BE25,Complete Genome,2537,1,1,388,178.5,1,1,1,1,0,A_TM
GCF_050847125.1,Enterococcus faecalis,SD2,Complete Genome,2523,1,1,388,176.4,1,1,1,1,0,A_TM
GCF_020784945.1,Limosilactobacillus reuteri,6C,Scaffold,1731,1,0,,,0,0,0,1,1,D_dltE_absent
GCF_023743835.1,Lactococcus lactis,DRD-85,Scaffold,2319,1,0,,,0,0,0,0,0,D_dltE_absent
GCF_057377445.1,Lacticaseibacillus paracasei,UNCP-H6M14,Contig,2802,1,1,385,192.2,1,1,1,1,1,A_TM
GCF_009389115.1,Limosilactobacillus reuteri,PTA6_C2,Scaffold,1939,1,0,,,0,0,0,1,1,D_dltE_absent
GCF_900639585.1,Enterococcus faecium,-,Complete Genome,2654,1,1,386,130.7,1,1,1,1,0,A_TM
GCF_002092335.1,Leuconostoc mesenteroides subsp. cremoris,LMGCF14,Contig,1522,1,1,380,134.8,1,1,1,0,1,A_TM
GCF_029664345.1,Lactococcus lactis,826,Contig,2585,1,0,,,0,0,0,0,0,D_dltE_absent
GCF_002092455.1,Leuconostoc mesenteroides subsp. cremoris,LMGCF20,Contig,1529,1,1,380,134.8,1,1,1,0,1,A_TM
GCF_025191565.1,Limosilactobacillus fermentum,CIRM-BIA 2152,Contig,2135,1,0,,,0,0,0,1,1,D_dltE_absent
GCF_019041635.1,Bifidobacterium longum,MSK.8.2,Contig,1905,0,0,,,0,0,0,0,0,E_no_dlt
GCF_028335605.1,Enterococcus faecium,K189-3,Complete Genome,2549,1,1,386,135.2,1,1,1,1,0,A_TM
GCF_019041945.1,Bifidobacterium longum,MSK.7.30,Contig,1900,0,0,,,0,0,0,0,0,E_no_dlt
GCF_015070845.1,Ligilactobacillus salivarius,144,Scaffold,2252,1,0,,,0,0,0,1,1,D_dltE_absent
GCF_002289725.1,Ligilactobacillus salivarius,KLF005,Contig,2068,1,0,,,0,0,0,1,1,D_dltE_absent
GCF_025185985.1,Limosilactobacillus fermentum,790,Contig,1977,1,0,,,0,0,0,1,1,D_dltE_absent
GCF_051371205.1,Pediococcus acidilactici,HC830,Scaffold,2078,1,1,382,167.8,1,1,1,0,1,B_SP
GCF_027670205.1,Lacticaseibacillus paracasei,AM33-7BH,Scaffold,2813,1,1,385,191.5,1,1,1,1,1,A_TM
GCF_050353495.1,Lactococcus lactis,FV1-202,Contig,2595,1,0,,,0,0,0,0,0,D_dltE_absent
GCF_017357805.1,Enterococcus faecalis,BFF1B1,Complete Genome,2575,1,1,388,180.2,1,1,1,1,0,A_TM
GCF_020784205.1,Limosilactobacillus reuteri,AG_2_7_1,Scaffold,1749,1,0,,,0,0,0,1,1,D_dltE_absent
GCF_051294835.1,Enterococcus faecalis,GW,Complete Genome,2737,1,1,388,178.7,1,1,1,1,0,A_TM
GCF_012045365.1,Enterococcus faecium,BIOPOP-3 ALE,Complete Genome,2520,1,1,386,133.2,1,1,1,1,0,A_TM
GCF_009808625.1,Pediococcus acidilactici,FAM19882,Scaffold,1836,1,1,382,178.2,1,1,1,0,1,B_SP
GCF_002092245.1,Leuconostoc mesenteroides subsp. cremoris,LMGCF10,Contig,1515,1,1,380,134.8,1,1,1,0,1,A_TM
GCF_002128615.1,Limosilactobacillus reuteri,KLR3002,Contig,1906,1,0,,,0,0,0,1,1,D_dltE_absent
GCF_053471025.1,Limosilactobacillus fermentum,Lf8,Contig,1934,1,0,,,0,0,0,1,1,D_dltE_absent
GCF_030540905.1,Lacticaseibacillus paracasei,11w,Scaffold,2928,1,1,401,198.8,1,1,1,1,1,A_TM
GCF_030876795.1,Bifidobacterium longum,B12,Contig,1890,0,0,,,0,0,0,0,0,E_no_dlt
GCF_002092135.1,Leuconostoc mesenteroides subsp. cremoris,LMGCF02,Contig,1658,1,1,380,134.8,1,1,1,0,1,A_TM
GCF_009809275.1,Pediococcus acidilactici,FAM20552,Contig,1883,1,1,382,178.2,1,1,1,0,1,B_SP
GCF_030360765.1,Lactococcus lactis,TOM.307,Contig,2274,1,0,,,0,0,0,0,0,D_dltE_absent
GCF_050312775.1,Ligilactobacillus salivarius,SGI.255,Contig,1936,1,0,,,0,0,0,1,1,D_dltE_absent
GCF_978042465.1,Lacticaseibacillus paracasei,-,Contig,2857,1,1,385,191.5,1,1,1,1,1,A_TM
GCF_029606345.1,Limosilactobacillus fermentum,FS-10,Scaffold,1708,1,0,,,0,0,0,1,1,D_dltE_absent
GCF_900639745.1,Enterococcus faecium,-,Complete Genome,2636,1,1,386,130.7,1,1,1,1,0,A_TM
GCF_003464805.1,Bifidobacterium longum,AF13-41,Scaffold,1866,0,0,,,0,0,0,0,0,E_no_dlt
GCF_006146065.1,Lactococcus lactis,FS2,Contig,2454,1,0,,,0,0,0,0,0,D_dltE_absent
GCF_009807755.1,Pediococcus acidilactici,FAM22261,Contig,1874,1,1,382,179.0,1,1,1,0,1,B_SP
GCF_016902115.1,Ligilactobacillus salivarius,An453,Contig,1746,1,0,,,0,0,0,1,1,D_dltE_absent
GCF_040586835.1,Enterococcus faecalis,19CA02SA02,Complete Genome,2599,1,1,388,179.7,1,1,1,1,0,A_TM
GCF_054031595.1,Lacticaseibacillus paracasei,134,Contig,2661,1,1,385,192.1,1,1,1,1,0,A_TM
GCF_052084585.1,Enterococcus faecalis,EFSMS98,Complete Genome,2547,1,1,388,175.7,1,1,1,1,0,A_TM
GCF_002092105.1,Leuconostoc mesenteroides subsp. cremoris,LMGCF09,Contig,1523,1,1,380,134.8,1,1,1,0,1,A_TM
GCF_003174945.1,Limosilactobacillus reuteri,LR13,Scaffold,2382,1,0,,,0,0,0,1,1,D_dltE_absent
GCF_003174955.1,Limosilactobacillus reuteri,LR14,Scaffold,2264,1,0,,,0,0,0,1,1,D_dltE_absent
GCF_018517065.1,Enterococcus faecium,17-318,Complete Genome,2626,1,1,389,149.6,1,1,1,1,0,A_TM
GCF_003465365.1,Bifidobacterium longum,AF13-34,Scaffold,1865,0,0,,,0,0,0,0,0,E_no_dlt
GCF_900639655.1,Enterococcus faecium,-,Complete Genome,2584,1,1,386,136.6,1,1,1,1,0,A_TM
GCF_031930765.1,Lactococcus lactis,Y46-1,Scaffold,2839,1,0,,,0,0,0,0,0,D_dltE_absent
GCF_058374235.1,Limosilactobacillus fermentum,LF-G89,Contig,1916,1,0,,,0,0,0,1,1,D_dltE_absent
GCF_027674565.1,Ligilactobacillus salivarius,AM110-97,Scaffold,1850,1,0,,,0,0,0,1,1,D_dltE_absent
GCF_030939615.1,Limosilactobacillus fermentum,N 4-5,Contig,1845,1,0,,,0,0,0,1,1,D_dltE_absent
GCF_002092495.1,Leuconostoc mesenteroides subsp. cremoris,LMGCF18,Contig,1522,1,1,380,134.8,1,1,1,0,1,A_TM
GCF_009808715.1,Pediococcus acidilactici,FAM17419c1,Contig,1752,1,1,382,173.1,1,1,1,0,1,B_SP
GCF_009808335.1,Pediococcus acidilactici,FAM20561,Scaffold,1969,1,1,382,178.2,1,1,1,0,1,B_SP
GCF_029723585.1,Bifidobacterium longum,LH_1019,Contig,1880,0,0,,,0,0,0,0,0,E_no_dlt
GCF_004332035.1,Enterococcus faecalis,CVM N60443F,Complete Genome,2556,1,1,388,179.7,1,1,1,1,0,A_TM
GCF_003174995.1,Limosilactobacillus reuteri,LR11,Scaffold,2390,1,0,,,0,0,0,1,1,D_dltE_absent
GCF_036272135.1,Enterococcus faecalis,CF2A-2143,Complete Genome,2645,1,1,388,179.7,1,1,1,1,0,A_TM
GCF_002079655.1,Ligilactobacillus salivarius,CCuG47825,Contig,1768,1,0,,,0,0,0,1,1,D_dltE_absent
GCF_002092145.1,Leuconostoc mesenteroides subsp. cremoris,LMGCF03,Contig,1574,1,1,380,134.8,1,1,1,0,1,A_TM
GCF_007923945.2,Enterococcus faecium,GZ8,Complete Genome,2442,1,1,386,134.9,1,1,1,1,0,A_TM
GCF_018917305.1,Lacticaseibacillus paracasei,N53,Contig,2661,1,1,385,192.1,1,1,1,1,1,A_TM
GCF_015667015.1,Lactococcus lactis,1001287H_170206_A1,Scaffold,2418,1,0,,,0,0,0,0,0,D_dltE_absent
GCF_058598285.1,Lacticaseibacillus paracasei,UTMB4,Scaffold,2837,1,1,385,190.6,1,1,1,1,1,A_TM
GCF_009389165.1,Limosilactobacillus reuteri,PTA5_C13,Scaffold,1913,1,0,,,0,0,0,1,1,D_dltE_absent
GCF_045809205.1,Limosilactobacillus fermentum,SN-1,Scaffold,1907,1,0,,,0,0,0,1,1,D_dltE_absent
GCF_004015145.1,Enterococcus faecium,CBA7134,Complete Genome,2565,1,1,386,132.7,1,1,1,1,0,A_TM
GCF_050350275.1,Lactococcus lactis,FV2-101,Scaffold,2639,1,0,,,0,0,0,0,0,D_dltE_absent
GCF_002092085.1,Leuconostoc mesenteroides subsp. cremoris,LMGCF05,Contig,1541,1,1,380,134.8,1,1,1,0,1,A_TM
GCF_009808255.1,Pediococcus acidilactici,FAM20562,Contig,1925,1,1,382,178.2,1,1,1,0,1,B_SP
GCF_004683795.1,Limosilactobacillus fermentum,FUA3589,Scaffold,1904,1,0,,,0,0,0,1,1,D_dltE_absent
GCF_030297785.1,Bifidobacterium longum,2252B,Contig,1996,0,0,,,0,0,0,0,0,E_no_dlt
GCF_002833065.1,Bifidobacterium longum,APC1480,Contig,2045,0,0,,,0,0,0,0,0,E_no_dlt
GCF_039615445.1,Lacticaseibacillus paracasei,NKM 5.4,Contig,2675,1,1,385,191.2,1,1,1,1,1,A_TM
GCF_023093485.1,Pediococcus acidilactici,PB2021-BA01,Contig,1866,1,1,382,174.2,1,1,1,0,1,B_SP
GCF_002079385.1,Ligilactobacillus salivarius,LMG 14476,Scaffold,2028,1,0,,,0,0,0,1,1,D_dltE_absent
GCF_052066215.1,Ligilactobacillus salivarius,HCP28S3_B3,Contig,2207,1,0,,,0,0,0,1,1,D_dltE_absent
GCF_036867745.1,Lactococcus lactis,Lc 5.5,Contig,2704,1,0,,,0,0,0,0,0,D_dltE_absent
GCF_024622515.1,Lacticaseibacillus paracasei,DSM 28675,Contig,2803,1,1,385,191.5,1,1,1,1,1,A_TM
GCF_022213025.1,Enterococcus faecalis,2-1,Complete Genome,2677,1,1,388,179.7,1,1,1,1,0,A_TM
GCF_025958065.1,Enterococcus faecalis,BE47,Complete Genome,2557,1,1,388,180.2,1,1,1,1,0,A_TM
GCF_025913595.1,Enterococcus faecium,TF51-2,Complete Genome,2526,1,1,386,132.5,1,1,1,1,0,A_TM
GCF_027706925.1,Lactococcus lactis,DRD-207,Scaffold,2396,1,0,,,0,0,0,0,0,D_dltE_absent
GCF_009389245.1,Limosilactobacillus reuteri,PTA5_F1,Scaffold,1876,1,0,,,0,0,0,1,1,D_dltE_absent
GCF_020784975.1,Limosilactobacillus reuteri,6B,Scaffold,1867,1,0,,,0,0,0,1,1,D_dltE_absent
GCF_039566575.1,Limosilactobacillus fermentum,A190,Contig,1830,1,0,,,0,0,0,1,1,D_dltE_absent
GCF_023375445.1,Enterococcus faecium,237,Complete Genome,2437,1,1,386,134.9,1,1,1,1,0,A_TM
GCF_002092385.1,Leuconostoc mesenteroides subsp. cremoris,LMGCF12,Contig,1583,1,1,380,134.8,1,1,1,0,1,A_TM
GCF_002092415.1,Leuconostoc mesenteroides subsp. cremoris,LMGCF19,Contig,1553,1,1,380,134.8,1,1,1,0,1,A_TM
GCF_009808775.1,Pediococcus acidilactici,FAM22234,Scaffold,1880,1,1,382,178.2,1,1,1,0,1,B_SP
GCF_025122475.1,Limosilactobacillus fermentum,CIRM-BIA 2221,Contig,1919,1,0,,,0,0,0,1,1,D_dltE_absent
GCF_002833075.1,Bifidobacterium longum,APC1477,Contig,1720,0,0,,,0,0,0,0,0,E_no_dlt
GCF_003465455.1,Bifidobacterium longum,AF11-12,Scaffold,2285,0,0,,,0,0,0,0,0,E_no_dlt
GCF_039733365.1,Lacticaseibacillus paracasei,1001270st1_A8_RTP21400_201112,Scaffold,2793,1,1,385,191.5,1,1,1,1,1,A_TM
GCF_009809025.1,Pediococcus acidilactici,FAM20560,Scaffold,1899,1,1,382,178.2,1,1,1,0,1,B_SP
GCF_052065975.1,Ligilactobacillus salivarius,HCP28S3_C4,Contig,2245,1,0,,,0,0,0,1,1,D_dltE_absent
GCF_002079795.1,Ligilactobacillus salivarius,LMG 14477,Scaffold,2026,1,0,,,0,0,0,1,1,D_dltE_absent
GCF_028335425.1,Enterococcus faecalis,K70-12a,Complete Genome,2586,1,1,388,174.5,1,1,1,1,0,A_TM
GCF_023299705.1,Enterococcus faecalis,AT34,Complete Genome,2566,1,1,388,174.5,1,1,1,1,0,A_TM
GCF_002563535.1,Lactococcus lactis,38,Scaffold,2394,1,0,,,0,0,0,0,0,D_dltE_absent
GCF_009389015.1,Limosilactobacillus reuteri,PTA6_F1,Scaffold,1968,1,0,,,0,0,0,1,1,D_dltE_absent
GCF_002128635.1,Limosilactobacillus reuteri,KLR3003,Contig,1884,1,0,,,0,0,0,1,1,D_dltE_absent
GCF_027682705.1,Lacticaseibacillus paracasei,AF51-2b10A,Scaffold,2811,1,1,385,191.5,1,1,1,1,1,A_TM
GCF_002092515.1,Leuconostoc mesenteroides subsp. cremoris,LMGCF16,Contig,1514,1,1,380,134.8,1,1,1,0,1,A_TM
GCF_002092155.1,Leuconostoc mesenteroides subsp. cremoris,LMGCF04,Contig,1518,1,1,380,134.8,1,1,1,0,1,A_TM
GCF_027674685.1,Lactococcus lactis,AM113-14,Scaffold,2335,1,0,,,0,0,0,0,0,D_dltE_absent
GCF_012045505.1,Enterococcus faecium,BIOPOP-3 WT,Complete Genome,2519,1,1,386,133.2,1,1,1,1,0,A_TM
GCF_043845455.1,Bifidobacterium longum,C232B,Scaffold,2020,0,0,,,0,0,0,0,0,E_no_dlt
GCF_036867705.1,Lactococcus lactis,Lc 19.3,Contig,2538,1,0,,,0,0,0,0,0,D_dltE_absent
GCF_009809535.1,Pediococcus acidilactici,FAM19852,Contig,1923,1,1,382,178.2,1,1,1,0,1,B_SP
GCF_978042965.1,Limosilactobacillus fermentum,-,Contig,1969,1,0,,,0,0,0,1,1,D_dltE_absent
GCF_002831505.1,Enterococcus faecium,LS170308,Complete Genome,2371,1,1,386,136.6,1,1,1,1,0,A_TM
GCF_028335465.1,Enterococcus faecium,K69-1a,Complete Genome,2643,1,1,386,134.9,1,1,1,1,0,A_TM
GCF_052692235.1,Lacticaseibacillus paracasei,H70,Contig,2761,1,1,385,191.5,1,1,1,1,1,A_TM
GCF_027666625.1,Lacticaseibacillus paracasei,AM74-01pH10A,Scaffold,2990,1,1,385,191.2,1,1,1,1,1,A_TM
GCF_030971345.1,Limosilactobacillus fermentum,DRD-84,Scaffold,1732,1,0,,,0,0,0,1,1,D_dltE_absent
GCF_027672965.1,Lactococcus lactis,AM113-57,Scaffold,2335,1,0,,,0,0,0,0,0,D_dltE_absent
GCF_057379425.1,Lacticaseibacillus paracasei,UNCP-H6M08,Contig,3094,1,1,385,192.0,1,1,1,1,1,A_TM
GCF_009808965.1,Pediococcus acidilactici,FAM20622,Contig,1793,1,1,382,168.3,1,1,1,0,1,B_SP
GCF_039757255.1,Lactococcus lactis,1001287st1_A1_1001287H_170206,Scaffold,2419,1,0,,,0,0,0,0,0,D_dltE_absent
GCF_052066135.1,Ligilactobacillus salivarius,HCP28S3_B7,Contig,2243,1,0,,,0,0,0,1,1,D_dltE_absent
GCF_002833125.1,Bifidobacterium longum,APC1473,Contig,1837,0,0,,,0,0,0,0,0,E_no_dlt
GCF_052881015.1,Limosilactobacillus fermentum,Marseille-Q9857,Contig,1904,1,0,,,0,0,0,1,1,D_dltE_absent
GCF_002092465.1,Leuconostoc mesenteroides subsp. cremoris,LMGCF13,Contig,1552,1,1,380,134.8,1,1,1,0,1,A_TM
GCF_059815785.1,Enterococcus faecium,EFA_16_full,Complete Genome,2562,1,1,386,136.6,1,1,1,1,0,A_TM
GCF_002254245.1,Limosilactobacillus reuteri,103o,Scaffold,2075,1,0,,,0,0,0,1,1,D_dltE_absent
GCF_056175425.1,Lactococcus lactis,LMT-2,Contig,2365,1,0,,,0,0,0,0,0,D_dltE_absent
GCF_023300025.1,Enterococcus faecalis,AT41,Complete Genome,2681,1,1,388,176.5,1,1,1,1,0,A_TM
GCF_036793375.1,Enterococcus faecalis,N23-3408,Complete Genome,2622,1,1,388,174.5,1,1,1,1,0,A_TM
GCF_009036045.1,Enterococcus faecium,LAC7.2,Complete Genome,2675,1,1,386,135.2,1,1,1,1,0,A_TM
GCF_963869975.1,Pediococcus acidilactici,-,Contig,1864,1,1,382,167.8,1,1,1,0,1,B_SP
GCF_002092215.1,Leuconostoc mesenteroides subsp. cremoris,LMGCF07,Scaffold,1555,1,1,380,134.8,1,1,1,0,1,A_TM
GCF_003261135.1,Limosilactobacillus fermentum,LF2,Scaffold,1988,1,0,,,0,0,0,1,1,D_dltE_absent
GCF_009809115.1,Pediococcus acidilactici,FAM20623,Contig,1787,1,1,382,168.3,1,1,1,0,1,B_SP
GCF_049180415.1,Limosilactobacillus fermentum,XJC92,Scaffold,1832,1,0,,,0,0,0,1,1,D_dltE_absent
GCF_001634455.1,Pediococcus acidilactici,NRCC1,Contig,1641,1,1,335,135.6,1,1,1,0,0,C_CYTO
GCF_031630235.1,Lacticaseibacillus paracasei,69Bis,Contig,2699,1,1,385,191.5,1,1,1,1,1,A_TM
GCF_027673305.1,Lactococcus lactis,AM113-31,Scaffold,2392,1,0,,,0,0,0,0,0,D_dltE_absent
GCF_009389335.1,Limosilactobacillus reuteri,PTA4_C1,Scaffold,1905,1,0,,,0,0,0,1,1,D_dltE_absent
GCF_002289795.1,Ligilactobacillus salivarius,KLW004,Contig,2286,1,0,,,0,0,0,1,1,D_dltE_absent
GCF_025190605.1,Lacticaseibacillus paracasei,CIRM-BIA 279,Contig,2789,1,1,385,190.6,1,1,1,1,1,A_TM
GCF_015552175.1,Ligilactobacillus salivarius,D6t1_180914_C6,Scaffold,1809,1,0,,,0,0,0,1,1,D_dltE_absent
GCF_030291465.1,Bifidobacterium longum,2248B,Contig,1877,0,0,,,0,0,0,0,0,E_no_dlt
GCF_023375225.1,Enterococcus faecium,S39-7a,Complete Genome,2454,1,1,386,134.9,1,1,1,1,0,A_TM
GCF_015547105.1,Bifidobacterium longum,D46t1_190503_C6,Scaffold,1774,0,0,,,0,0,0,0,0,E_no_dlt
GCF_001638245.1,Pediococcus acidilactici,NRCC3,Contig,1589,1,1,335,135.6,1,1,1,0,1,C_CYTO
GCF_034644175.1,Enterococcus faecium,HRH41,Complete Genome,2480,1,1,386,134.4,1,1,1,1,0,A_TM
GCF_018785685.1,Bifidobacterium longum,MCC265,Scaffold,2017,0,0,,,0,0,0,0,0,E_no_dlt
GCF_025185835.1,Limosilactobacillus fermentum,1019,Contig,1613,1,0,,,0,0,0,1,1,D_dltE_absent
GCF_049944935.1,Leuconostoc mesenteroides subsp. jonggajibkimchii,CBK-10,Contig,1792,1,1,380,134.5,1,1,1,1,1,A_TM
GCF_052084625.1,Enterococcus faecalis,EFSMS07,Complete Genome,2657,1,1,388,182.9,1,1,1,1,0,A_TM
GCF_012843635.1,Limosilactobacillus reuteri,WCA-386-APC-4I,Contig,2210,1,0,,,0,0,0,1,1,D_dltE_absent
GCF_004793875.1,Limosilactobacillus reuteri,NM11_1-41,Contig,2068,1,0,,,0,0,0,1,1,D_dltE_absent
GCF_028335445.1,Enterococcus faecalis,K137-1a,Complete Genome,2575,1,1,388,174.5,1,1,1,1,0,A_TM
GCF_027661185.1,Limosilactobacillus fermentum,AM100_PB1_LT_1D_15A,Scaffold,1821,1,0,,,0,0,0,1,1,D_dltE_absent
GCF_022509245.1,Limosilactobacillus reuteri,QAULRN18,Scaffold,2157,1,0,,,0,0,0,1,1,D_dltE_absent
GCF_039757515.1,Ligilactobacillus salivarius,1001095st1_A1_1001095A_150126,Contig,1953,1,0,,,0,0,0,1,1,D_dltE_absent
GCF_033659225.1,Bifidobacterium longum,YGMCC0650,Contig,1832,0,0,,,0,0,0,0,0,E_no_dlt
GCF_013401955.1,Ligilactobacillus salivarius,FFIG23,Contig,1972,1,0,,,0,0,0,1,1,D_dltE_absent
GCF_963869565.1,Pediococcus acidilactici,-,Contig,1991,1,1,382,167.8,1,1,1,0,1,B_SP
GCF_007989505.1,Leuconostoc mesenteroides subsp. sake,NBRC 102481,Contig,1665,1,1,380,132.0,1,1,1,0,1,A_TM
GCF_030264755.1,Enterococcus faecalis,90_2023,Complete Genome,2662,1,1,388,176.2,1,1,1,1,0,A_TM
GCF_049944875.1,Leuconostoc mesenteroides subsp. jonggajibkimchii,SBK-8,Contig,2009,1,1,380,134.6,1,1,1,1,1,A_TM
GCF_003712625.1,Lacticaseibacillus paracasei,FAM19404,Contig,2450,1,1,385,192.0,1,1,1,1,1,A_TM
GCF_001703935.1,Limosilactobacillus reuteri,484_39,Scaffold,2157,1,0,,,0,0,0,1,1,D_dltE_absent
GCF_027692565.1,Lacticaseibacillus paracasei,OF39-26pH5A,Scaffold,2834,1,1,385,191.2,1,1,1,1,1,A_TM
GCF_013401855.1,Ligilactobacillus salivarius,FFIG58,Contig,1927,1,0,,,0,0,0,1,0,D_dltE_absent
GCF_049389655.1,Enterococcus faecium,RX-23,Complete Genome,2594,1,1,386,134.9,1,1,1,1,0,A_TM
GCF_900157075.1,Bifidobacterium longum,-,Contig,2442,0,0,,,0,0,0,0,0,E_no_dlt
GCF_039757275.1,Lactococcus lactis,1001216st1_H3_1001216I_160404,Scaffold,2425,1,0,,,0,0,0,0,0,D_dltE_absent
GCF_020844125.1,Enterococcus faecalis,AR_0780,Complete Genome,2561,1,1,388,180.2,1,1,1,1,0,A_TM
GCF_045348115.1,Enterococcus faecalis,HMRC07H23,Complete Genome,2480,1,1,388,180.2,1,1,1,1,0,A_TM
GCF_000756355.1,Leuconostoc mesenteroides P45,P45,Contig,1795,1,1,380,135.4,1,1,1,1,1,A_TM
GCF_963868565.1,Pediococcus acidilactici,-,Contig,1869,1,1,382,167.8,1,1,1,0,1,B_SP
GCF_039734045.1,Lactococcus lactis,1001216st1_F7_1001216I_160404,Scaffold,2391,1,0,,,0,0,0,0,0,D_dltE_absent
GCF_006337145.1,Enterococcus faecium,HB-1,Complete Genome,2475,1,1,386,132.8,1,1,1,1,0,A_TM
GCF_013401965.1,Ligilactobacillus salivarius,FFIG53,Contig,1913,1,0,,,0,0,0,1,1,D_dltE_absent
GCF_003475865.1,Bifidobacterium longum,AF30-11,Scaffold,1782,0,0,,,0,0,0,0,0,E_no_dlt
GCF_053901765.1,Limosilactobacillus fermentum,2prt,Contig,1883,1,0,,,0,0,0,1,1,D_dltE_absent
GCF_027693445.1,Lacticaseibacillus paracasei,OF26-11pH5A,Scaffold,3063,1,1,385,193.0,1,1,1,1,1,A_TM
GCF_000949485.1,Lacticaseibacillus paracasei,DSM 20207,Contig,2840,1,1,385,192.1,1,1,1,1,1,A_TM
GCF_022509325.1,Limosilactobacillus fermentum,QAULFN64,Scaffold,1791,1,0,,,0,0,0,1,1,D_dltE_absent
GCF_009389425.1,Limosilactobacillus reuteri,PTA1_C1,Scaffold,1880,1,0,,,0,0,0,1,1,D_dltE_absent
GCF_049180515.1,Limosilactobacillus fermentum,XJC42,Scaffold,1786,1,0,,,0,0,0,1,1,D_dltE_absent
GCF_028776065.1,Pediococcus acidilactici,ISO17,Scaffold,2234,1,1,382,174.4,1,1,1,0,1,B_SP
GCF_000159395.1,Ligilactobacillus salivarius DSM 20555 = ATCC 11741,ATCC 11741,Scaffold,1893,1,0,,,0,0,0,1,1,D_dltE_absent
GCF_040192835.1,Lactococcus lactis,SZ1-15,Scaffold,2589,1,0,,,0,0,0,0,0,D_dltE_absent
GCF_023893655.1,Lactococcus lactis,AM1,Contig,2681,1,0,,,0,0,0,0,0,D_dltE_absent
GCF_030064735.1,Enterococcus faecium,XJ78NG,Complete Genome,2454,1,1,386,134.9,1,1,1,1,0,A_TM
GCF_001461015.1,Pediococcus acidilactici,S1,Contig,1867,1,1,379,174.4,1,1,1,0,0,B_SP
GCF_050472755.1,Enterococcus faecalis,C1577,Complete Genome,2555,1,1,388,173.0,1,1,1,1,0,A_TM
GCF_022509365.1,Limosilactobacillus fermentum,QAULFN56,Scaffold,1791,1,0,,,0,0,0,1,1,D_dltE_absent
GCF_015595005.1,Lacticaseibacillus paracasei,1001270B_150601_G2,Scaffold,2793,1,1,385,191.5,1,1,1,1,1,A_TM
GCF_027676165.1,Lactococcus lactis,UN03-201,Scaffold,2523,1,0,,,0,0,0,0,0,D_dltE_absent
GCF_028335225.1,Enterococcus faecium,K191-3,Complete Genome,2580,1,1,386,134.9,1,1,1,1,0,A_TM
GCF_033658845.1,Bifidobacterium longum,YGMCC0483,Contig,2232,0,0,,,0,0,0,0,0,E_no_dlt
GCF_028335485.1,Enterococcus faecium,K188-5,Complete Genome,2575,1,1,386,134.9,1,1,1,1,0,A_TM
GCF_020784775.1,Limosilactobacillus reuteri,O_Ruby_8_1,Scaffold,1868,1,0,,,0,0,0,1,1,D_dltE_absent
GCF_049180435.1,Limosilactobacillus fermentum,JLM10,Contig,1782,1,0,,,0,0,0,1,1,D_dltE_absent
GCF_027659165.1,Lacticaseibacillus paracasei,AM104-60,Scaffold,2822,1,1,385,191.5,1,1,1,1,1,A_TM
GCF_000526815.1,Pediococcus acidilactici AGR20,AGR20,Contig,1770,1,1,382,176.0,1,1,1,0,1,B_SP
GCF_015669505.1,Pediococcus acidilactici,1001095A_150126_C3,Contig,1889,1,1,379,173.8,1,1,1,0,1,B_SP
GCF_000260335.1,Ligilactobacillus salivarius SMXD51,SMXD51,Scaffold,1713,1,0,,,0,0,0,1,1,D_dltE_absent
GCF_029664565.1,Lactococcus lactis,3,Contig,2728,1,0,,,0,0,0,0,0,D_dltE_absent
GCF_028320385.1,Lacticaseibacillus paracasei,1001270st1_F8_1001270H_150608,Scaffold,2795,1,1,385,191.5,1,1,1,1,1,A_TM
GCF_963869855.1,Pediococcus acidilactici,-,Contig,1893,1,1,382,167.8,1,1,1,0,1,B_SP
GCF_025800645.1,Enterococcus faecium,IC25,Complete Genome,2564,1,1,389,149.6,1,1,1,1,0,A_TM
GCF_018219285.1,Enterococcus faecium,PR05720-3,Complete Genome,2604,1,1,386,132.7,1,1,1,1,0,A_TM
GCF_050352255.1,Lactococcus lactis,FV3-101,Scaffold,2556,1,0,,,0,0,0,0,0,D_dltE_absent
GCF_039751275.1,Lacticaseibacillus paracasei,1001270st1_E3_RTP21400_201112,Scaffold,2810,1,1,385,191.5,1,1,1,1,1,A_TM
GCF_041413225.1,Limosilactobacillus fermentum,SN4-1,Scaffold,1856,1,0,,,0,0,0,1,1,D_dltE_absent
GCF_049180495.1,Limosilactobacillus fermentum,JLL28,Scaffold,1784,1,0,,,0,0,0,1,1,D_dltE_absent
GCF_019128095.1,Bifidobacterium longum,MSK.19.82,Contig,2069,0,0,,,0,0,0,0,0,E_no_dlt
GCF_050350435.1,Lactococcus lactis,FV2-201,Scaffold,2525,1,0,,,0,0,0,0,0,D_dltE_absent
GCF_050474485.1,Enterococcus faecalis,C1473,Complete Genome,2512,1,1,388,180.2,1,1,1,1,0,A_TM
GCF_053471105.1,Limosilactobacillus fermentum,Lf4,Contig,1889,1,0,,,0,0,0,1,1,D_dltE_absent
GCF_000179475.1,Ligilactobacillus salivarius ACS-116-V-Col5a,ACS-116-V-Col5a,Contig,1971,1,0,,,0,0,0,0,1,D_dltE_absent
GCF_030291375.1,Bifidobacterium longum,2247B,Contig,1974,0,0,,,0,0,0,0,0,E_no_dlt
GCF_025958085.1,Enterococcus faecalis,BE45,Complete Genome,2555,1,1,388,180.2,1,1,1,1,0,A_TM
GCF_019128395.1,Bifidobacterium longum,MSK.19.50,Contig,2068,0,0,,,0,0,0,0,0,E_no_dlt
GCF_023299325.1,Enterococcus faecium,AT47b,Complete Genome,2529,1,1,386,136.6,1,1,1,1,0,A_TM
GCF_000215465.1,Ligilactobacillus salivarius NIAS840,NIAS840,Contig,1857,1,0,,,0,0,0,1,1,D_dltE_absent
GCF_002128715.1,Limosilactobacillus reuteri,KLR2004,Contig,1842,1,0,,,0,0,0,1,1,D_dltE_absent
GCF_009389325.1,Limosilactobacillus reuteri,PTA4_C2,Scaffold,1932,1,0,,,0,0,0,1,1,D_dltE_absent
GCF_027672865.1,Lactococcus lactis,AM113-60,Scaffold,2393,1,0,,,0,0,0,0,0,D_dltE_absent
GCF_019175425.1,Enterococcus faecium,F88,Complete Genome,2658,1,1,386,134.9,1,1,1,1,0,A_TM
GCF_004022295.1,Pediococcus acidilactici,LPBC161,Scaffold,1846,1,1,379,173.8,1,1,1,0,1,B_SP
GCF_000163095.1,Pediococcus acidilactici 7_4,7_4,Scaffold,1889,1,1,382,169.8,1,1,1,0,1,B_SP
GCF_030215365.1,Lacticaseibacillus paracasei,UMB7433B,Contig,2816,1,1,385,192.1,1,1,1,1,1,A_TM
GCF_003732605.1,Limosilactobacillus fermentum,DISK26,Contig,1936,1,0,,,0,0,0,1,1,D_dltE_absent
GCF_023299585.1,Enterococcus faecalis,AT40a,Complete Genome,2680,1,1,388,182.9,1,1,1,1,0,A_TM
GCF_016890245.1,Lacticaseibacillus paracasei,YT170,Scaffold,2863,1,1,385,191.5,1,1,1,1,1,A_TM
GCF_037198295.1,Enterococcus faecalis,B05,Complete Genome,2492,1,1,388,179.7,1,1,1,1,0,A_TM
GCF_020785025.1,Limosilactobacillus reuteri,SM_1_4_1,Scaffold,1856,1,0,,,0,0,0,1,1,D_dltE_absent
GCF_003434205.1,Lacticaseibacillus paracasei,AM33-2AC,Scaffold,2817,1,1,385,191.5,1,1,1,1,1,A_TM
GCF_023746575.1,Enterococcus faecalis,M9,Complete Genome,2706,1,1,388,179.7,1,1,1,1,0,A_TM
GCF_036621915.1,Limosilactobacillus reuteri,pg-3b,Scaffold,1778,1,0,,,0,0,0,1,1,D_dltE_absent
GCF_000235805.1,Pediococcus acidilactici MA18/5M,MA18/5M,Contig,1831,1,1,382,169.9,1,1,1,0,1,B_SP
GCF_007096415.1,Lactococcus lactis,MRS45.2,Contig,2651,1,0,,,0,0,0,0,0,D_dltE_absent
GCF_023896335.1,Limosilactobacillus reuteri,PH-3,Scaffold,1811,1,0,,,0,0,0,1,1,D_dltE_absent
GCF_005166365.1,Enterococcus faecium,NM213,Complete Genome,2576,1,1,386,134.9,1,1,1,1,0,A_TM
GCF_025190495.1,Lacticaseibacillus paracasei,CIRM-BIA 288,Contig,2910,1,1,397,163.1,1,1,1,1,1,A_TM
GCF_033659825.1,Bifidobacterium longum,YGMCC0969,Contig,2232,0,0,,,0,0,0,0,0,E_no_dlt
GCF_019175525.1,Enterococcus faecium,AVS0243,Complete Genome,2362,1,1,386,130.7,1,1,1,1,0,A_TM
GCF_029334835.1,Limosilactobacillus fermentum,MehediL1,Contig,1687,1,0,,,0,0,0,1,1,D_dltE_absent
GCF_018916825.1,Lactococcus lactis,N35,Contig,2394,1,0,,,0,0,0,0,0,D_dltE_absent
GCF_000217735.1,Ligilactobacillus salivarius GJ-24,GJ-24,Contig,1825,1,0,,,0,0,0,1,1,D_dltE_absent
GCF_978044665.1,Limosilactobacillus fermentum,-,Contig,1872,1,0,,,0,0,0,1,1,D_dltE_absent
GCF_027672665.1,Lactococcus lactis,AM113-77,Scaffold,2322,1,0,,,0,0,0,0,0,D_dltE_absent
GCF_019128185.1,Bifidobacterium longum,MSK.19.75,Contig,2071,0,0,,,0,0,0,0,0,E_no_dlt
GCF_932750895.1,Lactococcus lactis,-,Contig,2497,1,0,,,0,0,0,0,0,D_dltE_absent
GCF_033659445.1,Bifidobacterium longum,YGMCC0767,Contig,1803,0,0,,,0,0,0,0,0,E_no_dlt
GCF_036430865.1,Lacticaseibacillus paracasei,FI11579,Contig,2946,1,1,401,198.8,1,1,1,1,1,A_TM
GCF_028335205.1,Enterococcus faecium,K195-6b,Complete Genome,2523,1,1,386,134.9,1,1,1,1,0,A_TM
GCF_964262845.1,Lacticaseibacillus paracasei,-,Contig,2881,1,1,385,190.6,1,1,1,1,1,A_TM
GCF_039063325.1,Bifidobacterium longum,1033st1_F6_1033SCRN_220408,Scaffold,1783,0,0,,,0,0,0,0,0,E_no_dlt
GCF_023299425.1,Enterococcus faecalis,AT48,Complete Genome,2714,1,1,388,179.7,1,1,1,1,0,A_TM
GCF_030939605.1,Limosilactobacillus fermentum,N 2,Contig,1823,1,0,,,0,0,0,1,1,D_dltE_absent
GCF_033815825.1,Enterococcus faecalis,ES-110-1,Complete Genome,2556,1,1,388,180.2,1,1,1,1,0,A_TM
GCF_027533725.1,Lactococcus lactis,BR-MHR539,Contig,2327,1,0,,,0,0,0,0,0,D_dltE_absent
GCF_028462605.1,Limosilactobacillus reuteri,92071,Contig,2184,1,0,,,0,0,0,1,1,D_dltE_absent
GCF_028335305.1,Enterococcus faecalis,K198-1,Complete Genome,2581,1,1,388,180.2,1,1,1,1,0,A_TM
GCF_020785505.1,Limosilactobacillus reuteri,ME-261,Scaffold,2030,1,0,,,0,0,0,1,1,D_dltE_absent
GCF_026797475.1,Lacticaseibacillus paracasei,CBP-1042,Scaffold,2858,1,1,385,191.5,1,1,1,1,1,A_TM
GCF_023299805.1,Enterococcus faecium,AT02,Complete Genome,2465,1,1,386,130.7,1,1,1,1,0,A_TM
GCF_020784995.1,Limosilactobacillus reuteri,6A,Scaffold,1916,1,0,,,0,0,0,1,1,D_dltE_absent
GCF_001587115.1,Enterococcus faecium,UW8175,Complete Genome,2625,1,1,386,130.7,1,1,1,1,0,A_TM
GCF_036268395.1,Enterococcus faecalis,CF3A-253,Complete Genome,2645,1,1,388,179.7,1,1,1,1,0,A_TM
GCF_053471125.1,Limosilactobacillus fermentum,Lf3,Contig,1926,1,0,,,0,0,0,1,1,D_dltE_absent
GCF_019175465.1,Enterococcus faecium,F179,Complete Genome,2585,1,1,386,134.9,1,1,1,1,0,A_TM
GCF_053471085.1,Limosilactobacillus fermentum,Lf5,Contig,1955,1,0,,,0,0,0,1,1,D_dltE_absent
GCF_009389255.1,Limosilactobacillus reuteri,PTA5_F11,Scaffold,1826,1,0,,,0,0,0,1,1,D_dltE_absent
GCF_033658785.1,Bifidobacterium longum,YGMCC0478,Contig,1995,0,0,,,0,0,0,0,0,E_no_dlt
GCF_025191505.1,Limosilactobacillus fermentum,CIRM-BIA 866,Contig,1984,1,0,,,0,0,0,1,1,D_dltE_absent
GCF_002833205.1,Bifidobacterium longum,APC1462,Contig,1973,0,0,,,0,0,0,0,0,E_no_dlt
GCF_003574925.1,Enterococcus faecium,HY07,Complete Genome,2500,1,1,386,133.1,1,1,1,1,0,A_TM
GCF_031930345.1,Lactococcus lactis,Y75,Scaffold,2764,1,0,,,0,0,0,0,0,D_dltE_absent
GCF_003437135.1,Bifidobacterium longum,TF07-31,Scaffold,1994,0,0,,,0,0,0,0,0,E_no_dlt
GCF_025189205.1,Lactococcus lactis,CIRM-BIA 644,Contig,2458,1,0,,,0,0,0,0,0,D_dltE_absent
GCF_055700135.1,Limosilactobacillus fermentum,B2,Contig,1911,1,0,,,0,0,0,1,1,D_dltE_absent
GCF_054031615.1,Lacticaseibacillus paracasei,51f,Contig,2666,1,1,385,192.1,1,1,1,1,0,A_TM
GCF_030971425.1,Lactococcus lactis,DRD-51,Scaffold,2374,1,0,,,0,0,0,0,0,D_dltE_absent
GCF_002115655.1,Lacticaseibacillus paracasei,DmW_181,Contig,3012,1,1,385,193.0,1,1,1,1,1,A_TM
GCF_002833015.1,Bifidobacterium longum,DPC6316,Contig,1931,0,0,,,0,0,0,0,0,E_no_dlt
GCF_023299645.1,Enterococcus faecalis,AT50,Complete Genome,2538,1,1,388,180.2,1,1,1,1,0,A_TM
GCF_030939115.1,Lacticaseibacillus paracasei,AV 2-1,Contig,2911,1,1,385,193.0,1,1,1,1,1,A_TM
GCF_030295445.1,Enterococcus faecalis,JARB-HU0796,Complete Genome,2643,1,1,388,182.9,1,1,1,1,0,A_TM
GCF_058193255.1,Lactococcus lactis,RP_BS_1_LAD06,Scaffold,2674,1,0,,,0,0,0,0,0,D_dltE_absent
GCF_015377745.1,Enterococcus faecalis,TK-P4B,Complete Genome,2487,1,1,388,179.7,1,1,1,1,0,A_TM
GCF_050313935.1,Limosilactobacillus reuteri,SGI.135,Contig,1848,1,0,,,0,0,0,1,1,D_dltE_absent
GCF_009389285.1,Limosilactobacillus reuteri,PTA5_F4,Scaffold,1981,1,0,,,0,0,0,1,1,D_dltE_absent
GCF_039566645.1,Lacticaseibacillus paracasei,A191,Contig,2803,1,1,385,192.0,1,1,1,1,1,A_TM
GCF_009389435.1,Limosilactobacillus reuteri,PTA1_C3,Scaffold,1870,1,0,,,0,0,0,1,1,D_dltE_absent
GCF_004101385.1,Enterococcus faecium,SRCM103341,Complete Genome,2512,1,1,386,133.0,1,1,1,1,0,A_TM
GCF_004332055.1,Enterococcus faecium,FSIS1608820,Complete Genome,2387,1,1,386,134.9,1,1,1,1,0,A_TM
GCF_052084575.1,Enterococcus faecalis,EFSMS88,Complete Genome,2542,1,1,388,178.7,1,1,1,1,0,A_TM
GCF_056619865.1,Enterococcus faecium,E464,Complete Genome,2536,1,1,386,134.9,1,1,1,1,0,A_TM
GCF_037164145.1,Limosilactobacillus fermentum,BIL24,Contig,1896,1,0,,,0,0,0,1,1,D_dltE_absent
GCF_025211175.1,Limosilactobacillus fermentum,447,Scaffold,1935,1,0,,,0,0,0,1,1,D_dltE_absent
GCF_020784755.1,Limosilactobacillus reuteri,O_Ruby_9_1,Scaffold,1852,1,0,,,0,0,0,1,1,D_dltE_absent
GCF_040347895.1,Limosilactobacillus fermentum,ICIS23,Scaffold,2057,1,0,,,0,0,0,1,1,D_dltE_absent
GCF_002075935.1,Bifidobacterium longum,1897B,Contig,2021,0,0,,,0,0,0,0,0,E_no_dlt
GCF_033658625.1,Bifidobacterium longum,YGMCC0388,Contig,1983,0,0,,,0,0,0,0,0,E_no_dlt
GCF_008330605.1,Enterococcus faecium,DMEA02,Complete Genome,2443,1,1,386,133.0,1,1,1,1,0,A_TM
GCF_015560565.1,Bifidobacterium longum,1001302B_160321_G1,Scaffold,1936,0,0,,,0,0,0,0,0,E_no_dlt
GCF_003838345.1,Lactococcus lactis,641-C8,Scaffold,2293,1,0,,,0,0,0,0,0,D_dltE_absent
GCF_027676135.1,Lactococcus lactis,UN03-203,Scaffold,2564,1,0,,,0,0,0,0,0,D_dltE_absent
GCF_978043105.1,Limosilactobacillus fermentum,-,Contig,2015,1,0,,,0,0,0,1,1,D_dltE_absent
GCF_025189065.1,Lactococcus lactis,CIRM-BIA 44,Contig,2462,1,0,,,0,0,0,0,0,D_dltE_absent
GCF_012931965.1,Lacticaseibacillus paracasei,LPC37,Contig,2812,1,1,385,191.5,1,1,1,1,1,A_TM
GCF_039751255.1,Lacticaseibacillus paracasei,1001270st1_G8_RTP21400_201112,Scaffold,2812,1,1,385,191.5,1,1,1,1,1,A_TM
GCF_003437455.1,Bifidobacterium longum,TM01-1,Scaffold,1884,0,0,,,0,0,0,0,0,E_no_dlt
GCF_025544855.1,Lacticaseibacillus paracasei,M38,Scaffold,2891,1,1,401,198.9,1,1,1,1,1,A_TM
GCF_028335665.1,Enterococcus faecalis,K80-2b,Complete Genome,2527,1,1,388,174.5,1,1,1,1,0,A_TM
GCF_900636775.1,Enterococcus faecalis,NCTC8745,Complete Genome,2490,1,1,388,180.2,1,1,1,1,0,A_TM
GCF_053879795.1,Lactococcus lactis,C8_26,Contig,2430,1,0,,,0,0,0,0,0,D_dltE_absent
GCF_052084565.1,Enterococcus faecalis,EFSMS39,Complete Genome,2599,1,1,388,180.2,1,1,1,1,0,A_TM
GCF_002128685.1,Limosilactobacillus reuteri,KLR3005,Contig,2141,1,0,,,0,0,0,1,1,D_dltE_absent
GCF_050314775.1,Limosilactobacillus reuteri,SGI.072,Contig,1959,1,0,,,0,0,0,1,1,D_dltE_absent
GCF_001076935.1,Lacticaseibacillus paracasei,525_LPAR,Scaffold,2863,1,1,385,192.1,1,1,1,1,1,A_TM
GCF_002112245.1,Limosilactobacillus reuteri,CSF8,Scaffold,1832,1,0,,,0,0,0,1,1,D_dltE_absent
GCF_030719015.1,Enterococcus faecium,TC64_3x4995_20_TV8,Complete Genome,2410,1,1,386,133.4,1,1,1,1,0,A_TM
GCF_025916235.1,Enterococcus faecium,T17-1,Complete Genome,2594,1,1,386,130.7,1,1,1,1,0,A_TM
GCF_023375245.1,Enterococcus faecalis,S11-6,Complete Genome,2527,1,1,388,174.5,1,1,1,1,0,A_TM
GCF_053901725.1,Limosilactobacillus fermentum,277,Contig,1873,1,0,,,0,0,0,1,1,D_dltE_absent
GCF_900639635.1,Enterococcus faecium,-,Complete Genome,2570,1,1,386,135.2,1,1,1,1,0,A_TM
GCF_037168225.1,Limosilactobacillus fermentum,BIL20,Contig,1898,1,0,,,0,0,0,1,1,D_dltE_absent
GCF_978043495.1,Limosilactobacillus reuteri,-,Contig,1691,1,0,,,0,0,0,1,1,D_dltE_absent
GCF_005844115.1,Bifidobacterium longum,BSD2780061688st2_H1,Scaffold,1835,0,0,,,0,0,0,0,0,E_no_dlt
GCF_978044515.1,Limosilactobacillus fermentum,-,Contig,1911,1,0,,,0,0,0,1,1,D_dltE_absent
GCF_003465545.1,Bifidobacterium longum,AF08-2,Scaffold,2120,0,0,,,0,0,0,0,0,E_no_dlt
GCF_016743855.1,Enterococcus faecium,fac90,Complete Genome,2499,1,1,386,136.5,1,1,1,1,0,A_TM
GCF_027672695.1,Lactococcus lactis,AM113-76,Scaffold,2323,1,0,,,0,0,0,0,0,D_dltE_absent
GCF_015551415.1,Bifidobacterium longum,BSD2780061688_150302_C8,Scaffold,1852,0,0,,,0,0,0,0,0,E_no_dlt
GCF_007097625.1,Lactococcus lactis,MRS76.5,Contig,2611,1,0,,,0,0,0,0,0,D_dltE_absent
GCF_025191825.1,Limosilactobacillus fermentum,CIRM-BIA 1951,Contig,1808,1,0,,,0,0,0,1,1,D_dltE_absent
GCF_040909465.1,Lacticaseibacillus paracasei,1001270st1_B5_RTP21361_211029,Scaffold,2782,1,1,385,191.5,1,1,1,1,1,A_TM
GCF_009497135.1,Lactococcus lactis,A12,Contig,2357,1,0,,,0,0,0,0,0,D_dltE_absent
GCF_028613785.1,Lacticaseibacillus paracasei,H0104,Scaffold,2971,1,1,385,190.6,1,1,1,1,1,A_TM
GCF_003471245.1,Bifidobacterium longum,AM21-20,Scaffold,1849,0,0,,,0,0,0,0,0,E_no_dlt
GCF_002355755.1,Enterococcus faecalis,W11,Complete Genome,2486,1,1,388,178.7,1,1,1,1,0,A_TM
GCF_000309785.1,Lacticaseibacillus paracasei,Lpc-37,Contig,2814,1,1,385,191.5,1,1,1,1,1,A_TM
GCF_023299465.1,Enterococcus faecalis,LS05-1,Complete Genome,2527,1,1,388,174.5,1,1,1,1,0,A_TM
GCF_003839745.1,Lactococcus lactis,L62-G9,Scaffold,2688,1,0,,,0,0,0,0,0,D_dltE_absent
GCF_978044675.1,Limosilactobacillus reuteri,-,Contig,1668,1,0,,,0,0,0,1,1,D_dltE_absent
GCF_028335505.1,Enterococcus faecalis,K194-1,Complete Genome,2527,1,1,388,174.5,1,1,1,1,0,A_TM
GCF_020785675.1,Limosilactobacillus reuteri,T1,Scaffold,2374,1,0,,,0,0,0,1,1,D_dltE_absent
GCF_008369945.1,Lacticaseibacillus paracasei,DTA93,Scaffold,2784,1,1,401,198.9,1,1,1,1,1,A_TM
GCF_056336105.1,Enterococcus faecium,EF_MMX,Complete Genome,2494,1,1,386,137.6,1,1,1,1,0,A_TM
GCF_020785185.1,Limosilactobacillus reuteri,AG_3_1_1,Scaffold,1842,1,0,,,0,0,0,1,1,D_dltE_absent
GCF_041199415.1,Enterococcus faecium,ww_sludge_ent_V1_zoecandies_230529,Complete Genome,2572,1,1,386,134.4,1,1,1,1,0,A_TM
GCF_029011255.1,Enterococcus faecalis,VSI48,Complete Genome,2518,1,1,388,177.2,1,1,1,1,0,A_TM
GCF_025191635.1,Limosilactobacillus fermentum,CIRM-BIA 2154,Contig,1981,1,0,,,0,0,0,1,1,D_dltE_absent
GCF_001298485.1,Enterococcus faecium,64/3,Complete Genome,2360,1,1,386,133.4,1,1,1,1,0,A_TM
GCF_016918895.1,Limosilactobacillus fermentum,NKN-51,Scaffold,1767,1,0,,,0,0,0,1,1,D_dltE_absent
GCF_020784315.1,Limosilactobacillus reuteri,O_Tuki_6_1,Scaffold,1829,1,0,,,0,0,0,1,1,D_dltE_absent
GCF_033344605.1,Bifidobacterium longum,YGMCC0005,Contig,1881,0,0,,,0,0,0,0,0,E_no_dlt
GCF_978044375.1,Limosilactobacillus fermentum,-,Contig,1904,1,0,,,0,0,0,1,1,D_dltE_absent
GCF_015558685.1,Bifidobacterium longum,BSD2780061688b_171218_H1,Scaffold,1834,0,0,,,0,0,0,0,0,E_no_dlt
GCF_021560195.1,Enterococcus faecium,P47,Complete Genome,2522,1,1,386,136.6,1,1,1,1,0,A_TM
GCF_050351135.1,Lactococcus lactis,FV66-201,Scaffold,2969,1,0,,,0,0,0,0,0,D_dltE_absent
GCF_047308325.1,Bifidobacterium longum,PT8,Contig,1811,0,0,,,0,0,0,0,0,E_no_dlt
GCF_013007555.1,Lactococcus lactis,SS45,Contig,2423,1,0,,,0,0,0,0,0,D_dltE_absent
GCF_014830195.1,Limosilactobacillus fermentum,HPLD,Contig,1932,1,0,,,0,0,0,1,1,D_dltE_absent
GCF_057379305.1,Lacticaseibacillus paracasei,UNCP-H3M25,Contig,2829,1,1,385,191.2,1,1,1,1,1,A_TM
GCF_027673065.1,Lactococcus lactis,AM113-53,Scaffold,2478,1,0,,,0,0,0,0,0,D_dltE_absent
GCF_052616265.1,Lacticaseibacillus paracasei,AAHM-LP2301,Contig,2860,1,1,385,191.5,1,1,1,1,1,A_TM
GCF_039759275.1,Bifidobacterium longum,1010st1_E10_1010SCRN_200918,Scaffold,1906,0,0,,,0,0,0,0,0,E_no_dlt
GCF_030512425.1,Enterococcus faecalis,HL1,Complete Genome,2458,1,1,388,179.7,1,1,1,1,0,A_TM
GCF_003712835.1,Lacticaseibacillus paracasei,FAM8407,Scaffold,2716,1,1,401,196.8,1,1,1,1,1,A_TM
GCF_030020745.1,Enterococcus faecalis,EfsC8,Complete Genome,2528,1,1,388,177.2,1,1,1,1,0,A_TM
GCF_027706825.1,Lactococcus lactis,DRD-203,Scaffold,2465,1,0,,,0,0,0,0,0,D_dltE_absent
GCF_023299485.1,Enterococcus faecalis,LS05-2,Complete Genome,2482,1,1,388,175.2,1,1,1,1,0,A_TM
GCF_020785595.1,Limosilactobacillus reuteri,SR11,Scaffold,2143,1,0,,,0,0,0,1,1,D_dltE_absent
GCF_020785715.1,Limosilactobacillus reuteri,tu160,Scaffold,1927,1,0,,,0,0,0,1,1,D_dltE_absent
GCF_982235395.1,Lacticaseibacillus paracasei,-,Contig,2842,1,1,385,191.3,1,1,1,1,1,A_TM
GCF_003174935.1,Limosilactobacillus reuteri,LR3,Scaffold,2347,1,0,,,0,0,0,1,1,D_dltE_absent
GCF_030643745.1,Enterococcus faecium,CX2-6,Complete Genome,2318,1,1,386,133.0,1,1,1,1,0,A_TM
GCF_046101795.1,Enterococcus faecium,ES,Complete Genome,2510,1,1,386,134.9,1,1,1,1,0,A_TM
GCF_036266595.1,Enterococcus faecalis,CF3A-343,Complete Genome,2743,1,1,388,179.7,1,1,1,1,0,A_TM
GCF_025800625.1,Enterococcus faecium,BTF71-1,Complete Genome,2491,1,1,386,136.6,1,1,1,1,0,A_TM
GCF_025191705.1,Limosilactobacillus fermentum,CIRM-BIA 697,Contig,1898,1,0,,,0,0,0,1,1,D_dltE_absent
GCF_056783175.1,Limosilactobacillus fermentum,K1,Contig,1732,1,0,,,0,0,0,0,1,D_dltE_absent
GCF_978043575.1,Limosilactobacillus reuteri,-,Contig,1686,1,0,,,0,0,0,1,1,D_dltE_absent
GCF_002798075.1,Limosilactobacillus fermentum,NCDC 400,Scaffold,1751,1,0,,,0,0,0,1,1,D_dltE_absent
GCF_056356395.1,Bifidobacterium longum,LH_543,Contig,2012,0,0,,,0,0,0,0,0,E_no_dlt
GCF_003475835.1,Bifidobacterium longum,AF30-12,Scaffold,1790,0,0,,,0,0,0,0,0,E_no_dlt
GCF_018516845.1,Enterococcus faecium,18-465,Complete Genome,2287,1,1,386,132.5,1,1,1,1,0,A_TM
GCF_001595465.1,Bifidobacterium longum,379,Contig,1936,0,0,,,0,0,0,0,0,E_no_dlt
GCF_013423685.1,Lactococcus lactis,SP2C4,Scaffold,2495,1,0,,,0,0,0,0,0,D_dltE_absent
GCF_056478825.1,Lactococcus lactis,F01,Contig,2401,1,0,,,0,0,0,0,0,D_dltE_absent
GCF_038739575.1,Limosilactobacillus fermentum,GiZ03,Scaffold,1883,1,0,,,0,0,0,1,1,D_dltE_absent
GCF_027673085.1,Lactococcus lactis,AM113-46,Scaffold,2332,1,0,,,0,0,0,0,0,D_dltE_absent
GCF_001982085.1,Lacticaseibacillus paracasei,RI-194,Scaffold,2871,1,1,385,192.1,1,1,1,1,1,A_TM
GCF_025190725.1,Lacticaseibacillus paracasei,CIRM-BIA 699,Contig,2874,1,1,385,191.5,1,1,1,1,1,A_TM
GCF_040091915.1,Bifidobacterium longum,CLA-JM-H30B,Contig,1944,0,0,,,0,0,0,0,0,E_no_dlt
GCF_009679505.1,Lacticaseibacillus paracasei,BIOML-A1,Contig,2417,1,1,385,192.0,1,1,1,1,1,A_TM
GCF_014844235.1,Enterococcus faecalis,EGM183,Complete Genome,2540,1,1,388,180.2,1,1,1,1,0,A_TM
GCF_023375545.1,Enterococcus faecalis,1521,Complete Genome,2527,1,1,388,175.2,1,1,1,1,0,A_TM
GCF_029874895.1,Lactococcus lactis,FME150,Contig,2578,1,0,,,0,0,0,0,0,D_dltE_absent
GCF_005484525.1,Enterococcus faecalis,SGAir0397,Complete Genome,2421,1,1,388,179.7,1,1,1,1,0,A_TM
GCF_009389205.1,Limosilactobacillus reuteri,PTA5_C4,Scaffold,1908,1,0,,,0,0,0,1,1,D_dltE_absent
GCF_003174875.1,Limosilactobacillus reuteri,LR8,Scaffold,2251,1,0,,,0,0,0,1,1,D_dltE_absent
GCF_009823605.1,Lacticaseibacillus paracasei,DTA72,Scaffold,2925,1,1,401,198.9,1,1,1,1,1,A_TM
GCF_020785545.1,Limosilactobacillus reuteri,SR14,Scaffold,2144,1,0,,,0,0,0,1,1,D_dltE_absent
GCF_023375385.1,Enterococcus faecium,264a,Complete Genome,2462,1,1,386,134.9,1,1,1,1,0,A_TM
GCF_030295785.1,Enterococcus faecium,K6D,Complete Genome,2608,1,1,386,134.9,1,1,1,1,0,A_TM
GCF_023299525.1,Enterococcus faecalis,LS06-1,Complete Genome,2501,1,1,388,176.2,1,1,1,1,0,A_TM
GCF_007923665.2,Enterococcus faecium,SCBC1,Complete Genome,2288,1,1,386,136.6,1,1,1,1,0,A_TM
GCF_025191755.1,Limosilactobacillus fermentum,CIRM-BIA 2235,Contig,1907,1,0,,,0,0,0,1,1,D_dltE_absent
GCF_029334875.1,Limosilactobacillus fermentum,MehediL3,Contig,1718,1,0,,,0,0,0,1,1,D_dltE_absent
GCF_053547695.1,Limosilactobacillus reuteri,11266D000AM,Contig,1817,1,0,,,0,0,0,1,1,D_dltE_absent
GCF_028462685.1,Limosilactobacillus fermentum,92072,Contig,1691,1,0,,,0,0,0,1,1,D_dltE_absent
GCF_033344515.1,Bifidobacterium longum,YGMCC0049,Scaffold,1897,0,0,,,0,0,0,0,0,E_no_dlt
GCF_019131855.1,Bifidobacterium longum,MSK.11.12,Contig,1844,0,0,,,0,0,0,0,0,E_no_dlt
GCF_035928225.1,Enterococcus faecium,BN83,Complete Genome,2403,1,1,386,136.6,1,1,1,1,0,A_TM
GCF_033659165.1,Bifidobacterium longum,YGMCC0615,Contig,1875,0,0,,,0,0,0,0,0,E_no_dlt
GCF_056478805.1,Lactococcus lactis,F03,Contig,2359,1,0,,,0,0,0,0,0,D_dltE_absent
GCF_002554775.1,Lactococcus lactis,Olga1,Contig,2616,1,0,,,0,0,0,0,0,D_dltE_absent
GCF_001077025.1,Limosilactobacillus fermentum,779_LFER,Scaffold,1864,0,0,,,0,0,0,1,1,E_no_dlt
GCF_004022375.1,Lactococcus lactis,C2D,Scaffold,2491,1,0,,,0,0,0,0,0,D_dltE_absent
GCF_019641395.1,Lacticaseibacillus paracasei,LB113R,Contig,2422,1,1,385,192.0,1,1,1,1,1,A_TM
GCF_034044075.1,Lacticaseibacillus paracasei,MP11A,Scaffold,2915,1,1,401,198.9,1,1,1,1,1,A_TM
GCF_056175565.1,Enterococcus faecalis,VT-H2,Complete Genome,2456,1,1,388,180.2,1,1,1,1,0,A_TM
GCF_052692255.1,Lacticaseibacillus paracasei,H76,Contig,2738,1,1,385,191.5,1,1,1,1,1,A_TM
GCF_013344665.1,Enterococcus faecalis,092160007-3,Complete Genome,2442,1,1,388,178.7,1,1,1,1,0,A_TM
GCF_036352195.1,Enterococcus faecalis,IDRL-7639,Complete Genome,2451,1,1,388,175.6,1,1,1,1,0,A_TM
GCF_020784235.1,Limosilactobacillus reuteri,LTM_Sauna_2_1,Scaffold,1957,1,0,,,0,0,0,1,1,D_dltE_absent
GCF_056356195.1,Bifidobacterium longum,LH_598,Scaffold,2006,0,0,,,0,0,0,0,0,E_no_dlt
GCF_051247075.1,Enterococcus faecalis,Z83-1,Complete Genome,2435,1,1,388,178.9,1,1,1,1,0,A_TM
GCF_016900715.1,Limosilactobacillus reuteri,An769,Contig,2066,1,0,,,0,0,0,1,1,D_dltE_absent
GCF_025800545.1,Enterococcus faecium,ATF64,Complete Genome,2425,1,1,386,136.6,1,1,1,1,0,A_TM
GCF_002276665.1,Lactococcus lactis,OG2,Contig,2650,1,0,,,0,0,0,0,0,D_dltE_absent
GCF_052116005.1,Limosilactobacillus reuteri,Sow4_G5,Contig,1892,1,0,,,0,0,0,1,1,D_dltE_absent
GCF_900683475.1,Enterococcus faecium,3012STDY6244127,Complete Genome,2308,1,1,386,134.9,1,1,1,1,0,A_TM
GCF_022509385.1,Limosilactobacillus fermentum,QAULFN55,Scaffold,1930,1,0,,,0,0,0,1,1,D_dltE_absent
GCF_058244375.1,Lacticaseibacillus paracasei,LPc-G110,Contig,2493,1,1,385,190.6,1,1,1,1,1,A_TM
GCF_006741355.1,Enterococcus faecium,QU 50,Complete Genome,2343,1,1,386,136.6,1,1,1,1,0,A_TM
GCF_945190155.1,Limosilactobacillus fermentum,-,Contig,1950,1,0,,,0,0,0,1,1,D_dltE_absent
GCF_033391045.1,Bifidobacterium longum,YGMCC0051,Contig,1955,0,0,,,0,0,0,0,0,E_no_dlt
GCF_002128705.1,Limosilactobacillus reuteri,KLR4001,Contig,2078,1,0,,,0,0,0,1,1,D_dltE_absent
GCF_019222705.1,Enterococcus faecalis,NS2,Complete Genome,2495,1,1,388,179.9,1,1,1,1,0,A_TM
GCF_019125295.1,Bifidobacterium longum,MSK.5.11,Contig,1908,0,0,,,0,0,0,0,0,E_no_dlt
GCF_056478785.1,Lactococcus lactis,FO9,Contig,2396,1,0,,,0,0,0,0,0,D_dltE_absent
GCF_002983785.1,Enterococcus faecium,FDAARGOS_323,Complete Genome,2463,1,1,386,134.9,1,1,1,1,0,A_TM
GCF_025132925.1,Lactococcus lactis,1053,Scaffold,2721,1,0,,,0,0,0,0,0,D_dltE_absent
GCF_027672725.1,Lactococcus lactis,AM113-72,Scaffold,2334,1,0,,,0,0,0,0,0,D_dltE_absent
GCF_009679435.1,Lacticaseibacillus paracasei,BIOML-A3,Scaffold,2438,1,1,385,192.0,1,1,1,1,1,A_TM
GCF_025191725.1,Limosilactobacillus fermentum,CIRM-BIA 2156,Contig,1948,1,0,,,0,0,0,1,1,D_dltE_absent
GCF_025190665.1,Lacticaseibacillus paracasei,CIRM-BIA 655,Scaffold,2960,1,1,385,190.6,1,1,1,1,1,A_TM
GCF_009295755.1,Limosilactobacillus fermentum,I2,Scaffold,2012,1,0,,,0,0,0,1,1,D_dltE_absent
GCF_003413665.1,Limosilactobacillus reuteri,LR CGMCC No.11154,Contig,1815,1,0,,,0,0,0,1,1,D_dltE_absent
GCF_033659685.1,Bifidobacterium longum,YGMCC0932,Contig,1945,0,0,,,0,0,0,0,0,E_no_dlt
GCF_033815475.1,Enterococcus faecalis,ES-2-1,Complete Genome,2575,1,1,388,182.9,1,1,1,1,0,A_TM
GCF_040093105.1,Bifidobacterium longum,CLA-AA-H54,Contig,2104,0,0,,,0,0,0,0,0,E_no_dlt
GCF_045924105.1,Enterococcus faecium,C1299,Complete Genome,2550,1,1,386,136.6,1,1,1,1,0,A_TM
GCF_028878105.1,Lacticaseibacillus paracasei,TMW 1.300,Scaffold,2966,1,1,385,190.6,1,1,1,1,1,A_TM
GCF_027915235.1,Enterococcus faecium,DMEA09,Complete Genome,2285,1,1,386,132.8,1,1,1,1,0,A_TM
GCF_027706945.1,Lactococcus lactis,DRD-206,Scaffold,2443,1,0,,,0,0,0,0,0,D_dltE_absent
GCF_025191785.1,Limosilactobacillus fermentum,CIRM-BIA 893,Contig,1831,1,0,,,0,0,0,1,1,D_dltE_absent
GCF_050428475.1,Enterococcus faecalis,CI-8050,Complete Genome,2455,1,1,388,170.8,1,1,1,1,0,A_TM
GCF_025191545.1,Limosilactobacillus fermentum,CIRM-BIA 867,Contig,1813,1,0,,,0,0,0,1,1,D_dltE_absent
GCF_039566705.1,Lacticaseibacillus paracasei,G187,Contig,2487,1,1,401,196.9,1,1,1,1,1,A_TM
GCF_015554025.1,Bifidobacterium longum,1001275B_160808_B3,Scaffold,2157,0,0,,,0,0,0,0,0,E_no_dlt
GCF_046763325.1,Bifidobacterium longum,LHP011,Contig,1738,0,0,,,0,0,0,0,0,E_no_dlt
GCF_036431005.1,Limosilactobacillus reuteri,FI11625,Contig,1871,1,0,,,0,0,0,1,1,D_dltE_absent
GCF_036352215.1,Enterococcus faecalis,IDRL-9065,Complete Genome,2896,1,1,388,178.7,1,1,1,1,0,A_TM
GCF_023743795.1,Lactococcus lactis,DRD-89,Scaffold,2441,1,0,,,0,0,0,0,0,D_dltE_absent
GCF_002276835.1,Lactococcus lactis,KR,Contig,2782,1,0,,,0,0,0,0,0,D_dltE_absent
GCF_050314235.1,Limosilactobacillus reuteri,SGI.107,Contig,1795,1,0,,,0,0,0,1,1,D_dltE_absent
GCF_011065435.1,Limosilactobacillus reuteri,LMG P-27481,Contig,1928,1,0,,,0,0,0,1,1,D_dltE_absent
GCF_055597705.1,Lacticaseibacillus paracasei,E-25,Contig,2693,1,1,385,192.0,1,1,1,1,1,A_TM
GCF_001858275.1,Lacticaseibacillus paracasei,L9D,Contig,2982,1,1,385,191.6,1,1,1,1,1,A_TM
GCF_007923925.2,Enterococcus faecium,HB2-2,Complete Genome,2275,1,1,386,136.6,1,1,1,1,0,A_TM
GCF_023375205.1,Enterococcus faecium,S2-6b,Complete Genome,2455,1,1,386,133.4,1,1,1,1,0,A_TM
GCF_002276185.1,Bifidobacterium longum,Indica,Contig,1958,0,0,,,0,0,0,0,0,E_no_dlt
GCF_060345235.1,Enterococcus faecalis,EF02,Complete Genome,2419,1,1,388,177.2,1,1,1,1,0,A_TM
GCF_051153955.1,Limosilactobacillus fermentum,BE1101-7-1,Contig,1865,1,0,,,0,0,0,1,1,D_dltE_absent
GCF_053901525.1,Limosilactobacillus fermentum,12sk,Contig,2009,1,0,,,0,0,0,1,1,D_dltE_absent
GCF_015666905.1,Lactococcus lactis,J1101437_171009_F11,Scaffold,2482,1,0,,,0,0,0,0,0,D_dltE_absent
GCF_054634895.1,Lacticaseibacillus paracasei,BRAP-01,Contig,2943,1,1,401,198.5,1,1,1,1,1,A_TM
GCF_040785065.1,Limosilactobacillus reuteri,gbc_i,Scaffold,1880,1,0,,,0,0,0,1,1,D_dltE_absent
GCF_030361125.1,Lacticaseibacillus paracasei,TOM.15.25,Contig,2804,1,1,385,190.7,1,1,1,1,1,A_TM
GCF_028335245.1,Enterococcus faecium,R39-1,Complete Genome,2421,1,1,389,149.6,1,1,1,1,0,A_TM
GCF_057612275.1,Enterococcus faecalis,ZJU3,Complete Genome,2995,1,1,388,172.5,1,1,1,1,0,A_TM
GCF_045924155.1,Enterococcus faecium,C1293,Complete Genome,2602,1,1,386,136.6,1,1,1,1,0,A_TM
GCF_015160755.1,Limosilactobacillus fermentum,UBLF-31,Contig,1945,1,0,,,0,0,0,0,1,D_dltE_absent
GCF_046763625.1,Bifidobacterium longum,LHP010,Contig,1887,0,0,,,0,0,0,0,0,E_no_dlt
GCF_025191745.1,Limosilactobacillus fermentum,CIRM-BIA 894,Contig,1902,1,0,,,0,0,0,1,1,D_dltE_absent
GCF_033659625.1,Bifidobacterium longum,YGMCC0919,Contig,1842,0,0,,,0,0,0,0,0,E_no_dlt
GCF_022509455.1,Limosilactobacillus fermentum,QAULFN54,Scaffold,1940,1,0,,,0,0,0,1,1,D_dltE_absent
GCF_033181025.1,Limosilactobacillus reuteri,RGW1,Contig,2020,1,0,,,0,0,0,1,1,D_dltE_absent
GCF_026410165.1,Lactococcus lactis,12-16-PSH,Scaffold,2388,1,0,,,0,0,0,0,0,D_dltE_absent
GCF_018887275.1,Lactococcus lactis,PrHT3,Scaffold,2442,1,0,,,0,0,0,0,0,D_dltE_absent
GCF_015550145.1,Bifidobacterium longum,BSD2780061689_150309_E10,Scaffold,1875,0,0,,,0,0,0,0,0,E_no_dlt
GCF_033657925.1,Bifidobacterium longum,YGMCC0271,Contig,2110,0,0,,,0,0,0,0,0,E_no_dlt
GCF_044990665.1,Lacticaseibacillus paracasei,FNCPS K7,Scaffold,2989,1,1,401,198.5,1,1,1,1,1,A_TM
GCF_027674405.1,Lactococcus lactis,AM113-04,Scaffold,2334,1,0,,,0,0,0,0,0,D_dltE_absent
GCF_001039735.1,Limosilactobacillus fermentum L930BB,L930BB,Contig,1822,1,0,,,0,0,0,1,1,D_dltE_absent
GCF_027676035.1,Lactococcus lactis,UN03-211,Scaffold,2218,1,0,,,0,0,0,0,0,D_dltE_absent
GCF_000391485.2,Enterococcus faecalis EnGen0107,B594,Complete Genome,3108,1,1,388,178.7,1,1,1,1,0,A_TM
GCF_000172575.2,Enterococcus faecalis OG1RF,OG1RF,Complete Genome,2500,1,1,388,175.6,1,1,1,1,0,A_TM
GCF_000007785.1,Enterococcus faecalis V583,V583,Complete Genome,3165,1,1,388,178.7,1,1,1,1,0,A_TM
GCF_020785305.1,Limosilactobacillus reuteri,AG_1_1_1,Scaffold,1874,1,0,,,0,0,0,1,1,D_dltE_absent
GCF_020785175.1,Limosilactobacillus reuteri,AG_2_6_1,Scaffold,1869,1,0,,,0,0,0,1,1,D_dltE_absent
GCF_000742975.1,Enterococcus faecalis ATCC 29212,29212,Complete Genome,2787,1,1,388,180.0,1,1,1,1,0,A_TM
GCF_020784715.1,Limosilactobacillus reuteri,O_Tuki_7_1,Scaffold,1851,1,0,,,0,0,0,1,1,D_dltE_absent
GCF_033658565.1,Bifidobacterium longum,YGMCC0335,Contig,1971,0,0,,,0,0,0,0,0,E_no_dlt
GCF_021398505.1,Enterococcus faecium,H7,Complete Genome,2382,1,1,386,134.9,1,1,1,1,0,A_TM
GCF_003838315.1,Lactococcus lactis,641-D8,Contig,2290,1,0,,,0,0,0,0,0,D_dltE_absent
GCF_015767695.1,Enterococcus faecium,KCCM 12118,Complete Genome,2307,1,1,386,134.9,1,1,1,1,0,A_TM
GCF_002832985.1,Bifidobacterium longum,APC1503,Contig,2137,0,0,,,0,0,0,0,0,E_no_dlt
GCF_050312755.1,Limosilactobacillus reuteri,SGI.254,Contig,1903,1,0,,,0,0,0,1,1,D_dltE_absent
GCF_025186195.1,Lacticaseibacillus paracasei,1016,Contig,2599,1,1,385,190.3,1,1,1,1,1,A_TM
GCF_030361305.1,Lactococcus lactis,TOM.142,Contig,2612,1,0,,,0,0,0,0,0,D_dltE_absent
GCF_009662495.1,Enterococcus faecalis R712,R712,Complete Genome,2904,1,1,388,182.1,1,1,1,1,0,A_TM
GCF_900638765.1,Enterococcus faecium,-,Complete Genome,2233,1,1,386,136.9,1,1,1,1,0,A_TM
GCF_002814115.1,Enterococcus faecalis ARO1/DG,ARO1/DG,Complete Genome,2678,1,1,388,180.2,1,1,1,1,0,A_TM
GCF_001703875.1,Limosilactobacillus reuteri,484_32,Scaffold,2547,1,0,,,0,0,0,1,1,D_dltE_absent
GCF_014488995.1,Limosilactobacillus fermentum CECT 5716,CECT 5716,Scaffold,1994,1,0,,,0,0,0,1,1,D_dltE_absent
GCF_026967095.1,Lacticaseibacillus paracasei,Lpc_yogurt_C5,Contig,2438,1,1,385,192.0,1,1,1,1,1,A_TM
GCF_052146115.1,Limosilactobacillus reuteri,S8,Scaffold,1850,1,0,,,0,0,0,1,1,D_dltE_absent
GCF_900635365.1,Enterococcus faecium,-,Complete Genome,2429,1,1,386,134.9,1,1,1,1,0,A_TM
GCF_033659425.1,Bifidobacterium longum,YGMCC0759,Contig,2110,0,0,,,0,0,0,0,0,E_no_dlt
GCF_000281195.1,Enterococcus faecalis D32,D32,Complete Genome,2883,1,1,388,180.2,1,1,1,1,0,A_TM
GCF_013867595.1,Lacticaseibacillus paracasei,s-16,Contig,2665,1,1,385,192.0,1,1,1,1,1,A_TM
GCF_948275405.1,Lactococcus lactis,LMG 32861,Contig,2195,1,0,,,0,0,0,0,0,D_dltE_absent
GCF_034555155.1,Lacticaseibacillus paracasei,RT4,Contig,2835,1,1,385,190.6,1,1,1,1,1,A_TM
GCF_023375405.1,Enterococcus faecium,1525,Complete Genome,2361,1,1,386,136.6,1,1,1,1,0,A_TM
GCF_051522895.1,Enterococcus faecium,PM1,Complete Genome,2407,1,1,386,136.6,1,1,1,1,0,A_TM
GCF_025191805.1,Limosilactobacillus fermentum,CIRM-BIA 891,Contig,1885,1,0,,,0,0,0,1,1,D_dltE_absent
GCF_000162395.1,Limosilactobacillus fermentum 28-3-CHN,28-3-CHN,Scaffold,1877,1,0,,,0,0,0,1,1,D_dltE_absent
GCF_000317915.1,Enterococcus faecalis str. Symbioflor 1,Symbioflor 1,Complete Genome,2615,1,1,388,180.2,1,1,1,1,0,A_TM
GCF_051372025.1,Limosilactobacillus reuteri,HC187,Scaffold,1844,1,0,,,0,0,0,1,1,D_dltE_absent
GCF_007923785.2,Enterococcus faecium,YN2-1,Complete Genome,2259,1,1,386,132.5,1,1,1,1,0,A_TM
GCF_003458335.1,Bifidobacterium longum,AF26-10,Scaffold,1902,0,0,,,0,0,0,0,0,E_no_dlt
GCF_020785075.1,Limosilactobacillus reuteri,G_6_1,Scaffold,1808,1,0,,,0,0,0,1,1,D_dltE_absent
GCF_026967175.1,Lacticaseibacillus paracasei,Lpc_yogurt_C3,Contig,2508,1,1,385,192.0,1,1,1,1,1,A_TM
GCF_000472265.1,Limosilactobacillus fermentum Lf1,Lf1,Contig,1728,1,0,,,0,0,0,1,1,D_dltE_absent
GCF_019131585.1,Bifidobacterium longum,MSK.11.16,Contig,1945,0,0,,,0,0,0,0,0,E_no_dlt
GCF_025186445.1,Lactococcus lactis,CIRM-BIA 251,Contig,2585,1,0,,,0,0,0,0,0,D_dltE_absent
GCF_000211255.2,Enterococcus faecalis 62,62,Complete Genome,2842,1,1,388,180.2,1,1,1,1,0,A_TM
GCF_033658165.1,Bifidobacterium longum,YGMCC0181,Contig,2102,0,0,,,0,0,0,0,0,E_no_dlt
GCF_031345015.1,Enterococcus faecalis,GG-Efs-0013,Chromosome,2745,1,1,388,180.2,1,1,1,1,0,A_TM
GCF_003712455.1,Lacticaseibacillus paracasei,FAM18132,Contig,2325,1,1,401,199.0,1,1,1,1,1,A_TM
GCF_050312705.1,Limosilactobacillus reuteri,SGI.257,Contig,1775,1,0,,,0,0,0,1,1,D_dltE_absent
GCF_034424825.1,Limosilactobacillus reuteri,C4,Scaffold,2009,1,0,,,0,0,0,1,1,D_dltE_absent
GCF_003841285.1,Lactococcus lactis,L98-E2,Scaffold,2366,1,0,,,0,0,0,0,0,D_dltE_absent
GCF_000550745.1,Enterococcus faecalis DENG1,DENG1,Complete Genome,2757,1,1,388,180.5,1,1,1,1,0,A_TM
GCF_026427575.1,Enterococcus faecium,WN-18,Complete Genome,2370,1,1,386,133.0,1,1,1,1,0,A_TM
GCF_050350255.1,Lactococcus lactis,FV5-201,Scaffold,2560,1,0,,,0,0,0,0,0,D_dltE_absent
GCF_978043845.1,Limosilactobacillus reuteri,-,Contig,1895,1,0,,,0,0,0,1,1,D_dltE_absent
GCF_004167215.1,Lacticaseibacillus paracasei,co_0103,Contig,2414,1,1,385,192.0,1,1,1,1,1,A_TM
GCF_000496435.1,Limosilactobacillus fermentum NB-22,NB-22,Scaffold,1931,1,0,,,0,0,0,1,1,D_dltE_absent
GCF_009679495.1,Lacticaseibacillus paracasei,BIOML-A2,Scaffold,2426,1,1,385,192.0,1,1,1,1,1,A_TM
GCF_002140075.1,Enterococcus faecalis,DD14,Chromosome,2717,1,1,388,178.7,1,1,1,1,0,A_TM
GCF_033658805.1,Bifidobacterium longum,YGMCC0469,Contig,2102,0,0,,,0,0,0,0,0,E_no_dlt
GCF_000417005.1,Limosilactobacillus fermentum FTDC8312,FTDC8312,Scaffold,1940,1,0,,,0,0,0,1,1,D_dltE_absent
GCF_901971765.1,Limosilactobacillus reuteri,INIA P572,Contig,1977,1,0,,,0,0,0,1,1,D_dltE_absent
GCF_019131535.1,Bifidobacterium longum,MSK.11.57,Contig,1905,0,0,,,0,0,0,0,0,E_no_dlt
GCF_033249005.1,Enterococcus faecium,C20-2A,Complete Genome,2289,1,1,386,134.9,1,1,1,1,0,A_TM
GCF_019131805.1,Bifidobacterium longum,MSK.11.18,Contig,1891,0,0,,,0,0,0,0,0,E_no_dlt
GCF_019131755.1,Bifidobacterium longum,MSK.11.15,Contig,1891,0,0,,,0,0,0,0,0,E_no_dlt
GCF_027674205.1,Lactococcus lactis,AM113-125,Scaffold,2333,1,0,,,0,0,0,0,0,D_dltE_absent
GCF_027944535.1,Enterococcus faecium,CQFYH22-006,Complete Genome,2280,1,1,386,134.9,1,1,1,1,0,A_TM
GCF_002221625.2,Enterococcus faecalis,KB1,Chromosome,2719,1,1,388,180.2,1,1,1,1,0,A_TM
GCF_019131795.1,Bifidobacterium longum,MSK.11.1,Contig,1903,0,0,,,0,0,0,0,0,E_no_dlt
GCF_015558835.1,Lacticaseibacillus paracasei,1001217B_150727_F3,Scaffold,2420,1,1,385,192.0,1,1,1,1,1,A_TM
GCF_025188745.1,Lactococcus lactis,CIRM-BIA 1973,Contig,2699,1,0,,,0,0,0,0,0,D_dltE_absent
GCF_050313135.1,Limosilactobacillus reuteri,SGI.211,Contig,1850,1,0,,,0,0,0,1,1,D_dltE_absent
GCF_018517085.1,Enterococcus faecium,16-164,Complete Genome,2466,1,1,386,136.6,1,1,1,1,0,A_TM
GCF_039615415.1,Lacticaseibacillus paracasei,TBM 27,Contig,2947,1,1,385,193.0,1,1,1,1,1,A_TM
GCF_009498155.2,Enterococcus faecalis,L15,Chromosome,2885,1,1,388,180.2,1,1,1,1,0,A_TM
GCF_019131625.1,Bifidobacterium longum,MSK.11.42,Contig,1889,0,0,,,0,0,0,0,0,E_no_dlt
GCF_002277015.1,Lactococcus lactis,Olga-2,Contig,2735,1,0,,,0,0,0,0,0,D_dltE_absent
GCF_033344655.1,Bifidobacterium longum,YGMCC0020,Contig,2129,0,0,,,0,0,0,0,0,E_no_dlt
GCF_005154485.1,Enterococcus faecalis,110,Chromosome,2636,1,1,388,180.2,1,1,1,1,0,A_TM
GCF_051039075.1,Enterococcus faecalis,IVRI_FBI_642,Chromosome,2639,1,1,388,180.2,1,1,1,1,0,A_TM
GCF_059818235.1,Lacticaseibacillus paracasei,AKSCTej36.2,Contig,2946,1,1,385,192.1,1,1,1,1,1,A_TM
GCF_017280215.1,Enterococcus faecalis,L16,Chromosome,2663,1,1,388,180.2,1,1,1,1,0,A_TM
GCF_009389475.1,Limosilactobacillus reuteri,PTA5_11,Scaffold,2006,1,0,,,0,0,0,1,1,D_dltE_absent
GCF_002128525.1,Limosilactobacillus reuteri,KLR1004,Contig,2112,1,0,,,0,0,0,1,1,D_dltE_absent
GCF_006351845.1,Enterococcus faecium,N56454,Complete Genome,2314,1,1,386,136.6,1,1,1,1,0,A_TM
GCF_020784845.1,Limosilactobacillus reuteri,MR2,Scaffold,1874,1,0,,,0,0,0,1,1,D_dltE_absent
GCF_020784835.1,Limosilactobacillus reuteri,MR6,Scaffold,1819,1,0,,,0,0,0,1,1,D_dltE_absent
GCF_054880085.1,Lactococcus lactis,NGC-2,Contig,2059,1,0,,,0,0,0,0,0,D_dltE_absent
GCF_019131555.1,Bifidobacterium longum,MSK.11.48,Contig,1944,0,0,,,0,0,0,0,0,E_no_dlt
GCF_033658025.1,Bifidobacterium longum,YGMCC0192,Contig,2228,0,0,,,0,0,0,0,0,E_no_dlt
GCF_020561415.1,Bifidobacterium longum,DFI.2.45,Contig,1932,0,0,,,0,0,0,0,0,E_no_dlt
GCF_001076595.1,Lacticaseibacillus paracasei,275_LPAR,Scaffold,2866,1,1,401,198.8,1,1,1,1,1,A_TM
GCF_040553935.1,Enterococcus faecalis,Z81-6,Chromosome,2797,1,1,388,180.2,1,1,1,1,0,A_TM
GCF_051039305.1,Enterococcus faecalis,IVRI_FBI_295,Chromosome,2541,1,1,388,182.9,1,1,1,1,0,A_TM
GCF_051037895.1,Enterococcus faecalis,IVRI_FBI_634,Chromosome,2545,1,1,388,182.9,1,1,1,1,0,A_TM
GCF_023375365.1,Enterococcus faecium,211b,Complete Genome,2298,1,1,386,132.5,1,1,1,1,0,A_TM
GCF_009389465.1,Limosilactobacillus reuteri,PTA8_1,Scaffold,2004,1,0,,,0,0,0,1,1,D_dltE_absent
GCF_036431025.1,Limosilactobacillus reuteri,FI11606,Contig,1789,1,0,,,0,0,0,1,1,D_dltE_absent
GCF_020785815.1,Limosilactobacillus reuteri,L3B,Scaffold,1967,1,0,,,0,0,0,1,1,D_dltE_absent
GCF_054880235.1,Lactococcus lactis,BC-3,Contig,2015,1,0,,,0,0,0,0,0,D_dltE_absent
GCF_002850515.1,Enterococcus faecium,WEFA23,Complete Genome,2194,1,1,386,136.6,1,1,1,1,0,A_TM
GCF_033659845.1,Bifidobacterium longum,YGMCC0978,Contig,2228,0,0,,,0,0,0,0,0,E_no_dlt
GCF_033658725.1,Bifidobacterium longum,YGMCC0436,Contig,2105,0,0,,,0,0,0,0,0,E_no_dlt
GCF_003712445.1,Lacticaseibacillus paracasei,FAM18129,Contig,2605,1,1,401,197.3,1,1,1,1,1,A_TM
GCF_051039285.1,Enterococcus faecalis,IVRI_FBI_651,Chromosome,2547,1,1,388,182.9,1,1,1,1,0,A_TM
GCF_027674325.1,Lactococcus lactis,AM113-102,Scaffold,2357,1,0,,,0,0,0,0,0,D_dltE_absent
GCF_018279145.1,Enterococcus faecium,116,Complete Genome,2487,1,1,386,134.9,1,1,1,1,0,A_TM
GCF_051039275.1,Enterococcus faecalis,IVRI_FBI_648,Chromosome,2544,1,1,388,180.2,1,1,1,1,0,A_TM
GCF_002128605.1,Limosilactobacillus reuteri,KLR2007,Contig,1862,1,0,,,0,0,0,1,1,D_dltE_absent
GCF_028878235.1,Lacticaseibacillus paracasei,M268,Scaffold,2448,1,1,401,198.9,1,1,1,1,1,A_TM
GCF_020785735.1,Limosilactobacillus reuteri,Cor137_3_1,Scaffold,2328,1,0,,,0,0,0,1,1,D_dltE_absent
GCF_023744195.1,Lactococcus lactis,DRD-134,Scaffold,2393,1,0,,,0,0,0,0,0,D_dltE_absent
GCF_033658865.1,Bifidobacterium longum,YGMCC0491,Contig,2097,0,0,,,0,0,0,0,0,E_no_dlt
GCF_059815825.1,Enterococcus faecium,EFA_14_full,Complete Genome,2401,1,1,386,134.9,1,1,1,1,0,A_TM
GCF_033658945.1,Bifidobacterium longum,YGMCC0507,Contig,2100,0,0,,,0,0,0,0,0,E_no_dlt
GCF_026967235.1,Lacticaseibacillus paracasei,Lpc_yogurt_C1,Contig,2522,1,1,385,192.0,1,1,1,1,1,A_TM
GCF_051039085.1,Enterococcus faecalis,IVRI_FBI_647,Chromosome,2514,1,1,388,180.2,1,1,1,1,0,A_TM
GCF_033249725.1,Enterococcus faecium,C4-1,Complete Genome,2357,1,1,386,135.4,1,1,1,1,0,A_TM
GCF_046630475.1,Enterococcus faecalis,IVRI_FBI_641,Chromosome,2521,1,1,388,180.2,1,1,1,1,0,A_TM
GCF_023744055.1,Lactococcus lactis,DRD-122,Scaffold,2443,1,0,,,0,0,0,0,0,D_dltE_absent
GCF_036432025.1,Limosilactobacillus reuteri,LSUN-24e,Scaffold,1754,1,0,,,0,0,0,1,1,D_dltE_absent
GCF_000759595.1,Lactococcus lactis,Bpl1,Contig,2145,1,0,,,0,0,0,0,0,D_dltE_absent
GCF_020785635.1,Limosilactobacillus reuteri,Cor137_1_1,Scaffold,2303,1,0,,,0,0,0,1,1,D_dltE_absent
GCF_003712425.1,Lacticaseibacillus paracasei,FAM18124,Contig,2631,1,1,401,197.3,1,1,1,1,1,A_TM
GCF_003712385.1,Lacticaseibacillus paracasei,FAM18119,Scaffold,2720,1,1,385,192.1,1,1,1,1,1,A_TM
GCF_033658985.1,Bifidobacterium longum,YGMCC0538,Contig,2098,0,0,,,0,0,0,0,0,E_no_dlt
GCF_033659085.1,Bifidobacterium longum,YGMCC0593,Contig,2097,0,0,,,0,0,0,0,0,E_no_dlt
GCF_007923865.2,Enterococcus faecium,SC3-1,Complete Genome,2215,1,1,389,144.4,1,1,1,1,0,A_TM
GCF_900634805.1,Enterococcus faecium,-,Complete Genome,2294,1,1,386,136.6,1,1,1,1,0,A_TM
GCF_051037005.1,Enterococcus faecalis,IVRI_FBI_633,Chromosome,2529,1,1,388,180.2,1,1,1,1,0,A_TM
GCF_043099455.1,Enterococcus faecalis,OG1RF arcD::Tn,Chromosome,2502,1,1,388,175.6,1,1,1,1,0,A_TM
GCF_027688475.1,Lactococcus lactis,AF03-11,Scaffold,2234,1,0,,,0,0,0,0,0,D_dltE_absent
GCF_948275315.1,Lactococcus lactis,LMG 32862,Contig,2192,1,0,,,0,0,0,0,0,D_dltE_absent
GCF_051372505.1,Limosilactobacillus reuteri,HC1146,Scaffold,1983,1,0,,,0,0,0,1,1,D_dltE_absent
GCF_002027405.1,Lacticaseibacillus paracasei,W16,Contig,2509,1,1,385,192.0,1,1,1,1,1,A_TM
GCF_051037915.1,Enterococcus faecalis,IVRI_FBI_636,Chromosome,2492,1,1,388,180.0,1,1,1,1,0,A_TM
GCF_002120125.1,Lacticaseibacillus paracasei,HZ-1,Contig,2608,1,1,385,192.0,1,1,1,1,1,A_TM
GCF_033659105.1,Bifidobacterium longum,YGMCC609,Contig,2100,0,0,,,0,0,0,0,0,E_no_dlt
GCF_023375345.1,Enterococcus faecium,1818,Complete Genome,2332,1,1,386,136.8,1,1,1,1,0,A_TM
GCF_050313275.1,Limosilactobacillus reuteri,SGI.197,Contig,1854,1,0,,,0,0,0,1,1,D_dltE_absent
GCF_900637035.1,Enterococcus faecium,NCTC7174,Complete Genome,2167,1,1,386,132.2,1,1,1,1,0,A_TM
GCF_050312855.1,Limosilactobacillus reuteri,SGI.248,Contig,1829,1,0,,,0,0,0,1,1,D_dltE_absent
GCF_051904295.1,Lactococcus lactis,IBB2,Contig,2611,1,0,,,0,0,0,0,0,D_dltE_absent
GCF_033659365.1,Bifidobacterium longum,YGMCC0728,Contig,2098,0,0,,,0,0,0,0,0,E_no_dlt
GCF_056478965.1,Lactococcus lactis,63C,Contig,2440,1,0,,,0,0,0,0,0,D_dltE_absent
GCF_033659235.1,Bifidobacterium longum,YGMCC0669,Contig,2105,0,0,,,0,0,0,0,0,E_no_dlt
GCF_028322925.1,Lacticaseibacillus paracasei,1001217st1_H10_1001216I_160404,Scaffold,2413,1,1,385,192.0,1,1,1,1,1,A_TM
GCF_016696825.1,Enterococcus faecalis,KB1,Chromosome,2719,1,1,388,180.2,1,1,1,1,0,A_TM
GCF_028116745.1,Enterococcus faecalis,SVR2085,Chromosome,3391,1,1,388,180.2,1,1,1,1,0,A_TM
GCF_030237985.1,Lacticaseibacillus paracasei,C29,Contig,2557,1,1,385,190.6,1,1,1,1,1,A_TM
GCF_007923885.2,Enterococcus faecium,SDGJP3,Complete Genome,2233,1,1,386,134.9,1,1,1,1,0,A_TM
GCF_002128485.1,Limosilactobacillus reuteri,KLR1001,Contig,1918,1,0,,,0,0,0,1,1,D_dltE_absent
GCF_034745005.1,Limosilactobacillus reuteri,KCJ2K2679,Scaffold,2249,1,0,,,0,0,0,1,1,D_dltE_absent
GCF_003841315.1,Lactococcus lactis,L98-C1,Contig,2363,1,0,,,0,0,0,0,0,D_dltE_absent
GCF_019175445.1,Enterococcus faecium,F39,Complete Genome,2346,1,1,386,136.6,1,1,1,1,0,A_TM
GCF_039063075.1,Bifidobacterium longum,2227st2_E4_2227SCRN_220401,Contig,1891,0,0,,,0,0,0,0,0,E_no_dlt
GCF_033659765.1,Bifidobacterium longum,YGMCC0938,Contig,2117,0,0,,,0,0,0,0,0,E_no_dlt
GCF_019990865.1,Lacticaseibacillus paracasei,cek-R2,Contig,2836,1,1,385,191.5,1,1,1,1,1,A_TM
GCF_052258825.1,Lactococcus lactis,AOP9-I1-8,Contig,2410,1,0,,,0,0,0,0,0,D_dltE_absent
GCF_001886675.2,Enterococcus faecalis,L12,Chromosome,2506,1,1,388,180.2,1,1,1,1,0,A_TM
GCF_001878735.3,Enterococcus faecalis,L9,Chromosome,2574,1,1,388,176.2,1,1,1,1,0,A_TM
GCF_033246985.1,Enterococcus faecium,C10-7,Complete Genome,2298,1,1,386,132.2,1,1,1,1,0,A_TM
GCF_034745055.1,Limosilactobacillus reuteri,KCJ2K2674,Contig,2469,1,0,,,0,0,0,1,1,D_dltE_absent
GCF_028321965.1,Lacticaseibacillus paracasei,1001216st1_C7_1001216I_160404,Scaffold,2527,1,1,385,190.6,1,1,1,1,1,A_TM
GCF_003175075.1,Limosilactobacillus reuteri,LR10,Scaffold,2536,1,0,,,0,0,0,1,1,D_dltE_absent
GCF_027706885.1,Lactococcus lactis,DRD-205,Scaffold,2433,1,0,,,0,0,0,0,0,D_dltE_absent
GCF_033658825.1,Bifidobacterium longum,YGMCC0480,Contig,2100,0,0,,,0,0,0,0,0,E_no_dlt
GCF_053323675.1,Enterococcus faecium,520,Complete Genome,2340,1,1,386,135.0,1,1,1,1,0,A_TM
GCF_015560585.1,Bifidobacterium longum,D41t1_190614_F6,Scaffold,1848,0,0,,,0,0,0,0,0,E_no_dlt
GCF_039757775.1,Lacticaseibacillus paracasei,1001217st1_A4_1001217B_150727,Scaffold,2412,1,1,385,192.0,1,1,1,1,1,A_TM
GCF_018138025.1,Enterococcus faecalis,L17,Chromosome,2627,1,1,388,179.7,1,1,1,1,0,A_TM
GCF_058374735.1,Lactococcus lactis,LXS4,Scaffold,2379,1,0,,,0,0,0,0,0,D_dltE_absent
GCF_040529195.1,Enterococcus faecalis,mandacaium,Chromosome,2493,1,1,388,178.7,1,1,1,1,0,A_TM
GCF_053060805.1,Enterococcus faecium,VC-22,Complete Genome,2248,1,1,386,136.6,1,1,1,1,0,A_TM
GCF_039757575.1,Lacticaseibacillus paracasei,1001217st2_H7_1001713B170131_170501,Scaffold,2520,1,1,385,190.6,1,1,1,1,1,A_TM
GCF_034745095.1,Limosilactobacillus reuteri,KCJ2K2663,Contig,2468,1,0,,,0,0,0,1,1,D_dltE_absent
GCF_002128745.1,Limosilactobacillus reuteri,KLR2008,Contig,1859,1,0,,,0,0,0,1,1,D_dltE_absent
GCF_039757295.1,Lactococcus lactis,1001216st1_D2_1001216I_160404,Scaffold,2481,1,0,,,0,0,0,0,0,D_dltE_absent
GCF_900639705.1,Enterococcus faecium,-,Complete Genome,2139,1,1,386,130.7,1,1,1,1,0,A_TM
GCF_019734255.1,Bifidobacterium longum,K08,Scaffold,1876,0,0,,,0,0,0,0,0,E_no_dlt
GCF_033659655.1,Bifidobacterium longum,YGMCC0922,Contig,2100,0,0,,,0,0,0,0,0,E_no_dlt
GCF_015594965.1,Lacticaseibacillus paracasei,1001713B170131_170501_F11,Scaffold,2519,1,1,385,190.6,1,1,1,1,1,A_TM
GCF_030005395.1,Lactococcus lactis,CHLL-LB02,Scaffold,2452,1,0,,,0,0,0,0,0,D_dltE_absent
GCF_056724745.1,Lactococcus lactis,TLL10-MUM,Contig,2470,1,0,,,0,0,0,0,0,D_dltE_absent
GCF_009914685.2,Enterococcus faecalis,L14,Chromosome,2823,1,1,388,179.7,1,1,1,1,0,A_TM
GCF_900638815.1,Enterococcus faecium,-,Complete Genome,2293,1,1,386,136.6,1,1,1,1,0,A_TM
GCF_039757715.1,Lacticaseibacillus paracasei,1001217st2_C7_1001216I_160404,Scaffold,2528,1,1,385,190.6,1,1,1,1,1,A_TM
GCF_050286465.1,Lacticaseibacillus paracasei,D2,Contig,3220,1,1,397,163.5,1,1,1,1,1,A_TM
GCF_025189725.1,Limosilactobacillus reuteri,CIRM-BIA 911,Contig,2090,1,0,,,0,0,0,1,1,D_dltE_absent
GCF_025133055.1,Lactococcus lactis,756,Contig,2552,1,0,,,0,0,0,0,0,D_dltE_absent
GCF_019456595.1,Enterococcus faecium,VBR48,Complete Genome,2272,1,1,386,135.0,1,1,1,1,0,A_TM
GCF_015671085.1,Bifidobacterium longum,J1101437_171009_B2,Contig,1942,0,0,,,0,0,0,0,0,E_no_dlt
GCF_019456575.1,Enterococcus faecium,VBO39,Complete Genome,2270,1,1,386,136.6,1,1,1,1,0,A_TM
GCF_028322025.1,Lacticaseibacillus paracasei,1001216st1_H7_1001713B170131_170501,Scaffold,2519,1,1,385,190.6,1,1,1,1,1,A_TM
GCF_014830215.1,Lactococcus lactis,RJAA.1(a),Contig,2252,1,0,,,0,0,0,0,0,D_dltE_absent
GCF_902166815.1,Enterococcus faecalis,4928STDY7387896,Chromosome,2629,1,1,388,170.9,1,1,1,1,0,A_TM
GCF_023744485.1,Lactococcus lactis,DRD-132,Scaffold,2511,1,0,,,0,0,0,0,0,D_dltE_absent
GCF_033260105.1,Enterococcus faecium,HMC8C-1,Complete Genome,2250,1,1,386,135.4,1,1,1,1,0,A_TM
GCF_028322845.1,Lacticaseibacillus paracasei,1001216st1_D9_D55t1_190419,Scaffold,2524,1,1,385,190.6,1,1,1,1,1,A_TM
GCF_002128655.1,Limosilactobacillus reuteri,KLR3004,Contig,1878,1,0,,,0,0,0,1,1,D_dltE_absent
GCF_030361265.1,Lactococcus lactis,TOM.117,Contig,2508,1,0,,,0,0,0,0,0,D_dltE_absent
GCF_028322955.1,Lacticaseibacillus paracasei,1001216st1_B6_D55t1_190419,Scaffold,2526,1,1,385,190.6,1,1,1,1,1,A_TM
GCF_007923905.2,Enterococcus faecium,HN11,Complete Genome,2218,1,1,386,136.6,1,1,1,1,0,A_TM
GCF_039757635.1,Lacticaseibacillus paracasei,1001217st2_F11_1001713B170131_170501,Scaffold,2521,1,1,385,190.6,1,1,1,1,1,A_TM
GCF_030291395.1,Bifidobacterium longum,2251B,Contig,1908,0,0,,,0,0,0,0,0,E_no_dlt
GCF_900638775.1,Enterococcus faecium,-,Complete Genome,2261,1,1,386,132.2,1,1,1,1,0,A_TM
GCF_030360785.1,Lactococcus lactis,TOM.12.17,Contig,2624,1,0,,,0,0,0,0,0,D_dltE_absent
GCF_019456555.1,Enterococcus faecium,VBO96,Complete Genome,2271,1,1,386,136.6,1,1,1,1,0,A_TM
GCF_001931845.1,Enterococcus faecalis,AMB05,Chromosome,2424,1,1,388,180.2,1,1,1,1,0,A_TM
GCF_030360865.1,Lactococcus lactis,TOM.275,Contig,2569,1,0,,,0,0,0,0,0,D_dltE_absent
GCF_039757675.1,Lacticaseibacillus paracasei,1001217st2_D9_D55t1_190419,Scaffold,2525,1,1,385,190.6,1,1,1,1,1,A_TM
GCF_017279935.1,Enterococcus faecalis,L10,Chromosome,2440,1,1,388,180.2,1,1,1,1,0,A_TM
GCF_025189765.1,Limosilactobacillus reuteri,CIRM-BIA 929,Contig,1894,1,0,,,0,0,0,1,1,D_dltE_absent
GCF_033247905.1,Enterococcus faecium,AD21B,Complete Genome,2280,1,1,386,136.6,1,1,1,1,0,A_TM
GCF_039757735.1,Lacticaseibacillus paracasei,1001217st2_B6_D55t1_190419,Scaffold,2527,1,1,385,190.6,1,1,1,1,1,A_TM
GCF_002027295.1,Limosilactobacillus reuteri,CECT8605,Contig,2183,1,0,,,0,0,0,1,1,D_dltE_absent
GCF_033659265.1,Bifidobacterium longum,YGMCC0685,Contig,2235,0,0,,,0,0,0,0,0,E_no_dlt
GCF_034421735.1,Enterococcus faecalis,AEF,Chromosome,2599,1,1,388,180.4,1,1,1,1,0,A_TM
GCF_900640265.1,Enterococcus faecium,-,Complete Genome,2258,1,1,386,132.2,1,1,1,1,0,A_TM
GCF_029834645.1,Enterococcus faecalis,SH_F_L,Chromosome,2666,1,1,388,179.7,1,1,1,1,0,A_TM
GCF_003471355.1,Bifidobacterium longum,AM20-39,Scaffold,1802,0,0,,,0,0,0,0,0,E_no_dlt
GCF_002128555.1,Limosilactobacillus reuteri,KLR2002,Contig,2028,1,0,,,0,0,0,1,1,D_dltE_absent
GCF_050511495.1,Lactococcus lactis,S170,Contig,2464,1,0,,,0,0,0,0,0,D_dltE_absent
GCF_003175025.1,Limosilactobacillus reuteri,LR19,Scaffold,2200,1,0,,,0,0,0,1,1,D_dltE_absent
GCF_902166695.1,Enterococcus faecalis,4928STDY7387713,Chromosome,2567,1,1,388,179.1,1,1,1,1,0,A_TM
GCF_039754095.1,Bifidobacterium longum,RTP21488st1_C3_RTP21489_200313,Scaffold,1891,0,0,,,0,0,0,0,0,E_no_dlt
GCF_039754075.1,Bifidobacterium longum,RTP21488st1_C9_RTP21489_200313,Scaffold,1894,0,0,,,0,0,0,0,0,E_no_dlt
GCF_023375875.1,Lacticaseibacillus paracasei,SP5,Scaffold,2747,1,1,385,192.0,1,1,1,1,1,A_TM
GCF_034745435.1,Limosilactobacillus reuteri,KCJ2K2606,Scaffold,2324,1,0,,,0,0,0,1,1,D_dltE_absent
GCF_018138005.2,Enterococcus faecalis,L21,Chromosome,2622,1,1,388,180.2,1,1,1,1,0,A_TM
GCF_000250945.2,Enterococcus faecium Aus0004,Aus0004,Complete Genome,2738,1,1,389,149.6,1,1,1,1,0,A_TM
GCF_051931005.1,Enterococcus faecalis,S38,Chromosome,2573,1,1,388,180.2,1,1,1,1,0,A_TM
GCF_002861445.1,Bifidobacterium longum,UMB0788,Scaffold,2033,0,0,,,0,0,0,0,0,E_no_dlt
GCF_003174815.1,Limosilactobacillus reuteri,LR18,Scaffold,2642,1,0,,,0,0,0,1,1,D_dltE_absent
GCF_005146285.1,Lactococcus lactis,CH_LC01,Scaffold,2623,1,0,,,0,0,0,0,0,D_dltE_absent
GCF_002128585.1,Limosilactobacillus reuteri,KLR2003,Contig,2000,1,0,,,0,0,0,1,1,D_dltE_absent
GCF_004006595.1,Enterococcus faecalis,OG1RF-SagA,Chromosome,2446,1,1,388,175.6,1,1,1,1,0,A_TM
GCF_003466545.1,Bifidobacterium longum,TM04-48B,Scaffold,1948,0,0,,,0,0,0,0,0,E_no_dlt
GCF_016887805.1,Lacticaseibacillus paracasei,4186,Contig,2707,1,1,385,192.1,1,1,1,1,1,A_TM
GCF_015670845.1,Bifidobacterium longum,D53t1_180928_E2,Scaffold,1790,0,0,,,0,0,0,0,0,E_no_dlt
GCF_003174865.1,Limosilactobacillus reuteri,LR9,Scaffold,2281,1,0,,,0,0,0,1,1,D_dltE_absent
GCF_000737555.1,Enterococcus faecium T110,T110,Complete Genome,2496,1,1,386,131.0,1,1,1,1,0,A_TM
GCF_014893535.1,Enterococcus faecalis,UM001B,Chromosome,2481,1,1,388,180.2,1,1,1,1,0,A_TM
GCF_902166775.1,Enterococcus faecalis,4928STDY7387888,Chromosome,2482,1,1,388,180.2,1,1,1,1,0,A_TM
GCF_054879965.1,Lactococcus lactis,BC-1,Contig,2157,1,0,,,0,0,0,0,0,D_dltE_absent
GCF_033659745.1,Bifidobacterium longum,YGMCC0935,Contig,2235,0,0,,,0,0,0,0,0,E_no_dlt
GCF_003712745.1,Lacticaseibacillus paracasei,FAM6012,Scaffold,2772,1,1,385,192.1,1,1,1,1,1,A_TM
GCF_025189745.1,Limosilactobacillus reuteri,CIRM-BIA 1534,Contig,1850,1,0,,,0,0,0,1,1,D_dltE_absent
GCF_025189215.1,Lactococcus lactis,CIRM-BIA 1578,Contig,2404,1,0,,,0,0,0,0,0,D_dltE_absent
GCF_003712585.1,Lacticaseibacillus paracasei,FAM18172,Scaffold,2812,1,1,385,192.0,1,1,1,1,1,A_TM
GCF_001721085.1,Enterococcus faecium,ISMMS_VRE_8,Chromosome,3112,1,1,386,130.7,1,1,1,1,0,A_TM
GCF_019127715.1,Bifidobacterium longum,MSK.20.96,Contig,2107,0,0,,,0,0,0,0,0,E_no_dlt
GCF_040093155.1,Lacticaseibacillus paracasei,CLA-AA-H40,Contig,2526,1,1,385,190.6,1,1,1,1,1,A_TM
GCF_015558665.1,Bifidobacterium longum,BSD2780120875_150330_F5,Scaffold,1973,0,0,,,0,0,0,0,0,E_no_dlt
GCF_001721005.1,Enterococcus faecium,ISMMS_VRE_4,Chromosome,2858,1,1,389,149.6,1,1,1,1,0,A_TM
GCF_902164645.1,Enterococcus faecalis,4928STDY7071355,Chromosome,2416,1,1,388,180.0,1,1,1,1,0,A_TM
GCF_000174395.2,Enterococcus faecium DO,DO,Complete Genome,2727,1,1,389,149.6,1,1,1,1,0,A_TM
GCF_017068415.1,Enterococcus faecalis,Colony507,Chromosome,2321,1,1,388,180.2,1,1,1,1,0,A_TM
GCF_025132985.1,Lactococcus lactis,1040,Contig,2606,1,0,,,0,0,0,0,0,D_dltE_absent
GCF_034744995.1,Limosilactobacillus reuteri,KCJ2K2682,Scaffold,2326,1,0,,,0,0,0,1,1,D_dltE_absent
GCF_030005425.1,Lactococcus lactis,CHLL-LB01,Scaffold,2463,1,0,,,0,0,0,0,0,D_dltE_absent
GCF_025189645.1,Limosilactobacillus reuteri,CIRM-BIA 1439,Contig,2257,1,0,,,0,0,0,1,1,D_dltE_absent
GCF_039631165.1,Lacticaseibacillus paracasei,B25,Contig,2693,1,1,385,192.0,1,1,1,1,1,A_TM
GCF_025190525.1,Lacticaseibacillus paracasei,CIRM-BIA 1517,Contig,2929,1,1,385,191.5,1,1,1,1,1,A_TM
GCF_030360805.1,Lactococcus lactis,TOM.330,Contig,2438,1,0,,,0,0,0,0,0,D_dltE_absent
GCF_019052475.1,Bifidobacterium longum,MSK.19.22,Contig,2125,0,0,,,0,0,0,0,0,E_no_dlt
GCF_000336405.1,Enterococcus faecium ATCC 8459 = NRRL B-2354,NRRL B-2354,Complete Genome,2569,1,1,386,134.9,1,1,1,1,0,A_TM
GCF_003438485.1,Bifidobacterium longum,TF06-12AC,Scaffold,2148,0,0,,,0,0,0,0,0,E_no_dlt
GCF_040925145.1,Lacticaseibacillus paracasei,1001217st1_D2_RTP21198_201120,Scaffold,2397,1,1,385,192.0,1,1,1,1,1,A_TM
GCF_054879955.1,Lactococcus lactis,BC-2,Contig,2202,1,0,,,0,0,0,0,0,D_dltE_absent
GCF_902166645.1,Enterococcus faecalis,4928STDY7387674,Chromosome,2426,1,1,388,180.2,1,1,1,1,0,A_TM
GCF_902166665.1,Enterococcus faecalis,4928STDY7387719,Chromosome,2426,1,1,388,180.2,1,1,1,1,0,A_TM
GCF_001720965.1,Enterococcus faecium,ISMMS_VRE_2,Chromosome,2904,0,1,389,149.6,1,1,1,1,0,E_no_dlt
GCF_053547535.1,Limosilactobacillus reuteri,11266D021AM,Contig,1919,1,0,,,0,0,0,1,1,D_dltE_absent
GCF_051371025.1,Limosilactobacillus reuteri,HC854,Scaffold,1851,1,0,,,0,0,0,1,1,D_dltE_absent
GCF_034745195.1,Limosilactobacillus reuteri,KCJ2K2641,Scaffold,2364,1,0,,,0,0,0,1,1,D_dltE_absent
GCF_039871325.1,Lactococcus lactis,OSY-41,Contig,2550,1,0,,,0,0,0,0,0,D_dltE_absent
GCF_015550805.1,Bifidobacterium longum,D59t2_181005_F6,Scaffold,1846,0,0,,,0,0,0,0,0,E_no_dlt
GCF_039759315.1,Bifidobacterium longum,BSD3178071175st1_H11_BSD3178071176_160815,Scaffold,2000,0,0,,,0,0,0,0,0,E_no_dlt
GCF_002833135.1,Bifidobacterium longum,APC1468,Contig,1976,0,0,,,0,0,0,0,0,E_no_dlt
GCF_039631115.1,Lacticaseibacillus paracasei,L17,Contig,2667,1,1,385,192.0,1,1,1,1,1,A_TM
GCF_017068435.1,Enterococcus faecalis,Colony534,Chromosome,2295,1,1,388,180.2,1,1,1,1,0,A_TM
GCF_059946925.1,Bifidobacterium longum,CCFM1077,Contig,1826,0,0,,,0,0,0,0,0,E_no_dlt
GCF_902166575.1,Enterococcus faecalis,4928STDY7071765,Chromosome,2325,1,1,388,180.2,1,1,1,1,0,A_TM
GCF_014489995.1,Enterococcus faecium,AML0158,Chromosome,2811,1,1,389,149.6,1,1,1,1,0,A_TM
GCF_025189625.1,Limosilactobacillus reuteri,CIRM-BIA 2122,Contig,2261,1,0,,,0,0,0,1,1,D_dltE_absent
GCF_029370605.1,Enterococcus faecalis,PF_L2_EN_IN,Chromosome,2286,1,1,388,180.2,1,1,1,1,0,A_TM
GCF_016649155.1,Lactococcus lactis,LB6,Contig,2625,1,0,,,0,0,0,0,0,D_dltE_absent
GCF_050314575.1,Limosilactobacillus reuteri,SGI.092,Contig,1924,1,0,,,0,0,0,1,1,D_dltE_absent
GCF_018219345.1,Enterococcus faecium,PR00859-7,Chromosome,2957,1,1,389,149.6,1,1,1,1,0,A_TM
GCF_034745245.1,Limosilactobacillus reuteri,KCJ2K2631,Contig,2336,1,0,,,0,0,0,1,1,D_dltE_absent
GCF_003712705.1,Lacticaseibacillus paracasei,FAM22279,Contig,2605,1,1,385,192.2,1,1,1,1,1,A_TM
GCF_003712275.1,Lacticaseibacillus paracasei,FAM18105,Scaffold,2360,1,1,401,199.0,1,1,1,1,1,A_TM
GCF_007109175.1,Lactococcus lactis,M1734.1,Contig,2759,1,0,,,0,0,0,0,0,D_dltE_absent
GCF_035818835.1,Bifidobacterium longum,CCRB11847,Scaffold,1936,0,0,,,0,0,0,0,0,E_no_dlt
GCF_001720985.1,Enterococcus faecium,ISMMS_VRE_3,Chromosome,2896,1,1,386,130.7,1,1,1,1,0,A_TM
GCF_018296025.1,Enterococcus faecium,PR02395-7,Chromosome,2911,1,1,389,149.6,1,1,1,1,0,A_TM
GCF_000309705.1,Lacticaseibacillus paracasei,UCD174,Contig,2826,0,1,397,163.5,1,1,1,1,1,E_no_dlt
GCF_902166605.1,Enterococcus faecalis,4928STDY7071766,Chromosome,2326,1,1,388,180.2,1,1,1,1,0,A_TM
GCF_025188905.1,Lactococcus lactis,CIRM-BIA 1215,Contig,2255,1,0,,,0,0,0,0,0,D_dltE_absent
GCF_030361055.1,Lactococcus lactis,TOM.34,Contig,2628,1,0,,,0,0,0,0,0,D_dltE_absent
GCF_001721105.1,Enterococcus faecium,ISMMS_VRE_10,Chromosome,2837,1,1,386,130.7,1,1,1,1,0,A_TM
GCF_050315155.1,Limosilactobacillus reuteri,SGI.032,Contig,1916,1,0,,,0,0,0,1,1,D_dltE_absent
GCF_024329455.1,Lacticaseibacillus paracasei,Kef-w14,Contig,3118,1,1,385,190.6,1,1,1,1,1,A_TM
GCF_003712865.1,Lacticaseibacillus paracasei,FAM18157,Contig,2658,1,1,385,189.9,1,1,1,1,1,A_TM
GCF_030361205.1,Lactococcus lactis,TOM.167,Contig,2487,1,0,,,0,0,0,0,0,D_dltE_absent
GCF_029340185.1,Bifidobacterium longum,RC28_18993_HHC,Contig,1925,0,0,,,0,0,0,0,0,E_no_dlt
GCF_003475055.1,Bifidobacterium longum,AF34-9AC,Scaffold,1946,0,0,,,0,0,0,0,0,E_no_dlt
GCF_018219305.1,Enterococcus faecium,PR02648-8,Chromosome,2766,1,1,386,130.7,1,1,1,1,0,A_TM
GCF_902164695.1,Enterococcus faecalis,4928STDY7071325,Chromosome,2385,1,1,388,171.0,1,1,1,1,0,A_TM
GCF_902166395.1,Enterococcus faecalis,4928STDY7071263,Chromosome,2493,1,1,388,180.2,1,1,1,1,0,A_TM
GCF_029370505.1,Enterococcus faecalis,CHS_L2_EN_IN,Chromosome,2335,1,1,388,179.7,1,1,1,1,0,A_TM
GCF_025132885.1,Lactococcus lactis,1102,Contig,2512,1,0,,,0,0,0,0,0,D_dltE_absent
GCF_002888655.1,Limosilactobacillus reuteri,20-2,Scaffold,2159,1,0,,,0,0,0,1,1,D_dltE_absent
GCF_050314595.1,Limosilactobacillus reuteri,SGI.090,Contig,1938,1,0,,,0,0,0,1,1,D_dltE_absent
GCF_057786895.1,Limosilactobacillus reuteri,UBLRU-87,Contig,1898,1,0,,,0,0,0,1,1,D_dltE_absent
GCF_003712265.1,Lacticaseibacillus paracasei,FAM18110,Scaffold,2686,1,1,385,192.6,1,1,1,1,1,A_TM
GCF_015931225.1,Bifidobacterium longum,JCM 19995,Contig,1840,0,0,,,0,0,0,0,0,E_no_dlt
GCF_003471385.1,Bifidobacterium longum,AM20-19AC,Scaffold,1815,0,0,,,0,0,0,0,0,E_no_dlt
GCF_046763665.1,Bifidobacterium longum,LHP014,Contig,1783,0,0,,,0,0,0,0,0,E_no_dlt
GCF_025159135.1,Enterococcus faecium,S98b,Chromosome,2430,1,1,386,136.6,1,1,1,1,0,A_TM
GCF_029370525.1,Enterococcus faecalis,CHS_L1_EN_IN,Chromosome,2336,1,1,388,179.7,1,1,1,1,0,A_TM
GCF_029370625.1,Enterococcus faecalis,PF_L1_EN_IN,Chromosome,2340,1,1,388,180.2,1,1,1,1,0,A_TM
GCF_025189165.1,Lactococcus lactis,CIRM-BIA 1562,Contig,2557,1,0,,,0,0,0,0,0,D_dltE_absent
GCF_002112805.1,Limosilactobacillus reuteri,MM34-4A,Scaffold,2002,1,0,,,0,0,0,1,1,D_dltE_absent
GCF_004302885.1,Enterococcus faecium,V24,Chromosome,2864,1,1,386,130.7,1,1,1,1,0,A_TM
GCF_050314095.1,Limosilactobacillus reuteri,SGI.121,Contig,1932,1,0,,,0,0,0,1,1,D_dltE_absent
GCF_021229095.1,Limosilactobacillus reuteri,LLR-K67,Scaffold,1874,1,0,,,0,0,0,1,1,D_dltE_absent
GCF_003712925.1,Lacticaseibacillus paracasei,FAM18126,Scaffold,2870,1,1,385,192.1,1,1,1,1,1,A_TM
GCF_025189105.1,Lactococcus lactis,CIRM-BIA 1577,Contig,2659,1,0,,,0,0,0,0,0,D_dltE_absent
GCF_002833265.1,Bifidobacterium longum,APC1476,Contig,2115,0,0,,,0,0,0,0,0,E_no_dlt
GCF_016455345.1,Enterococcus faecium,Dallas 71_1,Chromosome,2856,1,1,389,149.6,1,1,1,1,0,A_TM
GCF_046763185.1,Bifidobacterium longum,LHP013,Contig,1799,0,0,,,0,0,0,0,0,E_no_dlt
GCF_039566755.1,Lacticaseibacillus paracasei,Z34,Contig,2640,1,1,385,192.0,1,1,1,1,1,A_TM
GCF_029370565.1,Enterococcus faecalis,PHS_L2_EN_IN,Chromosome,2360,1,1,388,179.7,1,1,1,1,0,A_TM
GCF_036850845.1,Lactococcus lactis,F1-M17-P,Contig,2659,1,0,,,0,0,0,0,0,D_dltE_absent
GCF_029370585.1,Enterococcus faecalis,PHS_L1_EN_IN,Chromosome,2284,1,1,388,180.2,1,1,1,1,0,A_TM
GCF_036776565.1,Enterococcus faecium,TSGB4228,Chromosome,2343,1,1,386,136.7,1,1,1,1,0,A_TM
GCF_003545945.1,Lacticaseibacillus paracasei,TJB4,Contig,2725,1,1,385,191.7,1,1,1,1,1,A_TM
GCF_016887835.1,Lacticaseibacillus paracasei,2333,Contig,3000,1,1,401,197.3,1,1,1,1,1,A_TM
GCF_002128765.1,Limosilactobacillus reuteri,KLR3006,Contig,2299,1,0,,,0,0,0,1,1,D_dltE_absent
GCF_902652135.1,Bifidobacterium longum,-,Contig,1958,0,0,,,0,0,0,0,0,E_no_dlt
GCF_045275335.1,Enterococcus faecium,MRD-KRGL,Chromosome,2362,1,1,386,134.9,1,1,1,1,0,A_TM
GCF_001721025.1,Enterococcus faecium,ISMMS_VRE_5,Chromosome,2793,1,1,386,130.7,1,1,1,1,0,A_TM
GCF_902166685.1,Enterococcus faecalis,4928STDY7387718,Chromosome,2762,1,1,388,180.2,1,1,1,1,0,A_TM
GCF_020553675.1,Lactococcus lactis,MSK.18.79,Contig,2390,1,0,,,0,0,0,0,0,D_dltE_absent
GCF_015552675.1,Limosilactobacillus reuteri,BSD2780061688_150302_A4,Scaffold,1857,1,0,,,0,0,0,1,1,D_dltE_absent
GCF_030360955.1,Lactococcus lactis,TOM.130,Contig,2605,1,0,,,0,0,0,0,0,D_dltE_absent
GCF_034745295.1,Limosilactobacillus reuteri,KCJ2K2628,Scaffold,2313,1,0,,,0,0,0,1,1,D_dltE_absent
GCF_028878255.1,Lacticaseibacillus paracasei,I2,Scaffold,2640,1,1,385,192.0,1,1,1,1,1,A_TM
GCF_022132485.1,Bifidobacterium longum,MSK.8.1,Contig,2074,0,0,,,0,0,0,0,0,E_no_dlt
GCF_029370545.1,Enterococcus faecalis,CF_L_EN_IN,Chromosome,2334,1,1,388,179.7,1,1,1,1,0,A_TM
GCF_033344545.1,Bifidobacterium longum,YGMCC0039,Contig,1948,0,0,,,0,0,0,0,0,E_no_dlt
GCF_036776575.1,Enterococcus faecium,TSGB4246,Chromosome,2292,1,1,386,138.1,1,1,1,1,0,A_TM
GCF_007632055.1,Enterococcus faecalis,SCAID PHRX1-2018,Chromosome,2451,1,1,388,178.7,1,1,1,1,0,A_TM
GCF_010363715.1,Lacticaseibacillus paracasei,D10-4,Contig,2687,1,1,385,190.6,1,1,1,1,1,A_TM
GCF_043099445.1,Enterococcus faecalis OG1RF,OG1RF,Chromosome,2500,1,1,388,175.6,1,1,1,1,0,A_TM
GCF_030360945.1,Lactococcus lactis,TOM.108,Contig,2518,1,0,,,0,0,0,0,0,D_dltE_absent
GCF_034745075.1,Limosilactobacillus reuteri,KCJ2K2673,Contig,2358,1,0,,,0,0,0,1,1,D_dltE_absent
GCF_029834675.1,Enterococcus faecium,S_F_L,Chromosome,2624,1,1,386,135.2,1,1,1,1,0,A_TM
GCF_056322365.1,Limosilactobacillus reuteri,BME PC 22.1R,Contig,1883,1,0,,,0,0,0,1,1,D_dltE_absent
GCF_018966925.1,Limosilactobacillus reuteri,LR1,Contig,1914,1,0,,,0,0,0,1,1,D_dltE_absent
GCF_019131725.1,Bifidobacterium longum,MSK.11.13,Contig,1890,0,0,,,0,0,0,0,0,E_no_dlt
GCF_030005445.1,Lactococcus lactis,CHLLm1,Scaffold,2312,1,0,,,0,0,0,0,0,D_dltE_absent
GCF_033659605.1,Bifidobacterium longum,YGMCC0870,Contig,1920,0,0,,,0,0,0,0,0,E_no_dlt
GCF_030291485.1,Bifidobacterium longum,2253B,Contig,1734,0,0,,,0,0,0,0,0,E_no_dlt
GCF_004006275.1,Enterococcus faecalis OG1RF,OG1RF,Chromosome,2454,1,1,388,175.6,1,1,1,1,0,A_TM
GCF_010974735.1,Lactococcus lactis,MS22337,Scaffold,2617,1,0,,,0,0,0,0,0,D_dltE_absent
GCF_000148445.1,Enterococcus faecalis TX4000,TX4000,Scaffold,2643,1,1,388,180.2,1,1,1,1,0,A_TM
GCF_025190825.1,Lacticaseibacillus paracasei,CIRM-BIA 2105,Contig,2563,1,1,385,192.1,1,1,1,1,1,A_TM
GCF_025189175.1,Lactococcus lactis,CIRM-BIA 77,Contig,2273,1,0,,,0,0,0,0,0,D_dltE_absent
GCF_030361225.1,Lacticaseibacillus paracasei,TOM.262,Contig,2629,1,1,390,187.5,1,1,1,1,1,A_TM
GCF_025189125.1,Lactococcus lactis,CIRM-BIA 1217,Contig,2166,1,0,,,0,0,0,0,0,D_dltE_absent
GCF_036778085.1,Enterococcus faecium,TSGB4247,Chromosome,2283,1,1,386,138.1,1,1,1,1,0,A_TM
GCF_036781765.1,Enterococcus faecium,TSGB4250,Chromosome,2281,1,1,386,138.1,1,1,1,1,0,A_TM
GCF_054031635.1,Lacticaseibacillus paracasei,134_1,Contig,2647,1,1,385,191.2,1,1,1,1,1,A_TM
GCF_046064485.1,Lactococcus lactis,NRRL B-50571,Contig,2464,1,0,,,0,0,0,0,0,D_dltE_absent
GCF_000148125.1,Enterococcus faecalis EnGen0311,TX0635,Scaffold,3030,1,1,388,183.0,1,1,1,1,0,A_TM
GCF_030360905.1,Lactococcus lactis,TOM.272,Contig,2683,1,0,,,0,0,0,0,0,D_dltE_absent
GCF_020785665.1,Limosilactobacillus reuteri,T3,Scaffold,1985,1,0,,,0,0,0,1,1,D_dltE_absent
GCF_003712875.1,Lacticaseibacillus paracasei,FAM6165,Scaffold,2526,1,1,385,192.1,1,1,1,1,1,A_TM
GCF_058244425.1,Limosilactobacillus reuteri,LR-G100,Contig,1828,1,0,,,0,0,0,1,1,D_dltE_absent
GCF_000827145.1,Lacticaseibacillus paracasei,KL1-Liu,Scaffold,2544,1,1,401,198.9,1,1,1,1,1,A_TM
GCF_035021805.1,Lacticaseibacillus paracasei,SRX10,Contig,2587,1,1,385,192.0,1,1,1,1,1,A_TM
GCF_020785395.1,Limosilactobacillus reuteri,MV4-1a,Scaffold,1942,1,0,,,0,0,0,1,1,D_dltE_absent
GCF_039753895.1,Bifidobacterium longum,RTP31083st1_F6_RTP31083_211112,Scaffold,1862,0,0,,,0,0,0,0,0,E_no_dlt
GCF_036779855.1,Enterococcus faecium,TSGB4248,Chromosome,2281,1,1,386,138.1,1,1,1,1,0,A_TM
GCF_052323495.1,Enterococcus faecium,F25,Chromosome,2313,1,1,386,136.6,1,1,1,1,0,A_TM
GCF_033659525.1,Bifidobacterium longum,YGMCC0794,Contig,2099,0,0,,,0,0,0,0,0,E_no_dlt
GCF_000148045.1,Enterococcus faecalis TX0855,TX0855,Scaffold,2793,1,1,388,180.2,1,1,1,1,0,A_TM
GCF_025189145.1,Lactococcus lactis,CIRM-BIA 1572,Contig,2505,1,0,,,0,0,0,0,0,D_dltE_absent
GCF_000147985.1,Enterococcus faecalis DAPTO 516,DAPTO 516,Scaffold,2901,1,1,388,182.1,1,1,1,1,0,A_TM
GCF_039631215.1,Lacticaseibacillus paracasei,B20,Contig,2678,1,1,385,192.0,1,1,1,1,1,A_TM
GCF_036784715.1,Enterococcus faecium,TSGB4256,Chromosome,2274,1,1,386,138.1,1,1,1,1,0,A_TM
GCF_025133065.1,Lactococcus lactis,754,Contig,2562,1,0,,,0,0,0,0,0,D_dltE_absent
GCF_034745415.1,Limosilactobacillus reuteri,KCJ2K2614,Scaffold,2322,1,0,,,0,0,0,1,1,D_dltE_absent
GCF_002997315.1,Enterococcus faecium,13-022,Chromosome,2666,1,1,386,132.7,1,1,1,1,0,A_TM
GCF_025189085.1,Lactococcus lactis,CIRM-BIA 851,Contig,2560,1,0,,,0,0,0,0,0,D_dltE_absent
GCF_036318365.1,Bifidobacterium longum,CM18M_75,Contig,1799,0,0,,,0,0,0,0,0,E_no_dlt
GCF_003712725.1,Lacticaseibacillus paracasei,FAM22280,Contig,2636,1,1,385,189.2,1,1,1,1,1,A_TM
GCF_025189005.1,Lactococcus lactis,CIRM-BIA 1210,Contig,2334,1,0,,,0,0,0,0,0,D_dltE_absent
GCF_040925095.1,Lacticaseibacillus paracasei,2201st1_C3_2201SCRN_220225,Scaffold,2793,1,1,305,179.5,1,1,1,1,1,C_CYTO
GCF_000148085.1,Enterococcus faecalis TX0860,TX0860,Scaffold,2899,1,1,388,180.2,1,1,1,1,0,A_TM
GCF_036783315.1,Enterococcus faecium,TSGB4252,Chromosome,2284,1,1,386,138.1,1,1,1,1,0,A_TM
GCF_039631235.1,Lacticaseibacillus paracasei,L18,Contig,2657,1,1,385,192.0,1,1,1,1,1,A_TM
GCF_036884325.1,Enterococcus faecium,QD-2,Chromosome,2464,1,1,386,134.9,1,1,1,1,0,A_TM
GCF_002112195.1,Limosilactobacillus reuteri,M27U15,Scaffold,1911,1,0,,,0,0,0,1,1,D_dltE_absent
GCF_036784665.1,Enterococcus faecium,TSGB4253,Chromosome,2281,1,1,386,138.1,1,1,1,1,0,A_TM
GCF_002997345.1,Enterococcus faecium,13-009,Chromosome,2772,1,1,386,130.7,1,1,1,1,0,A_TM
GCF_025133095.1,Lactococcus lactis,752,Contig,2416,1,0,,,0,0,0,0,0,D_dltE_absent
GCF_010974745.1,Lactococcus lactis,MS22314,Scaffold,2648,1,0,,,0,0,0,0,0,D_dltE_absent
GCF_033658685.1,Bifidobacterium longum,YGMCC0429,Contig,2099,0,0,,,0,0,0,0,0,E_no_dlt
GCF_025188925.1,Lactococcus lactis,CIRM-BIA 1211,Contig,2506,1,0,,,0,0,0,0,0,D_dltE_absent
GCF_003346025.1,Lacticaseibacillus paracasei,KMB_622,Contig,2518,1,1,385,192.0,1,1,1,1,1,A_TM
GCF_003712505.1,Lacticaseibacillus paracasei,FAM18168,Contig,2614,1,1,385,192.1,1,1,1,1,1,A_TM
GCF_000148005.1,Enterococcus faecalis DAPTO 512,DAPTO 512,Scaffold,2896,1,1,388,182.1,1,1,1,1,0,A_TM
GCF_003712395.1,Lacticaseibacillus paracasei,FAM18113,Scaffold,2600,1,1,401,196.8,1,1,1,1,1,A_TM
GCF_024372785.1,Enterococcus faecium,EF-IBT-2022,Chromosome,2444,1,1,386,134.9,1,1,1,1,0,A_TM
GCF_051131665.1,Enterococcus faecium,M30,Chromosome,2332,1,1,386,133.4,1,1,1,1,0,A_TM
GCF_002128515.1,Limosilactobacillus reuteri,KLR1002,Contig,2576,1,0,,,0,0,0,1,1,D_dltE_absent
GCF_009937865.1,Enterococcus faecium,ME3,Chromosome,2751,1,1,386,130.7,1,1,1,1,0,A_TM
GCF_022496415.1,Bifidobacterium longum,2226B,Contig,1885,0,0,,,0,0,0,0,0,E_no_dlt
GCF_020785455.1,Limosilactobacillus reuteri,MM36-1a,Scaffold,1985,1,0,,,0,0,0,1,1,D_dltE_absent
GCF_033658885.1,Bifidobacterium longum,YGMCC0492,Contig,1773,0,0,,,0,0,0,0,0,E_no_dlt
GCF_025132965.1,Lactococcus lactis,1037,Contig,2554,1,0,,,0,0,0,0,0,D_dltE_absent
GCF_000148225.1,Enterococcus faecalis TX1341,TX1341,Scaffold,2851,1,1,388,178.7,1,1,1,1,0,A_TM
GCF_000147515.1,Enterococcus faecalis TX0043,TX0043,Scaffold,2648,1,1,388,180.2,1,1,1,1,0,A_TM
GCF_000376145.1,Lacticaseibacillus paracasei,UW4,Contig,2417,1,1,385,192.1,1,1,1,1,1,A_TM
GCF_052692195.1,Lacticaseibacillus paracasei,H64,Contig,2791,1,1,385,192.1,1,1,1,1,1,A_TM
GCF_012971025.1,Limosilactobacillus reuteri,Z3,Scaffold,1929,1,0,,,0,0,0,1,1,D_dltE_absent
GCF_012971105.1,Limosilactobacillus reuteri,N6,Scaffold,1864,1,0,,,0,0,0,1,1,D_dltE_absent
GCF_902166835.1,Enterococcus faecium,4928STDY7387800,Chromosome,2294,1,1,386,132.8,1,1,1,1,0,A_TM
GCF_039623955.1,Enterococcus faecium,CF1_Cattle_EFm,Chromosome,2128,1,1,382,135.1,1,1,1,1,0,A_TM
GCF_050846705.1,Bifidobacterium longum,PT4,Scaffold,1827,0,0,,,0,0,0,0,0,E_no_dlt
GCF_003094935.1,Bifidobacterium longum,DS18_3,Contig,2049,0,0,,,0,0,0,0,0,E_no_dlt
GCF_054880045.1,Lactococcus lactis,NGC-1,Contig,2407,1,0,,,0,0,0,0,0,D_dltE_absent
GCF_025188885.1,Lactococcus lactis,CIRM-BIA 637,Contig,2350,1,0,,,0,0,0,0,0,D_dltE_absent
GCF_000147295.1,Enterococcus faecalis TX4244,TX4244,Scaffold,2761,1,1,388,180.2,1,1,1,1,0,A_TM
GCF_000148245.1,Enterococcus faecalis TX0012,TX0012,Scaffold,2619,1,1,388,180.7,1,1,1,1,0,A_TM
GCF_004368425.1,Lacticaseibacillus paracasei,INF 448,Contig,2432,1,1,385,192.1,1,1,1,1,1,A_TM
GCF_001062665.1,Lacticaseibacillus paracasei,1316.rep1_LPAR,Scaffold,2541,1,1,385,190.6,1,1,1,1,1,A_TM
GCF_020785435.1,Limosilactobacillus reuteri,M81-R43,Scaffold,2061,1,0,,,0,0,0,1,1,D_dltE_absent
GCF_012971035.1,Limosilactobacillus reuteri,N7,Scaffold,1810,1,0,,,0,0,0,1,1,D_dltE_absent
GCF_902166525.1,Enterococcus faecium,4928STDY7071282,Chromosome,2228,1,1,386,130.8,1,1,1,1,0,A_TM
GCF_902166655.1,Enterococcus faecium,4928STDY7071735,Chromosome,2190,1,1,386,131.0,1,1,1,1,0,A_TM
GCF_003467905.1,Bifidobacterium longum,AM34-3,Scaffold,1902,0,0,,,0,0,0,0,0,E_no_dlt
GCF_964238715.1,Bifidobacterium longum,-,Scaffold,2033,0,0,,,0,0,0,0,0,E_no_dlt
GCF_039871415.1,Lactococcus lactis,OSY-92,Scaffold,2515,1,0,,,0,0,0,0,0,D_dltE_absent
GCF_900240935.1,Lactococcus lactis,-,Contig,2514,1,0,,,0,0,0,0,0,D_dltE_absent
GCF_000147475.1,Enterococcus faecalis TX1342,TX1342,Scaffold,2647,1,1,388,176.6,1,1,1,1,0,A_TM
GCF_039566565.1,Lacticaseibacillus paracasei,G185,Contig,2753,1,1,385,192.1,1,1,1,1,1,A_TM
GCF_000148065.1,Enterococcus faecalis TX2134,TX2134,Scaffold,2985,1,1,388,180.0,1,1,1,1,0,A_TM
GCF_001982095.1,Lacticaseibacillus paracasei,RI-195,Scaffold,2851,1,1,385,192.1,1,1,1,1,1,A_TM
GCF_050314615.1,Limosilactobacillus reuteri,SGI.088,Contig,1794,1,0,,,0,0,0,1,1,D_dltE_absent
GCF_004006255.1,Enterococcus faecium Com15,Com15,Chromosome,2037,1,0,,,0,0,0,1,0,D_dltE_absent
GCF_025133015.1,Lactococcus lactis,1034,Contig,2523,1,0,,,0,0,0,0,0,D_dltE_absent
GCF_902166385.1,Enterococcus faecium,4928STDY7071283,Chromosome,2238,1,1,386,130.8,1,1,1,1,0,A_TM
GCF_019128435.1,Bifidobacterium longum,MSK.19.61,Contig,2081,0,0,,,0,0,0,0,0,E_no_dlt
GCF_036867685.1,Lactococcus lactis,Lc 21.1,Contig,2351,1,0,,,0,0,0,0,0,D_dltE_absent
GCF_003468825.1,Bifidobacterium longum,AM30-9LB,Scaffold,1892,0,0,,,0,0,0,0,0,E_no_dlt
GCF_009741875.1,Lactococcus lactis,LL_AVK,Contig,2332,1,0,,,0,0,0,0,0,D_dltE_absent
GCF_000147575.1,Enterococcus faecalis TX0309B,TX0309B,Scaffold,2990,1,1,388,178.7,1,1,1,1,0,A_TM
GCF_000147555.1,Enterococcus faecalis TX0309A,TX0309A,Scaffold,2994,1,1,388,178.7,1,1,1,1,0,A_TM
GCF_039566245.1,Lacticaseibacillus paracasei,Z11,Contig,2715,1,1,385,192.1,1,1,1,1,1,A_TM
GCF_039566655.1,Lacticaseibacillus paracasei,G183,Contig,2692,1,1,385,192.1,1,1,1,1,1,A_TM
GCF_012971085.1,Limosilactobacillus reuteri,N4,Scaffold,1864,1,0,,,0,0,0,1,1,D_dltE_absent
GCF_012971095.1,Limosilactobacillus reuteri,N5,Scaffold,1836,1,0,,,0,0,0,1,1,D_dltE_absent
GCF_056485815.1,Enterococcus faecium,s52e1,Chromosome,2932,1,1,389,149.6,1,1,1,1,0,A_TM
GCF_000411655.2,Enterococcus faecium UC7251,UC7251,Chromosome,2493,1,1,386,130.7,1,1,1,1,0,A_TM
GCF_019128295.1,Bifidobacterium longum,MSK.19.51,Contig,2075,0,0,,,0,0,0,0,0,E_no_dlt
GCF_019128225.1,Bifidobacterium longum,MSK.19.70,Contig,2081,0,0,,,0,0,0,0,0,E_no_dlt
GCF_030361005.1,Lactococcus lactis,TOM.113,Contig,2381,1,0,,,0,0,0,0,0,D_dltE_absent
GCF_003838425.1,Lactococcus lactis,IPLA729,Scaffold,2358,1,0,,,0,0,0,0,0,D_dltE_absent
GCF_000147905.1,Enterococcus faecalis TX0017,TX0017,Scaffold,2855,1,1,388,178.7,1,1,1,1,0,A_TM
GCF_000147595.1,Enterococcus faecalis TX2137,TX2137,Scaffold,2787,1,1,388,180.2,1,1,1,1,0,A_TM
GCF_039631055.1,Lacticaseibacillus paracasei,B19,Contig,2695,1,1,385,192.0,1,1,1,1,1,A_TM
GCF_057180405.1,Lacticaseibacillus paracasei,AKSCTej37.1,Contig,2485,1,1,385,190.3,1,1,1,1,1,A_TM
GCF_012971185.1,Limosilactobacillus reuteri,N1,Scaffold,1830,1,0,,,0,0,0,1,1,D_dltE_absent
GCF_050314015.1,Limosilactobacillus reuteri,SGI.130,Contig,1836,1,0,,,0,0,0,1,1,D_dltE_absent
GCF_055661495.1,Enterococcus faecium,MEM18094,Chromosome,2940,1,1,389,149.6,1,1,1,1,0,A_TM
GCF_022693745.1,Enterococcus faecium,VRE-WC084,Chromosome,2834,1,1,386,130.7,1,1,1,1,0,A_TM
GCF_039759335.1,Bifidobacterium longum,BSD3178071175st1_G10_BSD3178071176_160815,Scaffold,1992,0,0,,,0,0,0,0,0,E_no_dlt
GCF_019128585.1,Bifidobacterium longum,MSK.19.27,Contig,2081,0,0,,,0,0,0,0,0,E_no_dlt
GCF_900240955.1,Lactococcus lactis,-,Contig,2538,1,0,,,0,0,0,0,0,D_dltE_absent
GCF_056479265.1,Lactococcus lactis,17C,Contig,2435,1,0,,,0,0,0,0,0,D_dltE_absent
GCF_000147535.1,Enterococcus faecalis TX0027,TX0027,Scaffold,2922,1,1,388,180.2,1,1,1,1,0,A_TM
GCF_040925085.1,Lacticaseibacillus paracasei,1001217st1_E6_RTP21198_201120,Scaffold,2417,1,1,385,192.0,1,1,1,1,1,A_TM
GCF_000147275.1,Enterococcus faecalis TX0031,TX0031,Scaffold,2625,1,1,388,180.2,1,1,1,1,0,A_TM
GCF_030361345.1,Lacticaseibacillus paracasei,TOM.88,Contig,2534,1,1,401,198.1,1,1,1,1,1,A_TM
GCF_012971115.1,Limosilactobacillus reuteri,N3,Scaffold,1811,1,0,,,0,0,0,1,1,D_dltE_absent
GCF_900682735.1,Enterococcus faecium,-,Chromosome,2815,1,1,389,149.6,1,1,1,1,0,A_TM
GCF_012971125.1,Limosilactobacillus reuteri,N2,Scaffold,1860,1,0,,,0,0,0,1,1,D_dltE_absent
GCF_000148205.1,Enterococcus faecalis TX0645,TX0645,Scaffold,3040,1,1,388,179.3,1,1,1,1,0,A_TM
GCF_019042095.1,Bifidobacterium longum,MSK.6.34,Contig,1879,0,0,,,0,0,0,0,0,E_no_dlt
GCF_025188855.1,Lactococcus lactis,CIRM-BIA 639,Contig,2597,1,0,,,0,0,0,0,0,D_dltE_absent
GCF_900157065.1,Bifidobacterium longum,-,Contig,2427,0,0,,,0,0,0,0,0,E_no_dlt
GCF_000148105.1,Enterococcus faecalis TX0109,TX0109,Scaffold,2803,1,1,388,179.7,1,1,1,1,0,A_TM
GCF_002253755.1,Limosilactobacillus reuteri,601f,Scaffold,2024,1,0,,,0,0,0,1,1,D_dltE_absent
GCF_000148305.1,Enterococcus faecalis TX0312,TX0312,Scaffold,2603,1,1,388,180.2,1,1,1,1,0,A_TM
GCF_012970985.1,Limosilactobacillus reuteri,Z2,Scaffold,1932,1,0,,,0,0,0,1,1,D_dltE_absent
GCF_019041555.1,Bifidobacterium longum,MSK.8.8,Contig,1897,0,0,,,0,0,0,0,0,E_no_dlt
GCF_003712525.1,Lacticaseibacillus paracasei,FAM18133,Scaffold,2475,1,1,401,196.8,1,1,1,1,1,A_TM
GCF_050313095.1,Limosilactobacillus reuteri,SGI.216,Contig,1798,1,0,,,0,0,0,1,1,D_dltE_absent
GCF_030334805.1,Bifidobacterium longum,AO44,Scaffold,2157,0,0,,,0,0,0,0,0,E_no_dlt
GCF_000148185.1,Enterococcus faecalis TX0411,TX0411,Scaffold,2992,1,1,388,180.7,1,1,1,1,0,A_TM
GCF_028551565.1,Enterococcus faecium,K192-1,Chromosome,2391,1,1,386,134.9,1,1,1,1,0,A_TM
GCF_039759355.1,Bifidobacterium longum,1010st1_A7_1010SCRN_200918,Scaffold,1907,0,0,,,0,0,0,0,0,E_no_dlt
GCF_000148265.1,Enterococcus faecalis TX0470,TX0470,Scaffold,2723,1,1,388,178.5,1,1,1,1,0,A_TM
GCF_901600695.1,Limosilactobacillus reuteri,Marseille-P5460,Scaffold,1569,1,0,,,0,0,0,1,1,D_dltE_absent
GCF_025188985.1,Lactococcus lactis,CIRM-BIA 88,Contig,2440,1,0,,,0,0,0,0,0,D_dltE_absent
GCF_000147495.1,Enterococcus faecalis TX1302,TX1302,Scaffold,2703,1,1,388,179.7,1,1,1,1,0,A_TM
GCF_040098185.1,Bifidobacterium longum,CLA-JM-H30C,Contig,2119,0,0,,,0,0,0,0,0,E_no_dlt
GCF_034745275.1,Limosilactobacillus reuteri,KCJ2K2638,Scaffold,2299,1,0,,,0,0,0,1,1,D_dltE_absent
GCF_018966985.1,Lacticaseibacillus paracasei,MA2,Contig,2574,1,1,385,192.1,1,1,1,1,1,A_TM
GCF_034745035.1,Limosilactobacillus reuteri,KCJ2K2681,Contig,2228,1,0,,,0,0,0,1,1,D_dltE_absent
GCF_056858165.1,Enterococcus faecium,10K2M,Chromosome,2399,1,1,386,136.6,1,1,1,1,0,A_TM
GCF_900157195.1,Bifidobacterium longum,-,Contig,1854,0,0,,,0,0,0,0,0,E_no_dlt
GCF_900682755.1,Enterococcus faecium,-,Chromosome,2977,1,1,389,149.6,1,1,1,1,0,A_TM
GCF_029340215.1,Bifidobacterium longum,RC30_18993_HHC,Contig,1925,0,0,,,0,0,0,0,0,E_no_dlt
GCF_900240925.1,Lactococcus lactis,-,Scaffold,2538,1,0,,,0,0,0,0,0,D_dltE_absent
GCF_000147925.1,Enterococcus faecalis TX4248,TX4248,Scaffold,3047,1,1,388,180.2,1,1,1,1,0,A_TM
GCF_025188735.1,Lactococcus lactis,CIRM-BIA 852,Scaffold,2565,1,0,,,0,0,0,0,0,D_dltE_absent
GCF_900682725.1,Enterococcus faecium,-,Chromosome,2734,1,1,389,149.6,1,1,1,1,0,A_TM
GCF_000147215.1,Enterococcus faecalis TX0102,TX0102,Scaffold,2664,1,1,388,180.2,1,1,1,1,0,A_TM
GCF_034745155.1,Limosilactobacillus reuteri,KCJ2K2647,Contig,2289,1,0,,,0,0,0,1,1,D_dltE_absent
GCF_018967025.1,Lacticaseibacillus paracasei,ABK,Contig,2448,1,1,385,191.0,1,1,1,1,1,A_TM
GCF_025188965.1,Lactococcus lactis,CIRM-BIA 633,Contig,2423,1,0,,,0,0,0,0,0,D_dltE_absent
GCF_900682745.1,Enterococcus faecium,-,Chromosome,2440,1,1,389,149.6,1,1,1,1,0,A_TM
GCF_000148025.1,Enterococcus faecium TX0082,TX0082,Scaffold,2571,1,1,386,130.7,1,1,1,1,0,A_TM
GCF_900157155.1,Bifidobacterium longum,-,Contig,1983,0,0,,,0,0,0,0,0,E_no_dlt
GCF_014155825.1,Lacticaseibacillus paracasei,DPC 7150,Contig,2638,1,1,401,196.8,1,1,1,1,1,A_TM
GCF_007097605.1,Lactococcus lactis,M1712.1,Contig,2459,1,0,,,0,0,0,0,0,D_dltE_absent
GCF_010974775.1,Lactococcus lactis,MS22336,Scaffold,2667,1,0,,,0,0,0,0,0,D_dltE_absent
GCF_023470645.1,Lacticaseibacillus paracasei,KF1,Contig,2442,1,1,385,191.0,1,1,1,1,1,A_TM
GCF_900682765.1,Enterococcus faecium,-,Chromosome,2635,1,1,386,134.9,1,1,1,1,0,A_TM
GCF_036942465.1,Lacticaseibacillus paracasei,KLDS 82,Scaffold,2697,1,1,401,196.8,1,1,1,1,1,A_TM
GCF_025211265.1,Lacticaseibacillus paracasei,1015,Contig,2794,1,1,401,192.9,1,1,1,1,1,A_TM
GCF_000147455.1,Enterococcus faecalis TX1346,TX1346,Scaffold,2603,1,1,388,179.7,1,1,1,1,0,A_TM
GCF_030360985.1,Lactococcus lactis,TOM.126,Contig,2514,1,0,,,0,0,0,0,0,D_dltE_absent
GCF_000147235.1,Enterococcus faecium TX0133a04,TX0133a04,Scaffold,2812,1,1,386,130.7,1,1,1,1,0,A_TM
GCF_000148145.1,Enterococcus faecium TX0133B,TX0133B,Scaffold,2829,1,1,386,130.7,1,1,1,1,0,A_TM
GCF_901600665.1,Limosilactobacillus reuteri,Marseille-P4870,Scaffold,1544,1,0,,,0,0,0,1,1,D_dltE_absent
GCF_023470655.1,Lacticaseibacillus paracasei,MA3,Contig,2558,1,1,385,192.1,1,1,1,1,1,A_TM
GCF_022509735.1,Lactococcus lactis,EIP07A,Contig,2430,1,0,,,0,0,0,0,0,D_dltE_absent
GCF_022509285.1,Lactococcus lactis,QAULLNA8,Scaffold,2494,1,0,,,0,0,0,0,0,D_dltE_absent
GCF_019041665.1,Bifidobacterium longum,MSK.8.36,Contig,2053,0,0,,,0,0,0,0,0,E_no_dlt
GCF_000148165.1,Enterococcus faecalis TX2141,TX2141,Scaffold,2767,1,1,388,180.2,1,1,1,1,0,A_TM
GCF_030361135.1,Lacticaseibacillus paracasei,TOM.264,Contig,2429,1,1,401,198.1,1,1,1,1,1,A_TM
GCF_025211235.1,Lacticaseibacillus paracasei,1017,Contig,2473,1,1,385,191.2,1,1,1,1,1,A_TM
GCF_053761385.1,Enterococcus faecalis,SS1273,Contig,2664,1,1,388,180.2,1,1,1,1,0,A_TM
GCF_901600675.1,Limosilactobacillus reuteri,Marseille-P5461,Scaffold,1572,1,0,,,0,0,0,1,1,D_dltE_absent
GCF_000147315.1,Enterococcus faecium TX0133C,TX0133C,Scaffold,2800,1,1,386,130.7,1,1,1,1,0,A_TM
GCF_000148285.1,Enterococcus faecium TX0133A,TX0133A,Scaffold,2826,1,1,386,130.7,1,1,1,1,0,A_TM
GCF_034745355.1,Limosilactobacillus reuteri,KCJ2K2623,Contig,2237,1,0,,,0,0,0,1,1,D_dltE_absent
GCF_007096405.1,Lactococcus lactis,M1710.1,Contig,2522,1,0,,,0,0,0,0,0,D_dltE_absent
GCF_039759495.1,Bifidobacterium longum,1001099st1_G3_1001099B_141217,Scaffold,1808,0,0,,,0,0,0,0,0,E_no_dlt
GCF_025189235.1,Lactococcus lactis,CIRM-BIA 46,Contig,2567,1,0,,,0,0,0,0,0,D_dltE_absent
GCF_004368475.1,Lacticaseibacillus paracasei,INF 10,Contig,2602,1,1,401,196.8,1,1,1,1,1,A_TM
GCF_002833215.1,Bifidobacterium longum,DPC6323,Contig,1942,0,0,,,0,0,0,0,0,E_no_dlt
GCF_034745135.1,Limosilactobacillus reuteri,KCJ2K2653,Scaffold,2267,1,0,,,0,0,0,1,1,D_dltE_absent
GCF_025190775.1,Lacticaseibacillus paracasei,CIRM-BIA 1440,Contig,2401,1,1,401,197.0,1,1,1,1,1,A_TM
GCF_000148325.1,Enterococcus faecium TX0133a01,TX0133a01,Scaffold,2941,1,1,386,130.7,1,1,1,1,0,A_TM
GCF_900447895.1,Enterococcus faecalis,NCTC775,Contig,2653,1,1,388,180.2,1,1,1,1,0,A_TM
GCF_036318065.1,Bifidobacterium longum,CM74B_52,Contig,2019,0,0,,,0,0,0,0,0,E_no_dlt
GCF_900447735.1,Enterococcus faecium,NCTC7171,Contig,2432,1,1,386,134.9,1,1,1,1,0,A_TM
GCF_025188935.1,Lactococcus lactis,CIRM-BIA 635,Contig,2333,1,0,,,0,0,0,0,0,D_dltE_absent
GCF_012971005.1,Limosilactobacillus reuteri,Z5,Scaffold,1932,1,0,,,0,0,0,1,1,D_dltE_absent
GCF_000147255.1,Enterococcus faecalis TX0630,TX0630,Scaffold,3153,1,1,388,183.0,1,1,1,1,0,A_TM
GCF_025189025.1,Lactococcus lactis,CIRM-BIA 1216,Contig,2602,1,0,,,0,0,0,0,0,D_dltE_absent
GCF_033659405.1,Bifidobacterium longum,YGMCC0746,Contig,2098,0,0,,,0,0,0,0,0,E_no_dlt
GCF_015670995.1,Bifidobacterium longum,BSD2780120875b_170604_H11,Scaffold,1964,0,0,,,0,0,0,0,0,E_no_dlt
GCF_901600705.1,Limosilactobacillus reuteri,Marseille-P4904,Scaffold,1546,1,0,,,0,0,0,1,1,D_dltE_absent
GCF_039631065.1,Lacticaseibacillus paracasei,B18,Contig,2711,1,1,385,192.0,1,1,1,1,1,A_TM
GCF_001544235.1,Enterococcus faecalis ATCC 19433 = NBRC 100480,NBRC 100480,Contig,2669,1,1,388,180.2,1,1,1,1,0,A_TM
GCF_022133665.1,Bifidobacterium longum,DFI.7.57,Contig,2163,0,0,,,0,0,0,0,0,E_no_dlt
GCF_978046035.1,Enterococcus faecium,3440819963,Contig,2920,1,1,386,132.7,1,1,1,1,0,A_TM
GCF_026953455.1,Enterococcus faecium,LMG 11423,Scaffold,2430,1,1,386,134.9,1,1,1,1,0,A_TM
GCF_014336805.1,Limosilactobacillus reuteri,OSU_LbReu_2.2,Contig,2553,1,0,,,0,0,0,1,1,D_dltE_absent
GCF_015311765.1,Enterococcus faecalis,NCTC 775,Contig,2670,1,1,388,180.2,1,1,1,1,0,A_TM
GCF_010974785.1,Lactococcus lactis,MS22333,Scaffold,2638,1,0,,,0,0,0,0,0,D_dltE_absent
GCF_023524075.1,Enterococcus faecalis,51271926,Contig,3212,1,1,388,178.7,1,1,1,1,0,A_TM
GCF_003712685.1,Lacticaseibacillus paracasei,FAM22278,Contig,2602,1,1,385,192.1,1,1,1,1,1,A_TM
GCF_034745315.1,Limosilactobacillus reuteri,KCJ2K2624,Contig,2281,1,0,,,0,0,0,1,1,D_dltE_absent
GCF_060018435.1,Lactococcus lactis subsp. lactis,CECT 31096,Contig,2456,1,0,,,0,0,0,0,0,D_dltE_absent
GCF_015555575.1,Lacticaseibacillus paracasei,1001095A_150126_G7,Contig,2860,1,1,401,198.9,1,1,1,1,1,A_TM
GCF_053761295.1,Enterococcus faecium,SS1274,Contig,2291,1,1,386,134.9,1,1,1,1,0,A_TM
GCF_964245135.1,Bifidobacterium longum,-,Scaffold,1886,0,0,,,0,0,0,0,0,E_no_dlt
GCF_003175115.1,Limosilactobacillus reuteri,LR6,Scaffold,2050,1,0,,,0,0,0,1,1,D_dltE_absent
GCF_045022715.1,Enterococcus faecium,NCTC 7171,Contig,2314,1,1,386,134.9,1,1,1,1,0,A_TM
GCF_900248205.1,Lactococcus lactis,-,Contig,2909,1,0,,,0,0,0,0,0,D_dltE_absent
GCF_000392875.1,Enterococcus faecalis ATCC 19433 = NBRC 100480,ATCC 19433,Scaffold,2676,1,1,388,180.2,1,1,1,1,0,A_TM
GCF_039734125.1,Bifidobacterium longum,BSD3178071175st1_E6_BSD3178071176_160815,Scaffold,1994,0,0,,,0,0,0,0,0,E_no_dlt
GCF_900240965.1,Lactococcus lactis,-,Contig,2456,1,0,,,0,0,0,0,0,D_dltE_absent
GCF_001066565.1,Lacticaseibacillus paracasei,844_LCAS,Scaffold,2545,1,1,385,190.6,1,1,1,1,1,A_TM
GCF_012971015.1,Limosilactobacillus reuteri,Z6,Scaffold,1846,1,0,,,0,0,0,1,1,D_dltE_absent
GCF_003346265.1,Lacticaseibacillus paracasei,KMB_616,Contig,2467,1,1,385,192.0,1,1,1,1,1,A_TM
GCF_018070805.1,Enterococcus faecium,AUSMDU00011858,Contig,2848,1,1,389,149.6,1,1,1,1,0,A_TM
GCF_001544255.1,Enterococcus faecium NBRC 100486,NBRC 100486,Contig,2319,1,1,386,134.9,1,1,1,1,0,A_TM
GCF_033658425.1,Bifidobacterium longum,YGMCC0069,Contig,2098,0,0,,,0,0,0,0,0,E_no_dlt
GCF_015356315.1,Enterococcus faecium,VREA2,Contig,2968,1,1,389,149.6,1,1,1,1,0,A_TM
GCF_003046915.1,Enterococcus faecalis,B3286,Contig,3172,1,1,388,178.7,1,1,1,1,0,A_TM
GCF_056048155.1,Lactococcus lactis subsp. lactis,L3,Contig,2649,1,0,,,0,0,0,0,0,D_dltE_absent
GCF_900447805.1,Enterococcus faecalis,NCTC13779,Contig,3214,1,1,388,178.7,1,1,1,1,0,A_TM
GCF_900448045.1,Enterococcus faecalis,NCTC13379,Contig,3289,1,1,388,178.7,1,1,1,1,0,A_TM
GCF_003175035.1,Limosilactobacillus reuteri,LR12,Scaffold,2052,1,0,,,0,0,0,1,1,D_dltE_absent
GCF_037075595.1,Lactococcus lactis subsp. lactis,TolaII67,Contig,2478,1,0,,,0,0,0,0,0,D_dltE_absent
GCF_000703145.1,Lactococcus lactis subsp. lactis,511,Contig,2333,1,0,,,0,0,0,0,0,D_dltE_absent
GCF_038149605.1,Lactococcus lactis subsp. lactis,DOME 6301,Contig,2391,1,0,,,0,0,0,0,0,D_dltE_absent
GCF_003436595.1,Bifidobacterium longum,TM02-7,Scaffold,1909,0,0,,,0,0,0,0,0,E_no_dlt
GCF_034745335.1,Limosilactobacillus reuteri,KCJ2K2615,Contig,2365,1,0,,,0,0,0,1,1,D_dltE_absent
GCF_003175085.1,Limosilactobacillus reuteri,LR7,Scaffold,2050,1,0,,,0,0,0,1,1,D_dltE_absent
GCF_022509405.1,Limosilactobacillus reuteri,QAULRN15,Scaffold,2045,1,0,,,0,0,0,1,1,D_dltE_absent
GCF_015356265.1,Enterococcus faecium,VREA3,Contig,3130,1,1,389,149.6,1,1,1,1,0,A_TM
GCF_003436505.1,Bifidobacterium longum,TM04-17,Scaffold,1996,0,0,,,0,0,0,0,0,E_no_dlt
GCF_005844345.1,Bifidobacterium longum,1001271st1_B4,Scaffold,1964,0,0,,,0,0,0,0,0,E_no_dlt
GCF_015670955.1,Bifidobacterium longum,1001271B_150615_B4,Scaffold,1964,0,0,,,0,0,0,0,0,E_no_dlt
GCF_032027865.1,Enterococcus faecalis,51271924,Scaffold,3222,1,1,388,178.7,1,1,1,1,0,A_TM
GCF_978046005.1,Enterococcus faecium,3440814320,Contig,2988,1,1,389,149.6,1,1,1,1,0,A_TM
GCF_030714975.1,Enterococcus faecium,732558,Contig,2711,1,1,386,129.5,1,1,0,1,0,A_TM
GCF_053161215.2,Enterococcus faecium,VRE_14,Contig,2816,1,1,386,130.7,1,1,1,1,0,A_TM
GCF_002866835.1,Lactococcus lactis subsp. lactis,WFLU12,Contig,2432,1,0,,,0,0,0,0,0,D_dltE_absent
GCF_003046875.1,Enterococcus faecalis,B4969,Contig,3203,1,1,388,178.7,1,1,1,1,0,A_TM
GCF_003046965.1,Enterococcus faecalis,B2535,Contig,3228,1,1,388,178.7,1,1,1,1,0,A_TM
GCF_058136195.1,Bifidobacterium longum,BCMC 02123,Contig,2051,0,0,,,0,0,0,0,0,E_no_dlt
GCF_034745115.1,Limosilactobacillus reuteri,KCJ2K2660,Contig,2208,1,0,,,0,0,0,1,1,D_dltE_absent
GCF_059652135.1,Lactococcus lactis subsp. lactis,Rbx7,Contig,2433,1,0,,,0,0,0,0,0,D_dltE_absent
GCF_013249195.1,Lactococcus lactis subsp. lactis,BIO6722,Contig,2493,1,0,,,0,0,0,0,0,D_dltE_absent
GCF_003471345.1,Bifidobacterium longum,AM20-3,Scaffold,1809,0,0,,,0,0,0,0,0,E_no_dlt
GCF_053160955.2,Enterococcus faecium,VRE_06,Contig,2973,1,1,389,149.6,1,1,1,1,0,A_TM
GCF_034745175.1,Limosilactobacillus reuteri,KCJ2K2646,Contig,2281,1,0,,,0,0,0,1,1,D_dltE_absent
GCF_020784195.1,Limosilactobacillus reuteri subsp. simiae,LR124,Scaffold,2109,1,0,,,0,0,0,1,1,D_dltE_absent
GCF_059838285.1,Enterococcus faecium,-,Contig,2882,1,1,389,149.6,1,1,1,1,0,A_TM
GCF_002206445.1,Enterococcus faecalis,FDAARGOS_322,Contig,3011,1,1,388,180.2,1,1,1,1,0,A_TM
GCF_039754175.1,Bifidobacterium longum,RTP21488st1_A9_RTP21489_200313,Scaffold,1891,0,0,,,0,0,0,0,0,E_no_dlt
GCF_039754115.1,Bifidobacterium longum,RTP21489st1_G8_RTP21489_200313,Scaffold,1891,0,0,,,0,0,0,0,0,E_no_dlt
GCF_023524085.1,Enterococcus faecalis,51271223,Contig,3011,1,1,388,180.2,1,1,1,1,0,A_TM
GCF_054889805.1,Enterococcus faecium,2976,Contig,2934,1,1,389,149.6,1,1,1,1,0,A_TM
GCF_040170605.1,Lactococcus lactis subsp. lactis,DGCC12653,Contig,2556,1,0,,,0,0,0,0,0,D_dltE_absent
GCF_978045985.1,Enterococcus faecium,3431973884,Contig,2955,1,1,389,149.6,1,1,1,1,0,A_TM
GCF_055180275.1,Lactococcus lactis subsp. lactis,FAM 17958,Contig,2508,1,0,,,0,0,0,0,0,D_dltE_absent
GCF_003046945.1,Enterococcus faecalis,B1734,Contig,3208,1,1,388,178.7,1,1,1,1,0,A_TM
GCF_020784555.1,Limosilactobacillus reuteri subsp. peregrinus,LR88,Scaffold,2001,1,0,,,0,0,0,1,1,D_dltE_absent
GCF_034745375.1,Limosilactobacillus reuteri,KCJ2K2620,Scaffold,2250,1,0,,,0,0,0,1,1,D_dltE_absent
GCF_034104945.1,Lactococcus lactis subsp. lactis,LBC11,Contig,2315,1,0,,,0,0,0,0,0,D_dltE_absent
GCF_003046905.1,Enterococcus faecalis,B2949,Contig,3077,1,1,388,178.7,1,1,1,1,0,A_TM
GCF_019125315.1,Bifidobacterium longum,MSK.5.15,Contig,2230,0,0,,,0,0,0,0,0,E_no_dlt
GCF_034745395.1,Limosilactobacillus reuteri,KCJ2K2610,Contig,2286,1,0,,,0,0,0,1,1,D_dltE_absent
GCF_925292645.1,Lactococcus lactis subsp. lactis,-,Contig,2352,1,0,,,0,0,0,0,0,D_dltE_absent
GCF_003472605.1,Bifidobacterium longum,AM10-15B,Scaffold,1907,0,0,,,0,0,0,0,0,E_no_dlt
GCF_015356325.1,Enterococcus faecium,VREA1,Contig,2951,1,1,389,149.6,1,1,1,1,0,A_TM
GCF_040884165.1,Enterococcus faecalis,2048,Contig,3235,1,1,388,178.7,1,1,1,1,0,A_TM
GCF_002253835.1,Limosilactobacillus reuteri subsp. pararodentium,114g,Scaffold,2115,1,0,,,0,0,0,1,1,D_dltE_absent
GCF_018070765.1,Enterococcus faecium,AUSMDU00017847,Contig,2851,1,1,389,149.6,1,1,1,1,0,A_TM
GCF_030214905.2,Enterococcus faecalis,UMB8091,Contig,3081,1,1,388,178.7,1,1,1,1,0,A_TM
GCF_006351065.1,Lactococcus lactis subsp. lactis,DPC 6756,Contig,2372,1,0,,,0,0,0,0,0,D_dltE_absent
GCF_042135515.1,Enterococcus faecalis,628p,Contig,2984,1,1,388,176.4,1,1,1,1,0,A_TM
GCF_037075525.1,Lactococcus lactis subsp. lactis,Douc25,Contig,2535,1,0,,,0,0,0,0,0,D_dltE_absent
GCF_034745215.1,Limosilactobacillus reuteri,KCJ2K2639,Contig,2241,1,0,,,0,0,0,1,1,D_dltE_absent
GCF_055179995.1,Lactococcus lactis subsp. lactis,FAM 17954,Contig,2463,1,0,,,0,0,0,0,0,D_dltE_absent
GCF_015553805.1,Bifidobacterium longum,D52t1_170925_H5,Scaffold,1962,0,0,,,0,0,0,0,0,E_no_dlt
GCF_020785135.1,Limosilactobacillus reuteri subsp. simiae,LR52,Scaffold,2028,1,0,,,0,0,0,1,1,D_dltE_absent
GCF_900157185.1,Bifidobacterium longum,-,Contig,2443,0,0,,,0,0,0,0,0,E_no_dlt
GCF_020784525.1,Limosilactobacillus reuteri subsp. pararodentium,LR92,Scaffold,1937,1,0,,,0,0,0,1,1,D_dltE_absent
GCF_018070725.1,Enterococcus faecium,AUSMDU00018393,Contig,2805,1,1,389,149.6,1,1,1,1,0,A_TM
GCF_031432745.1,Bifidobacterium longum,YMC_19_03_2,Contig,1883,0,0,,,0,0,0,0,0,E_no_dlt
GCF_039754035.1,Bifidobacterium longum,RTP31015st1_A8_RTP31015_201113,Scaffold,1910,0,0,,,0,0,0,0,0,E_no_dlt
GCF_054889625.1,Enterococcus faecium,1709,Contig,2919,1,1,389,149.6,1,1,1,1,0,A_TM
GCF_042135455.1,Enterococcus faecalis,671p,Contig,2966,1,1,388,180.2,1,1,1,1,0,A_TM
GCF_054891005.1,Enterococcus faecium,1713,Contig,2904,1,1,389,149.6,1,1,1,1,0,A_TM
GCF_003046865.1,Enterococcus faecalis,B1376,Contig,3195,1,1,388,178.7,1,1,1,1,0,A_TM
GCF_054889645.1,Enterococcus faecium,1237,Contig,2915,1,1,386,130.7,1,1,1,1,0,A_TM
GCF_005864305.1,Lactococcus lactis subsp. lactis,FAM 17927,Contig,2699,1,0,,,0,0,0,0,0,D_dltE_absent
GCF_003046985.1,Enterococcus faecalis,B1532,Contig,3172,1,1,388,178.7,1,1,1,1,0,A_TM
GCF_925281505.1,Lactococcus lactis subsp. lactis,-,Contig,2332,1,0,,,0,0,0,0,0,D_dltE_absent
GCF_028887705.1,Enterococcus faecium,AUSMDU00023980,Contig,2886,1,1,389,149.6,1,1,1,1,0,A_TM
GCF_046938255.1,Limosilactobacillus reuteri subsp. suis,M767A,Contig,1864,1,0,,,0,0,0,1,1,D_dltE_absent
GCF_000159475.2,Limosilactobacillus reuteri MM4-1A,MM4-1A,Contig,1904,1,0,,,0,0,0,1,1,D_dltE_absent
GCF_037075465.1,Lactococcus lactis subsp. lactis,Tola48,Contig,2442,1,0,,,0,0,0,0,0,D_dltE_absent
GCF_050968785.1,Enterococcus faecalis,Z188-1,Contig,2925,1,1,388,180.2,1,1,1,1,0,A_TM
GCF_019129715.1,Bifidobacterium longum,MSK.17.29,Contig,1853,0,0,,,0,0,0,0,0,E_no_dlt
GCF_039754055.1,Bifidobacterium longum,RTP21489st1_E10_RTP21489_200313,Contig,1895,0,0,,,0,0,0,0,0,E_no_dlt
GCF_046939295.1,Limosilactobacillus reuteri subsp. suis,M495A,Contig,2069,1,0,,,0,0,0,1,1,D_dltE_absent
GCF_053758905.1,Lactococcus lactis subsp. lactis,0985-11,Contig,2454,1,0,,,0,0,0,0,0,D_dltE_absent
GCF_049312815.1,Enterococcus faecalis,LRE9,Contig,2942,1,1,388,180.2,1,1,1,1,0,A_TM
GCF_022809255.1,Enterococcus faecium,MRSN911919,Contig,2933,1,1,389,149.6,1,1,1,1,0,A_TM
GCF_900447835.1,Enterococcus faecalis,NCTC12201,Contig,3222,1,1,388,180.2,1,1,1,1,0,A_TM
GCF_032923335.1,Lactococcus lactis subsp. lactis,RTIII_5_1_8,Contig,2478,1,0,,,0,0,0,0,0,D_dltE_absent
GCF_039753955.1,Bifidobacterium longum,RTP31083st1_E5_RTP31083_211112,Scaffold,1864,0,0,,,0,0,0,0,0,E_no_dlt
GCF_900447755.1,Enterococcus faecalis,NCTC12203,Contig,3087,1,1,388,178.7,1,1,1,1,0,A_TM
GCF_012952285.1,Enterococcus faecium,VRE32524,Contig,2885,1,1,389,149.6,1,1,1,1,0,A_TM
GCF_049313375.1,Enterococcus faecalis,LRE21,Contig,2936,1,1,388,179.7,1,1,1,1,0,A_TM
GCF_046937955.1,Limosilactobacillus reuteri subsp. suis,M832A,Contig,1832,1,0,,,0,0,0,1,1,D_dltE_absent
GCF_046064505.1,Lactococcus lactis subsp. lactis,NRRL B-50572,Scaffold,2611,1,0,,,0,0,0,0,0,D_dltE_absent
GCF_033550025.1,Bifidobacterium longum,16-6-I_4_FM,Contig,2040,0,0,,,0,0,0,0,0,E_no_dlt
GCF_001456725.1,Lactococcus lactis subsp. lactis,KF134,Contig,2337,1,0,,,0,0,0,0,0,D_dltE_absent
GCF_055180535.1,Lactococcus lactis subsp. lactis,FAM 17959,Contig,2577,1,0,,,0,0,0,0,0,D_dltE_absent
GCF_020784805.1,Limosilactobacillus reuteri subsp. simiae,LR67,Scaffold,1963,1,0,,,0,0,0,1,1,D_dltE_absent
GCF_038437015.1,Enterococcus faecalis,Y6,Contig,2981,1,1,388,180.2,1,1,1,1,0,A_TM
GCF_039754255.1,Bifidobacterium longum,RTP21400st1_E1_RTP21400_201112,Scaffold,1962,0,0,,,0,0,0,0,0,E_no_dlt
GCF_046938245.1,Limosilactobacillus reuteri subsp. suis,M751A,Contig,1971,1,0,,,0,0,0,1,1,D_dltE_absent
GCF_002833315.1,Bifidobacterium longum,APC1461,Contig,1925,0,0,,,0,0,0,0,0,E_no_dlt
GCF_042135855.1,Enterococcus faecalis,446p,Contig,2883,1,1,388,170.9,1,1,1,1,0,A_TM
GCF_022809275.1,Enterococcus faecium,MRSN800552,Contig,2854,1,1,389,149.6,1,1,1,1,0,A_TM
GCF_009184265.1,Enterococcus faecium,VRECG18,Contig,2930,1,1,389,149.6,1,1,1,1,0,A_TM
GCF_964249075.1,Bifidobacterium longum,-,Scaffold,2089,0,0,,,0,0,0,0,0,E_no_dlt
GCF_046938495.1,Limosilactobacillus reuteri subsp. suis,M733A,Contig,1817,1,0,,,0,0,0,1,1,D_dltE_absent
GCF_053161035.2,Enterococcus faecium,VRE_12,Contig,3059,1,1,389,149.6,1,1,1,1,0,A_TM
GCF_015557625.1,Bifidobacterium longum,1001175B_160314_B2,Scaffold,1969,0,0,,,0,0,0,0,0,E_no_dlt
GCF_046937795.1,Limosilactobacillus reuteri subsp. suis,M963A,Contig,1670,1,0,,,0,0,0,1,1,D_dltE_absent
GCF_028887635.1,Enterococcus faecium,AUSMDU00015095,Contig,2913,1,1,389,149.6,1,1,1,1,0,A_TM
GCF_925288765.1,Lactococcus lactis subsp. lactis,-,Contig,2328,1,0,,,0,0,0,0,0,D_dltE_absent
